form,control,ctype,text,align,dock,anchor,match,port_hint,status,notes
AliasSectionEditor,LpMain,?,,,System.Windows.Forms.DockStyle.Fill,,none,,GAP?,
AliasSectionEditor,LpActions,?,,,System.Windows.Forms.DockStyle.Fill,,none,,GAP?,
AliasSectionEditor,BtSave,?,"""Save""",,,System.Windows.Forms.AnchorStyles.Left,strong,vaultkeeper/ui/dialogs/wizard_builder.py,AUTO-PORTED,
AliasSectionEditor,BtCancel,?,"""Cancel""",,,System.Windows.Forms.AnchorStyles.Left,none,,GAP?,
AliasSectionEditor,MiStatus,?,"""Information""",,,"CType((System.Windows.Forms.AnchorStyles.Left Or System.Windows.Forms.AnchorStyles.Right), System.Windows.Forms.AnchorStyles)",none,,GAP?,
AliasSectionEditor,BtDelete,?,"""Delete""",,,System.Windows.Forms.AnchorStyles.Left,none,,GAP?,
AliasSectionEditor,LpMainHdg,?,,,System.Windows.Forms.DockStyle.Fill,,none,,GAP?,
AliasSectionEditor,PicAliasEditor,?,,,System.Windows.Forms.DockStyle.Fill,,none,,GAP?,
AliasSectionEditor,LbAliasEditor,?,"resources.GetString(""LbAliasEditor.Text"")",,,"CType((System.Windows.Forms.AnchorStyles.Left Or System.Windows.Forms.AnchorStyles.Right), System.Windows.Forms.AnchorStyles)",none,,GAP?,
AliasSectionEditor,BhAliasEditor,?,,,,System.Windows.Forms.AnchorStyles.Left,none,,GAP?,
AliasSectionEditor,SplitterLine1,?,,,System.Windows.Forms.DockStyle.Top,,none,,GAP?,
AliasSectionEditor,LvFolders,?,,,System.Windows.Forms.DockStyle.Fill,,strong,vaultkeeper/ui/dialogs/installation_analyser.py,AUTO-PORTED,
AliasSectionEditor,ChAlias,?,"""Alias""",,,,none,,GAP?,
AliasSectionEditor,ColumnHeaderPlus1,?,"""Folder Location""",,,,none,,GAP?,
AliasSectionEditor,SplitterLine2,?,,,System.Windows.Forms.DockStyle.Top,,none,,GAP?,
AliasSectionEditor,CmEdit,?,"""Edit""",,,,none,,GAP?,
AliasSectionEditor,CmUndo,?,"""Undo""",,,,none,,GAP?,
AliasSectionEditor,CancelToolStripMenuItem,?,"""Cancel""",,,,none,,GAP?,
AliasSectionEditor,ImCheckBox,ImageList,,,,,none,,GAP?,
AliasSectionEditor,CmMenu,ContextMenuStrip,,,,,none,,GAP?,
AliasSectionEditor,TtControl,LazWorks.Library.Controls.ToolTipPlus,,,,,none,,GAP?,
BackupManager,TlBackupManager,?,,,System.Windows.Forms.DockStyle.Fill,,none,,GAP?,
BackupManager,TlActions,?,,,System.Windows.Forms.DockStyle.Fill,,none,,GAP?,
BackupManager,BtAction,?,"""Restore""",,,,none,,GAP?,
BackupManager,BtDelete,?,"""Delete""",,,,none,,GAP?,
BackupManager,BtCancel,?,"""Cancel""",,,,none,,GAP?,
BackupManager,MlStatus,?,,,,"CType((System.Windows.Forms.AnchorStyles.Left Or System.Windows.Forms.AnchorStyles.Right), System.Windows.Forms.AnchorStyles)",none,,GAP?,
BackupManager,TlBackupManagerHdg,?,,,System.Windows.Forms.DockStyle.Fill,,none,,GAP?,
BackupManager,PicBackupManager,?,,,System.Windows.Forms.DockStyle.Fill,,none,,GAP?,
BackupManager,LbBackupManager,?,"""Manage and view your Data Backups, Exported Settings and Mod Exports""",,,"CType((System.Windows.Forms.AnchorStyles.Left Or System.Windows.Forms.AnchorStyles.Right), System.Windows.Forms.AnchorStyles)",none,,GAP?,
BackupManager,BhBackupManager,?,"""ButtonLabel1""",,,System.Windows.Forms.AnchorStyles.Left,none,,GAP?,
BackupManager,TbBackupManager,?,,,System.Windows.Forms.DockStyle.Fill,,none,,GAP?,
BackupManager,TpBackups,?,"""Data Backups""",,,,none,,GAP?,
BackupManager,TlBackups,?,,,System.Windows.Forms.DockStyle.Fill,,none,,GAP?,
BackupManager,LvBackups,?,,,System.Windows.Forms.DockStyle.Fill,,none,,GAP?,
BackupManager,ColumnHeaderPlus1,?,"""Date Saved""",,,,none,,GAP?,
BackupManager,ColumnHeaderPlus11,?,"""Time Saved""",,,,none,,GAP?,
BackupManager,ColumnHeaderPlus13,?,"""Version""",,,,none,,GAP?,
BackupManager,ColumnHeaderPlus14,?,"""Size""",,,,none,,GAP?,
BackupManager,ColumnHeaderPlus12,?,"""User""",,,,none,,GAP?,
BackupManager,TpSettings,?,"""Exported Settings""",,,,none,,GAP?,
BackupManager,TlSettings,?,,,System.Windows.Forms.DockStyle.Fill,,none,,GAP?,
BackupManager,LvSettings,?,,,System.Windows.Forms.DockStyle.Fill,,none,,GAP?,
BackupManager,ColumnHeaderPlus2,?,"""Date Saved""",,,,none,,GAP?,
BackupManager,ColumnHeaderPlus7,?,"""Time Saved""",,,,none,,GAP?,
BackupManager,ColumnHeaderPlus9,?,"""Version""",,,,none,,GAP?,
BackupManager,ColumnHeaderPlus10,?,"""Size""",,,,none,,GAP?,
BackupManager,ColumnHeaderPlus8,?,"""User""",,,,none,,GAP?,
BackupManager,TpMods,?,"""Exported Mods""",,,,none,,GAP?,
BackupManager,TlMods,?,,,System.Windows.Forms.DockStyle.Fill,,none,,GAP?,
BackupManager,LvMods,?,,,System.Windows.Forms.DockStyle.Fill,,strong,vaultkeeper/ui/controller.py,AUTO-PORTED,
BackupManager,ChModName,?,"""Mod Name""",,,,none,,GAP?,
BackupManager,ChDateSaved,?,"""Date Saved""",,,,none,,GAP?,
BackupManager,ChTimeSaved,?,"""Time Saved""",,,,none,,GAP?,
BackupManager,ChModSize,?,"""Size""",,,,none,,GAP?,
BackupManager,BgBackups,System.ComponentModel.BackgroundWorker,,,,,none,,GAP?,
BackupManager,BgSettings,System.ComponentModel.BackgroundWorker,,,,,none,,GAP?,
BackupManager,BgMods,System.ComponentModel.BackgroundWorker,,,,,none,,GAP?,
BasicSettings,LpMain,?,,,System.Windows.Forms.DockStyle.Fill,,none,,GAP?,
BasicSettings,TbPreferences,?,,,System.Windows.Forms.DockStyle.Fill,,none,,GAP?,
BasicSettings,TpBehaviour,?,"""Behaviour""",,,,none,,GAP?,
BasicSettings,LpBehaviour,?,,,System.Windows.Forms.DockStyle.Fill,,none,,GAP?,
BasicSettings,LbInstallActions,?,"""Install action to take after creating Mod Installers""",,,,none,,GAP?,
BasicSettings,CbInstallAuto,?,"""Always install Mods""",,,System.Windows.Forms.AnchorStyles.Left,none,,GAP?,
BasicSettings,CbInstallRestore,?,"""Only install Mods that were already installed""",,,System.Windows.Forms.AnchorStyles.Left,none,,GAP?,
BasicSettings,LbStartupActions,?,"""Actions to take when you start the Installer Tool""",,,,none,,GAP?,
BasicSettings,RbWindowRestore,?,"""Restore Window position and layout""",,,,none,,GAP?,
BasicSettings,RbWindowDefault,?,"""Use default Window position and layout""",,,,none,,GAP?,
BasicSettings,CbPlayStartSound,?,"""Play NIT's start-up sound""",,,,none,,GAP?,
BasicSettings,LbPlayNwn,?,"""Actions to take when you start and close Neverwinter Nights""",,,,none,,GAP?,
BasicSettings,CbBehaviourSelectGameMod,?,"""Select the Mod being played when you press Play Neverwinter Nights""",,,System.Windows.Forms.AnchorStyles.Left,none,,GAP?,
BasicSettings,CbBehaviourAutoCharacter,?,"""Create Character Restorers automatically when you close Neverwinter Nights""",,,,none,,GAP?,
BasicSettings,CbCopyDebugModeOnPlay,?,"""Copy DebugMode 1 to the clipboard when playing an existing Neverwinter Nights gam"" &",,,System.Windows.Forms.AnchorStyles.Left,none,,GAP?,
BasicSettings,CbConfigCopyOnPlay,?,"""Copy the Mod name to the clipboard when starting a new Neverwinter Nights game""",,,System.Windows.Forms.AnchorStyles.Left,none,,GAP?,
BasicSettings,TpUserInterface,?,"""User Interface""",,,,none,,GAP?,
BasicSettings,LpUserInterface,?,,,System.Windows.Forms.DockStyle.Fill,,none,,GAP?,
BasicSettings,LbSplitterLine,?,"""Thickness of line used to change panel size""",,,,none,,GAP?,
BasicSettings,RbDefaultLine,?,"""Default line thickness""",,,,none,,GAP?,
BasicSettings,RbMediumLine,?,"""Medium line thickness""",,,,none,,GAP?,
BasicSettings,RbLargeLine,?,"""Large line thickness""",,,,none,,GAP?,
BasicSettings,RbExtraLargeLine,?,"""Extra large line thickness""",,,,none,,GAP?,
BasicSettings,LnSample,?,,,System.Windows.Forms.DockStyle.Top,,none,,GAP?,
BasicSettings,LpActions,?,,,System.Windows.Forms.DockStyle.Fill,,none,,GAP?,
BasicSettings,BtCancel,?,"""Cancel""",,,,none,,GAP?,
BasicSettings,BtApply,?,"""Apply""",,,,comment,vaultkeeper/ui/dialogs/character_filter.py,AUTO-PORTED,matched in comment/docstring
BasicSettings,BtAdvanced,?,"""Advanced""",,,,none,,GAP?,
BasicSettings,LpHeading,?,,,System.Windows.Forms.DockStyle.Fill,,none,,GAP?,
BasicSettings,LbHeading,?,"""Change selected Behaviour and User Interface Preferences""",,,"CType((System.Windows.Forms.AnchorStyles.Left Or System.Windows.Forms.AnchorStyles.Right), System.Windows.Forms.AnchorStyles)",strong,vaultkeeper/ui/dialogs/doc_organiser.py | vaultkeeper/ui/dialogs/mod_play_viewer.py,AUTO-PORTED,
BasicSettings,PicHeading,?,,,System.Windows.Forms.DockStyle.Fill,,none,,GAP?,
BasicSettings,BhBasicSettings,?,"""ButtonLabel1""",,,System.Windows.Forms.AnchorStyles.Left,strong,vaultkeeper/ui/dialogs/settings_dialog.py,AUTO-PORTED,
BasicSettings,BtSelection,?,"""Selection""",,,,none,,GAP?,
BasicSettings,TtSettings,LazWorks.Library.Controls.ToolTipPlus,,,,,none,,GAP?,
BasicSettings,CmTheme,ContextMenuStrip,,,,,none,,GAP?,
BikToWbmDialogue,LpMain,?,,,System.Windows.Forms.DockStyle.Fill,,none,,GAP?,
BikToWbmDialogue,LpActions,?,,,System.Windows.Forms.DockStyle.Fill,,none,,GAP?,
BikToWbmDialogue,BtCancel,?,"""Cancel""",,,CType(((System.Windows.Forms.AnchorStyles.Bottom Or System.Windows.Forms.AnchorStyles.Left) _,none,,GAP?,
BikToWbmDialogue,LbOperation,?,"""Converting bik movie files to wbm format...""",,,"CType((System.Windows.Forms.AnchorStyles.Left Or System.Windows.Forms.AnchorStyles.Right), System.Windows.Forms.AnchorStyles)",none,,GAP?,
BikToWbmDialogue,PbInfo,?,"""Converted 1 of 10 bik files""",,,"CType((System.Windows.Forms.AnchorStyles.Left Or System.Windows.Forms.AnchorStyles.Right), System.Windows.Forms.AnchorStyles)",none,,GAP?,
BikToWbmDialogue,LbFolder,?,"""Folder Name""",,,"CType((System.Windows.Forms.AnchorStyles.Left Or System.Windows.Forms.AnchorStyles.Right), System.Windows.Forms.AnchorStyles)",none,,GAP?,
BikToWbmDialogue,LbFilename,?,"""Filename""",,,"CType((System.Windows.Forms.AnchorStyles.Left Or System.Windows.Forms.AnchorStyles.Right), System.Windows.Forms.AnchorStyles)",none,,GAP?,
BikToWbmDialogue,BgConverter,System.ComponentModel.BackgroundWorker,,,,,strong,vaultkeeper/game/bik_convert.py | vaultkeeper/game/installer_build.py | vaultkeeper/ui/controller.py,AUTO-PORTED,
CalculateCRCs,tlCRC,?,,,System.Windows.Forms.DockStyle.Fill,,none,,GAP?,
CalculateCRCs,lbFolder,?,"""Folder (NWN\Ambient)""",,,"CType((System.Windows.Forms.AnchorStyles.Left Or System.Windows.Forms.AnchorStyles.Right), System.Windows.Forms.AnchorStyles)",none,,GAP?,
CalculateCRCs,lbMod,?,"""Processing: Modname""",,,"CType((System.Windows.Forms.AnchorStyles.Left Or System.Windows.Forms.AnchorStyles.Right), System.Windows.Forms.AnchorStyles)",none,,GAP?,
CalculateCRCs,lbOperation,?,"""Operation (Calculating file CRCs)""",,,"CType((System.Windows.Forms.AnchorStyles.Left Or System.Windows.Forms.AnchorStyles.Right), System.Windows.Forms.AnchorStyles)",none,,GAP?,
CalculateCRCs,lbFileName,?,"""Filename""",,,"CType((System.Windows.Forms.AnchorStyles.Left Or System.Windows.Forms.AnchorStyles.Right), System.Windows.Forms.AnchorStyles)",none,,GAP?,
CalculateCRCs,lbMod1,?,"""Processing: Modname 1""",,,"CType((System.Windows.Forms.AnchorStyles.Left Or System.Windows.Forms.AnchorStyles.Right), System.Windows.Forms.AnchorStyles)",none,,GAP?,
CalculateCRCs,lbFolder1,?,"""Folder 1""",,,"CType((System.Windows.Forms.AnchorStyles.Left Or System.Windows.Forms.AnchorStyles.Right), System.Windows.Forms.AnchorStyles)",none,,GAP?,
CalculateCRCs,lbFileName1,?,"""Filename 1""",,,"CType((System.Windows.Forms.AnchorStyles.Left Or System.Windows.Forms.AnchorStyles.Right), System.Windows.Forms.AnchorStyles)",none,,GAP?,
CalculateCRCs,lbMod2,?,"""Processing: Modname 2""",,,"CType((System.Windows.Forms.AnchorStyles.Left Or System.Windows.Forms.AnchorStyles.Right), System.Windows.Forms.AnchorStyles)",none,,GAP?,
CalculateCRCs,lbFolder2,?,"""Folder 2""",,,"CType((System.Windows.Forms.AnchorStyles.Left Or System.Windows.Forms.AnchorStyles.Right), System.Windows.Forms.AnchorStyles)",none,,GAP?,
CalculateCRCs,lbFileName2,?,"""Filename 2""",,,"CType((System.Windows.Forms.AnchorStyles.Left Or System.Windows.Forms.AnchorStyles.Right), System.Windows.Forms.AnchorStyles)",none,,GAP?,
CalculateCRCs,lbMod3,?,"""Processing: Modname 3""",,,"CType((System.Windows.Forms.AnchorStyles.Left Or System.Windows.Forms.AnchorStyles.Right), System.Windows.Forms.AnchorStyles)",none,,GAP?,
CalculateCRCs,lbFolder3,?,"""Folder 3""",,,"CType((System.Windows.Forms.AnchorStyles.Left Or System.Windows.Forms.AnchorStyles.Right), System.Windows.Forms.AnchorStyles)",none,,GAP?,
CalculateCRCs,lbFileName3,?,"""Filename 3""",,,"CType((System.Windows.Forms.AnchorStyles.Left Or System.Windows.Forms.AnchorStyles.Right), System.Windows.Forms.AnchorStyles)",none,,GAP?,
CalculateCRCs,tlActions,?,,,System.Windows.Forms.DockStyle.Fill,,none,,GAP?,
CalculateCRCs,btCancel,?,"""Cancel""",,,CType(((System.Windows.Forms.AnchorStyles.Bottom Or System.Windows.Forms.AnchorStyles.Left) _,none,,GAP?,
CalculateCRCs,pbInfo,?,"""Progress Information""",,,"CType((System.Windows.Forms.AnchorStyles.Left Or System.Windows.Forms.AnchorStyles.Right), System.Windows.Forms.AnchorStyles)",none,,GAP?,
CalculateCRCs,bgCalculateCRC,System.ComponentModel.BackgroundWorker,,,,,none,,GAP?,
CalculateCRCs,bgCalculateCRC1,System.ComponentModel.BackgroundWorker,,,,,none,,GAP?,
CalculateCRCs,bgCalculateCRC2,System.ComponentModel.BackgroundWorker,,,,,none,,GAP?,
CalculateCRCs,bgCalculateCRC3,System.ComponentModel.BackgroundWorker,,,,,none,,GAP?,
CalculateCRCs,bgSecondCounter,System.ComponentModel.BackgroundWorker,,,,,none,,GAP?,
CharacterFilter,LpMain,?,,,System.Windows.Forms.DockStyle.Fill,,none,,GAP?,
CharacterFilter,LbLevel,?,"""Character Level Filter""",,,,none,,GAP?,
CharacterFilter,LbClass,?,"""Character Class Filter""",,,,none,,GAP?,
CharacterFilter,LvClassNames,?,,,System.Windows.Forms.DockStyle.Fill,,none,,GAP?,
CharacterFilter,ChClassNames,?,"""Class Names""",,,,none,,GAP?,
CharacterFilter,CmClear,?,"""Clear all marked classes""",,,,none,,GAP?,
CharacterFilter,LpLevelFilter,?,,,System.Windows.Forms.DockStyle.Fill,,none,,GAP?,
CharacterFilter,TxLevel,?,,,System.Windows.Forms.DockStyle.Top,,strong,vaultkeeper/ui/controller.py | vaultkeeper/ui/dialogs/character_filter.py,AUTO-PORTED,
CharacterFilter,LbLevelHelp,?,"""Label1""",,,,none,,GAP?,
CharacterFilter,LpActions,?,,,System.Windows.Forms.DockStyle.Fill,,none,,GAP?,
CharacterFilter,BtCancel,?,"""Cancel""",,,System.Windows.Forms.AnchorStyles.Left,none,,GAP?,
CharacterFilter,BtApply,?,"""Apply""",,,System.Windows.Forms.AnchorStyles.Left,comment,vaultkeeper/ui/dialogs/character_filter.py,AUTO-PORTED,matched in comment/docstring
CharacterFilter,MsgStatus,?,"""Status""",,,"CType((System.Windows.Forms.AnchorStyles.Left Or System.Windows.Forms.AnchorStyles.Right), System.Windows.Forms.AnchorStyles)",none,,GAP?,
CharacterFilter,BtReset,?,"""Reset""",,,System.Windows.Forms.AnchorStyles.Left,strong,vaultkeeper/ui/dialogs/character_filter.py,AUTO-PORTED,
CharacterFilter,SplitterLine1,?,,,System.Windows.Forms.DockStyle.Top,,none,,GAP?,
CharacterFilter,CmClassMenu,ContextMenuStrip,,,,,none,,GAP?,
CharacterViewer,LpMain,?,,,System.Windows.Forms.DockStyle.Fill,,none,,GAP?,
CharacterViewer,LpActions,?,,,System.Windows.Forms.DockStyle.Fill,,none,,GAP?,
CharacterViewer,BtSelect,?,"""Restorer""",,,System.Windows.Forms.AnchorStyles.Left,none,,GAP?,
CharacterViewer,BtClose,?,"""Close""",,,System.Windows.Forms.AnchorStyles.Left,none,,GAP?,
CharacterViewer,CbRanked,?,"""Only show Ranked Skills""",,,System.Windows.Forms.AnchorStyles.Left,none,,GAP?,
CharacterViewer,BtDescription,?,"""Description""",,,System.Windows.Forms.AnchorStyles.Left,none,,GAP?,
CharacterViewer,LcbFilter,?,"""Show all Levels""",,,System.Windows.Forms.AnchorStyles.Left,strong,vaultkeeper/game/character_filter.py | vaultkeeper/ui/dialogs/character_viewer.py,AUTO-PORTED,
CharacterViewer,LsbCharacters,?,,,,System.Windows.Forms.AnchorStyles.Left,none,,GAP?,
CharacterViewer,LvCharacters,?,,,System.Windows.Forms.DockStyle.Fill,,none,,GAP?,
CharacterViewer,ColumnHeaderPlus1,?,"""Files""",,,,none,,GAP?,
CharacterViewer,TsMenu,?,"""ToolStrip1""",,System.Windows.Forms.DockStyle.None,System.Windows.Forms.AnchorStyles.Left,none,,GAP?,
CharacterViewer,TsClipboard,?,,,,,none,,GAP?,
CharacterViewer,TsCopyDetails,?,"""Copy Summary Details to the Clipboard""",,,,none,,GAP?,
CharacterViewer,TsCopyLevel,?,"""Copy Level Summary to the Clipboard""",,,,none,,GAP?,
CharacterViewer,LpCharacterInfo,?,,,System.Windows.Forms.DockStyle.Fill,,none,,GAP?,
CharacterViewer,TabCharacter,?,,,System.Windows.Forms.DockStyle.Fill,,none,,GAP?,
CharacterViewer,TabSummary,?,"""Summary""",,,,none,,GAP?,
CharacterViewer,LbInfo,?,"""Character Info""",,,,none,,GAP?,
CharacterViewer,TabSkills,?,"""Skills""",,,,none,,GAP?,
CharacterViewer,LvSkills,?,,,System.Windows.Forms.DockStyle.Fill,,strong,vaultkeeper/game/character_reference.py,AUTO-PORTED,
CharacterViewer,SkillCol,?,"""Skill""",,,,none,,GAP?,
CharacterViewer,ColumnHeaderPlus2,?,"""Rank""",,,,none,,GAP?,
CharacterViewer,CmViewDescription,?,"""View Description""",,,,none,,GAP?,
CharacterViewer,TabFeats,?,"""Feats""",,,,none,,GAP?,
CharacterViewer,LvFeats,?,,,System.Windows.Forms.DockStyle.Fill,,strong,vaultkeeper/game/character_reference.py,AUTO-PORTED,
CharacterViewer,PicPortrait,?,,,,,none,,GAP?,
CharacterViewer,CmOpenPortraitManager,?,"""Open in Portrait Manager""",,,,none,,GAP?,
CharacterViewer,PnCharacters,?,,,System.Windows.Forms.DockStyle.Fill,,none,,GAP?,
CharacterViewer,SplitterLine1,?,,,System.Windows.Forms.DockStyle.Top,,none,,GAP?,
CharacterViewer,TtCommon,LazWorks.Library.Controls.ToolTipPlus,,,,,none,,GAP?,
CharacterViewer,ColumnHeaderPlus3,LazWorks.Library.ListViews.ColumnHeaderPlus,,,,,none,,GAP?,
CharacterViewer,CmDescription,ContextMenuStrip,,,,,none,,GAP?,
CharacterViewer,CmCharacterInfo,ContextMenuStrip,,,,,none,,GAP?,
CharacterViewer,CmPortrait,ContextMenuStrip,,,,,none,,GAP?,
ClassesSkillsAndFeats,LpMain,?,,,System.Windows.Forms.DockStyle.Fill,,none,,GAP?,
ClassesSkillsAndFeats,LpActions,?,,,System.Windows.Forms.DockStyle.Fill,,none,,GAP?,
ClassesSkillsAndFeats,BtClose,?,"""Close""",,,System.Windows.Forms.AnchorStyles.Left,none,,GAP?,
ClassesSkillsAndFeats,LsbFeats,?,,,,System.Windows.Forms.AnchorStyles.Left,none,,GAP?,
ClassesSkillsAndFeats,LvFeats,?,,,System.Windows.Forms.DockStyle.Fill,,strong,vaultkeeper/game/character_reference.py,AUTO-PORTED,
ClassesSkillsAndFeats,ColumnHeaderPlus1,?,"""Feats""",,,,none,,GAP?,
ClassesSkillsAndFeats,LsbSkills,?,,,,System.Windows.Forms.AnchorStyles.Left,none,,GAP?,
ClassesSkillsAndFeats,LvSkills,?,,,System.Windows.Forms.DockStyle.Fill,,strong,vaultkeeper/game/character_reference.py,AUTO-PORTED,
ClassesSkillsAndFeats,SkillCol,?,"""Skills""",,,,none,,GAP?,
ClassesSkillsAndFeats,LsbClasses,?,,,,System.Windows.Forms.AnchorStyles.Left,none,,GAP?,
ClassesSkillsAndFeats,LvClasses,?,,,System.Windows.Forms.DockStyle.Fill,,strong,vaultkeeper/game/character_reference.py,AUTO-PORTED,
ClassesSkillsAndFeats,ColumnHeaderPlus2,?,"""Classes""",,,,none,,GAP?,
ClassesSkillsAndFeats,TabMain,?,,,System.Windows.Forms.DockStyle.Fill,,none,,GAP?,
ClassesSkillsAndFeats,TpClasses,?,"""Classes""",,,,none,,GAP?,
ClassesSkillsAndFeats,TableLayoutPanel1,?,,,System.Windows.Forms.DockStyle.Fill,,none,,GAP?,
ClassesSkillsAndFeats,SplitterLine3,?,,,,,none,,GAP?,
ClassesSkillsAndFeats,LbClass,?,"""Description""",,System.Windows.Forms.DockStyle.Fill,,none,,GAP?,
ClassesSkillsAndFeats,TpSkills,?,"""Skills""",,,,none,,GAP?,
ClassesSkillsAndFeats,LpSkills,?,,,System.Windows.Forms.DockStyle.Fill,,none,,GAP?,
ClassesSkillsAndFeats,SplitterLine1,?,,,,,none,,GAP?,
ClassesSkillsAndFeats,LbSkill,?,"""Description""",,System.Windows.Forms.DockStyle.Fill,,none,,GAP?,
ClassesSkillsAndFeats,TpFeats,?,"""Feats""",,,,none,,GAP?,
ClassesSkillsAndFeats,LpFeats,?,,,System.Windows.Forms.DockStyle.Fill,,none,,GAP?,
ClassesSkillsAndFeats,SplitterLine2,?,,,,,none,,GAP?,
ClassesSkillsAndFeats,LbFeat,?,"""Description""",,System.Windows.Forms.DockStyle.Fill,,none,,GAP?,
CommonFiltersDialogue,LpMain,?,,,System.Windows.Forms.DockStyle.Fill,,none,,GAP?,
CommonFiltersDialogue,LpActions,?,,,System.Windows.Forms.DockStyle.Fill,,none,,GAP?,
CommonFiltersDialogue,BtApply,?,"""Apply""",,,,comment,vaultkeeper/ui/dialogs/character_filter.py,AUTO-PORTED,matched in comment/docstring
CommonFiltersDialogue,BtCancel,?,"""Cancel""",,,,none,,GAP?,
CommonFiltersDialogue,LpMainHeading,?,,,System.Windows.Forms.DockStyle.Fill,,none,,GAP?,
CommonFiltersDialogue,PicFilters,?,,,System.Windows.Forms.DockStyle.Fill,,none,,GAP?,
CommonFiltersDialogue,LbFilters,?,"""Apply filters to Mod lists. Clear the tick boxes to exclude Groups or Ratings fro"" &",,,"CType((System.Windows.Forms.AnchorStyles.Left Or System.Windows.Forms.AnchorStyles.Right), System.Windows.Forms.AnchorStyles)",none,,GAP?,
CommonFiltersDialogue,BhFilters,?,"""ButtonLabel1""",,,System.Windows.Forms.AnchorStyles.Left,none,,GAP?,
CommonFiltersDialogue,SplitterLine1,?,,,System.Windows.Forms.DockStyle.Top,,none,,GAP?,
CommonFiltersDialogue,SplitterLine2,?,,,System.Windows.Forms.DockStyle.Top,,none,,GAP?,
CommonFiltersDialogue,LpFilterLists,?,,,System.Windows.Forms.DockStyle.Fill,,none,,GAP?,
CommonFiltersDialogue,LvRatingFilters,?,,,System.Windows.Forms.DockStyle.Fill,,none,,GAP?,
CommonFiltersDialogue,ColumnHeaderPlus2,?,"""Ratings""",,,,none,,GAP?,
CommonFiltersDialogue,SplitterLine3,?,,,,,none,,GAP?,
CommonFiltersDialogue,LvGroupFilters,?,,,System.Windows.Forms.DockStyle.Fill,,none,,GAP?,
CommonFiltersDialogue,ColumnHeaderPlus1,?,"""Group Names""",,,,none,,GAP?,
CommonFiltersDialogue,ImDefaultCheckBox,ImageList,,,,,none,,GAP?,
CrashDumpManager,LpMain,?,,,System.Windows.Forms.DockStyle.Fill,,none,,GAP?,
CrashDumpManager,LpActions,?,,,System.Windows.Forms.DockStyle.Fill,,none,,GAP?,
CrashDumpManager,BtClose,?,"""&Close""",,,,none,,GAP?,
CrashDumpManager,BtDeleteAll,?,"""Delete &All""",,,,none,,GAP?,
CrashDumpManager,BtDelete,?,"""&Delete""",,,,none,,GAP?,
CrashDumpManager,BtSubmit,?,"""&Submit""",,,,none,,GAP?,
CrashDumpManager,LvCrashFiles,?,,,System.Windows.Forms.DockStyle.Fill,,none,,GAP?,
CrashDumpManager,ColumnHeaderPlus1,?,"""Date and Time of Crash""",,,,none,,GAP?,
CrashDumpManager,SplitterLine1,?,,,System.Windows.Forms.DockStyle.Top,,none,,GAP?,
CrashDumpManager,LbInfo,?,"""Optional information""",,,System.Windows.Forms.AnchorStyles.Left,none,,GAP?,
CrashDumpManager,BgOpenSupportPage,System.ComponentModel.BackgroundWorker,,,,,none,,GAP?,
CrashDumpManager,TtHelp,LazWorks.Library.Controls.ToolTipPlus,,,,,none,,GAP?,
CreateInstaller,TlCreateInstaller,?,,,System.Windows.Forms.DockStyle.Fill,,none,,GAP?,
CreateInstaller,TlActions,?,,,System.Windows.Forms.DockStyle.Fill,,none,,GAP?,
CreateInstaller,BtCancel,?,"""Cancel""",,,CType(((System.Windows.Forms.AnchorStyles.Bottom Or System.Windows.Forms.AnchorStyles.Left) _,none,,GAP?,
CreateInstaller,LbOperation,?,"""Operation (Analysing, Extracting)...""",,,"CType((System.Windows.Forms.AnchorStyles.Left Or System.Windows.Forms.AnchorStyles.Right), System.Windows.Forms.AnchorStyles)",none,,GAP?,
CreateInstaller,PbInfo,?,"""Extracting 1 of 10 compressed files""",,,"CType((System.Windows.Forms.AnchorStyles.Left Or System.Windows.Forms.AnchorStyles.Right), System.Windows.Forms.AnchorStyles)",none,,GAP?,
CreateInstaller,LbModname,?,"""Mod Name""",,,"CType((System.Windows.Forms.AnchorStyles.Left Or System.Windows.Forms.AnchorStyles.Right), System.Windows.Forms.AnchorStyles)",none,,GAP?,
CreateInstaller,LbFilename,?,"""Filename or Folder\Filename""",,,"CType((System.Windows.Forms.AnchorStyles.Left Or System.Windows.Forms.AnchorStyles.Right), System.Windows.Forms.AnchorStyles)",none,,GAP?,
CreateInstaller,BgScanner,System.ComponentModel.BackgroundWorker,,,,,strong,vaultkeeper/game/installer_build.py,AUTO-PORTED,
CreateInstaller,BgExtractor,System.ComponentModel.BackgroundWorker,,,,,strong,vaultkeeper/game/installer_build.py,AUTO-PORTED,
CreateInstaller,BgAnalyser,System.ComponentModel.BackgroundWorker,,,,,strong,vaultkeeper/game/installer_build.py,AUTO-PORTED,
CreateInstaller,BgCreate,System.ComponentModel.BackgroundWorker,,,,,none,,GAP?,
CreateInstaller,BgConverter,System.ComponentModel.BackgroundWorker,,,,,strong,vaultkeeper/game/bik_convert.py | vaultkeeper/game/installer_build.py | vaultkeeper/ui/controller.py,AUTO-PORTED,
CreateMissingInstallers,LpMain,?,,,System.Windows.Forms.DockStyle.Fill,,none,,GAP?,
CreateMissingInstallers,LbInstructions,?,"""Set or clear the tick (check or uncheck) to specify the action to take for each M"" &",,,"CType((System.Windows.Forms.AnchorStyles.Left Or System.Windows.Forms.AnchorStyles.Right), System.Windows.Forms.AnchorStyles)",strong,vaultkeeper/ui/dialogs/create_missing_installers.py,AUTO-PORTED,
CreateMissingInstallers,LpActions,?,,,System.Windows.Forms.DockStyle.Fill,,none,,GAP?,
CreateMissingInstallers,BtCreate,?,"""Create""",,,,strong,vaultkeeper/ui/controller.py,AUTO-PORTED,
CreateMissingInstallers,BtCancel,?,"""Cancel""",,,,none,,GAP?,
CreateMissingInstallers,MgInfo,?,"""Info""",,,"CType((System.Windows.Forms.AnchorStyles.Left Or System.Windows.Forms.AnchorStyles.Right), System.Windows.Forms.AnchorStyles)",strong,vaultkeeper/ui/status_bar.py,AUTO-PORTED,
CreateMissingInstallers,SplitterLine1,?,,,System.Windows.Forms.DockStyle.Top,,none,,GAP?,
CreateMissingInstallers,LvModNames,?,,,System.Windows.Forms.DockStyle.Fill,,none,,GAP?,
CreateMissingInstallers,ChModNames,?,"""Mods that do not have an Installer""",,,,none,,GAP?,
CreateMissingInstallers,ColumnHeaderPlus2,?,"""Action""",,,,none,,GAP?,
CreateMissingInstallers,CmSelectAll,?,"""Select All""",,,,none,,GAP?,
CreateMissingInstallers,CbExcludes,?,"""Include Mods previously excluded""",,,System.Windows.Forms.AnchorStyles.Left,none,,GAP?,
CreateMissingInstallers,SplitterLine3,?,,,System.Windows.Forms.DockStyle.Top,,none,,GAP?,
CreateMissingInstallers,ImCheckBoxes,ImageList,,,,,none,,GAP?,
CreateMissingInstallers,CmModList,ContextMenuStrip,,,,,none,,GAP?,
CreateNwnFolder,TxTarget,?,,,,"CType((System.Windows.Forms.AnchorStyles.Left Or System.Windows.Forms.AnchorStyles.Right), System.Windows.Forms.AnchorStyles)",none,,GAP?,
CreateNwnFolder,BuTarget,?,,,,System.Windows.Forms.AnchorStyles.Left,none,,GAP?,
CreateNwnFolder,BuSource,?,,,,System.Windows.Forms.AnchorStyles.Left,none,,GAP?,
CreateNwnFolder,TlActions,?,,,System.Windows.Forms.DockStyle.Fill,,none,,GAP?,
CreateNwnFolder,BtSave,?,"""Create""",,,"CType((System.Windows.Forms.AnchorStyles.Left Or System.Windows.Forms.AnchorStyles.Right), System.Windows.Forms.AnchorStyles)",strong,vaultkeeper/ui/dialogs/wizard_builder.py,AUTO-PORTED,
CreateNwnFolder,BtCancel,?,"""Cancel""",,,"CType((System.Windows.Forms.AnchorStyles.Left Or System.Windows.Forms.AnchorStyles.Right), System.Windows.Forms.AnchorStyles)",none,,GAP?,
CreateNwnFolder,MlErrors,?,"""Error messages""",,,"CType((System.Windows.Forms.AnchorStyles.Left Or System.Windows.Forms.AnchorStyles.Right), System.Windows.Forms.AnchorStyles)",none,,GAP?,
CreateNwnFolder,TxSource,?,,,,"CType((System.Windows.Forms.AnchorStyles.Left Or System.Windows.Forms.AnchorStyles.Right), System.Windows.Forms.AnchorStyles)",none,,GAP?,
CreateNwnFolder,CbDefaultSource,?,"""&Make this this the default """"Copy from"""" folder""",,,System.Windows.Forms.AnchorStyles.Left,none,,GAP?,
CreateNwnFolder,LpMain,?,,,System.Windows.Forms.DockStyle.Fill,,none,,GAP?,
CreateNwnFolder,LbInfo,?,"""Create a Neverwinter Nights Installation or Enhanced Edition User Files folder.""",,,,none,,GAP?,
CreateNwnFolder,LpFolders,?,,,System.Windows.Forms.DockStyle.Fill,,none,,GAP?,
CreateNwnFolder,LbNwnFolder,?,"""&NWN Folder:""",System.Drawing.ContentAlignment.TopRight,,"CType((System.Windows.Forms.AnchorStyles.Left Or System.Windows.Forms.AnchorStyles.Right), System.Windows.Forms.AnchorStyles)",none,,GAP?,
CreateNwnFolder,LbSourceFolder,?,"""Copy &from:""",System.Drawing.ContentAlignment.TopRight,,"CType((System.Windows.Forms.AnchorStyles.Left Or System.Windows.Forms.AnchorStyles.Right), System.Windows.Forms.AnchorStyles)",none,,GAP?,
CreateNwnFolder,SplitterLine3,?,,,System.Windows.Forms.DockStyle.Top,,none,,GAP?,
CreateNwnFolder,SplitterLine4,?,,,System.Windows.Forms.DockStyle.Top,,none,,GAP?,
CreateNwnFolder,LbHelp,?,"""Enter the path of the folder containing the Enhanced Edition User Files you want "" &",,,,none,,GAP?,
CreateNwnFolder,SplitterLine1,?,,,System.Windows.Forms.DockStyle.Top,,none,,GAP?,
DependencyManager,LpMain,?,,,System.Windows.Forms.DockStyle.Fill,,none,,GAP?,
DependencyManager,LpActionButtons,?,,,System.Windows.Forms.DockStyle.Fill,,none,,GAP?,
DependencyManager,BtCancel,?,"""Cancel""",,,,none,,GAP?,
DependencyManager,BtSave,?,"""Save""",,,,strong,vaultkeeper/ui/dialogs/wizard_builder.py,AUTO-PORTED,
DependencyManager,MlStatus,?,"""Status Text""",,,"CType((System.Windows.Forms.AnchorStyles.Left Or System.Windows.Forms.AnchorStyles.Right), System.Windows.Forms.AnchorStyles)",none,,GAP?,
DependencyManager,BtAuto,?,"""Auto""",,,,strong,vaultkeeper/ui/dialogs/dependency_editor.py,AUTO-PORTED,
DependencyManager,LpMainHeading,?,,,System.Windows.Forms.DockStyle.Fill,,none,,GAP?,
DependencyManager,PicHeading,?,,,System.Windows.Forms.DockStyle.Fill,,none,,GAP?,
DependencyManager,LbHeading,?,"""Manage the Mods that must be installed to play ModName""",,,"CType((System.Windows.Forms.AnchorStyles.Left Or System.Windows.Forms.AnchorStyles.Right), System.Windows.Forms.AnchorStyles)",strong,vaultkeeper/ui/dialogs/doc_organiser.py | vaultkeeper/ui/dialogs/mod_play_viewer.py,AUTO-PORTED,
DependencyManager,TsActions,?,,,System.Windows.Forms.DockStyle.None,System.Windows.Forms.AnchorStyles.Left,none,,GAP?,
DependencyManager,TsModDependenciesReport,?,,,,,none,,GAP?,
DependencyManager,BhDependencyManager,?,,,,,strong,vaultkeeper/ui/dialogs/dependency_editor.py | vaultkeeper/ui/dialogs/dependency_manager.py,AUTO-PORTED,
DependencyManager,LpListViews,?,,,System.Windows.Forms.DockStyle.Fill,,none,,GAP?,
DependencyManager,LvDependencies,?,,,System.Windows.Forms.DockStyle.Fill,,strong,vaultkeeper/ui/controller.py,AUTO-PORTED,
DependencyManager,ChDependencies,?,"""Dependencies""",,,,none,,GAP?,
DependencyManager,LvMods,?,,,System.Windows.Forms.DockStyle.Fill,,strong,vaultkeeper/ui/controller.py,AUTO-PORTED,
DependencyManager,ChMods,?,"""Mods""",,,,none,,GAP?,
DependencyManager,LvGroups,?,,,System.Windows.Forms.DockStyle.Fill,,strong,vaultkeeper/ui/controller.py,AUTO-PORTED,
DependencyManager,ChGroups,?,"""Groups""",,,,none,,GAP?,
DependencyManager,SplitterLine3,?,,,,,none,,GAP?,
DependencyManager,SplitterLine4,?,,,,,none,,GAP?,
DependencyManager,SplitterLine1,?,,,System.Windows.Forms.DockStyle.Top,,none,,GAP?,
DependencyManager,SplitterLine2,?,,,System.Windows.Forms.DockStyle.Top,,none,,GAP?,
DependencyManager,ImCheckBoxes,ImageList,,,,,none,,GAP?,
DocOrganiser,LpMain,?,,,System.Windows.Forms.DockStyle.Fill,,none,,GAP?,
DocOrganiser,LpActions,?,,,System.Windows.Forms.DockStyle.Fill,,none,,GAP?,
DocOrganiser,BtCopy,?,"""Copy""",,,,strong,vaultkeeper/ui/dialogs/doc_organiser.py,AUTO-PORTED,
DocOrganiser,BtCancel,?,"""Close""",,,,none,,GAP?,
DocOrganiser,PbInfo,?,,,System.Windows.Forms.DockStyle.Fill,,none,,GAP?,
DocOrganiser,BtNext,?,"""Next""",,,,none,,GAP?,
DocOrganiser,LpHeading,?,,,System.Windows.Forms.DockStyle.Fill,,none,,GAP?,
DocOrganiser,PicHeading,?,,,System.Windows.Forms.DockStyle.Fill,,none,,GAP?,
DocOrganiser,LbHeading,?,"""Copy Mod information documents (ReadMe, Walkthrough, etc) from the Downloads fold"" &",,,"CType((System.Windows.Forms.AnchorStyles.Left Or System.Windows.Forms.AnchorStyles.Right), System.Windows.Forms.AnchorStyles)",strong,vaultkeeper/ui/dialogs/doc_organiser.py | vaultkeeper/ui/dialogs/mod_play_viewer.py,AUTO-PORTED,
DocOrganiser,BhDocManager,?,"""ButtonLabel1""",,,System.Windows.Forms.AnchorStyles.Left,strong,vaultkeeper/ui/dialogs/doc_organiser.py,AUTO-PORTED,
DocOrganiser,SplitterLine1,?,,,System.Windows.Forms.DockStyle.Top,,none,,GAP?,
DocOrganiser,SplitterLine3,?,,,System.Windows.Forms.DockStyle.Top,,none,,GAP?,
DocOrganiser,LpDocLists,?,,,System.Windows.Forms.DockStyle.Fill,,none,,GAP?,
DocOrganiser,LpTextDisplay,?,,,System.Windows.Forms.DockStyle.Fill,,none,,GAP?,
DocOrganiser,SplitterLine7,?,,,System.Windows.Forms.DockStyle.Top,,none,,GAP?,
DocOrganiser,RtfDoc,?,"""""",,System.Windows.Forms.DockStyle.Fill,,strong,vaultkeeper/ui/dialogs/doc_organiser.py,AUTO-PORTED,
DocOrganiser,BuContentsFile,?,"""File Name""",,,"CType((System.Windows.Forms.AnchorStyles.Left Or System.Windows.Forms.AnchorStyles.Right), System.Windows.Forms.AnchorStyles)",none,,GAP?,
DocOrganiser,BuFile,?,"""File Name""",,,"CType((System.Windows.Forms.AnchorStyles.Left Or System.Windows.Forms.AnchorStyles.Right), System.Windows.Forms.AnchorStyles)",none,,GAP?,
DocOrganiser,RtfContents,?,"""""",,System.Windows.Forms.DockStyle.Fill,,strong,vaultkeeper/ui/dialogs/doc_organiser.py,AUTO-PORTED,
DocOrganiser,SplitterLine5,?,,,,,none,,GAP?,
DocOrganiser,LpFileLists,?,,,System.Windows.Forms.DockStyle.Fill,,none,,GAP?,
DocOrganiser,LvDocs,?,,,System.Windows.Forms.DockStyle.Fill,,none,,GAP?,
DocOrganiser,ColumnHeaderPlus1,?,"""Documents""",,,,none,,GAP?,
DocOrganiser,CmVersion,?,"""Version""",,,,strong,vaultkeeper/ui/dialogs/doc_organiser.py,AUTO-PORTED,
DocOrganiser,CmRename,?,"""Rename""",,,,strong,vaultkeeper/ui/dialogs/doc_organiser.py,AUTO-PORTED,
DocOrganiser,CmRenameTo,?,"""Rename to            F9""",,,,strong,vaultkeeper/ui/dialogs/doc_organiser.py,AUTO-PORTED,
DocOrganiser,CmProperties,?,"""Properties""",,,,none,,GAP?,
DocOrganiser,CmReset,?,"""Reset""",,,,none,,GAP?,
DocOrganiser,BuDocs,?,"""Downloads Folder Documents""",,,"CType((System.Windows.Forms.AnchorStyles.Left Or System.Windows.Forms.AnchorStyles.Right), System.Windows.Forms.AnchorStyles)",none,,GAP?,
DocOrganiser,SplitterLine6,?,,,System.Windows.Forms.DockStyle.Top,,none,,GAP?,
DocOrganiser,BuContents,?,"""Contents Panel Documents""",,,"CType((System.Windows.Forms.AnchorStyles.Left Or System.Windows.Forms.AnchorStyles.Right), System.Windows.Forms.AnchorStyles)",none,,GAP?,
DocOrganiser,LvContents,?,,,System.Windows.Forms.DockStyle.Fill,,none,,GAP?,
DocOrganiser,ColumnHeaderPlus2,?,"""Documents""",,,,none,,GAP?,
DocOrganiser,TsQuick,?,"""ToolStrip1""",,,,strong,vaultkeeper/ui/quick_toolbar.py,AUTO-PORTED,
DocOrganiser,TsVersion,?,"""Version""",,,,strong,vaultkeeper/ui/dialogs/doc_organiser.py,AUTO-PORTED,
DocOrganiser,TsRename,?,"""Rename""",,,,strong,vaultkeeper/ui/main_window.py | vaultkeeper/ui/quick_toolbar.py,AUTO-PORTED,
DocOrganiser,TsRenameTo,?,"""Rename to...""",,,,none,,GAP?,
DocOrganiser,TsProperties,?,"""Properties""",,,,none,,GAP?,
DocOrganiser,TsReset,?,"""Reset""",,,,none,,GAP?,
DocOrganiser,SplitterLine2,?,,,System.Windows.Forms.DockStyle.Top,,none,,GAP?,
DocOrganiser,TsUncheck,?,"""Uncheck All""",,,,comment,vaultkeeper/ui/dialogs/doc_organiser.py,AUTO-PORTED,matched in comment/docstring
DocOrganiser,BgProcessDocs,System.ComponentModel.BackgroundWorker,,,,,comment,vaultkeeper/game/documentation.py,AUTO-PORTED,matched in comment/docstring
DocOrganiser,ImCheckBox,ImageList,,,,,none,,GAP?,
DocOrganiser,CmDocs,ContextMenuStrip,,,,,none,,GAP?,
DocOrganiser,SepProperties,ToolStripSeparator,,,,,none,,GAP?,
DownloadDeleteMsg,LpMain,?,,,System.Windows.Forms.DockStyle.Fill,,none,,GAP?,
DownloadDeleteMsg,LpActions,?,,,System.Windows.Forms.DockStyle.Fill,,none,,GAP?,
DownloadDeleteMsg,BtHistory,?,"""History""",,,System.Windows.Forms.AnchorStyles.Left,none,,GAP?,
DownloadDeleteMsg,BtCancel,?,"""Cancel""",,,System.Windows.Forms.AnchorStyles.Left,none,,GAP?,
DownloadDeleteMsg,BtDelete,?,"""Delete""",,,System.Windows.Forms.AnchorStyles.Left,none,,GAP?,
DownloadDeleteMsg,LbStatus,?,"""Marked Files: 1.""",,,System.Windows.Forms.AnchorStyles.Left,none,,GAP?,
DownloadDeleteMsg,LpInfo,?,,,System.Windows.Forms.DockStyle.Fill,,none,,GAP?,
DownloadDeleteMsg,PicInfo,?,,,,,none,,GAP?,
DownloadDeleteMsg,LbInfo,?,"resources.GetString(""LbInfo.Text"")",,,"CType((System.Windows.Forms.AnchorStyles.Left Or System.Windows.Forms.AnchorStyles.Right), System.Windows.Forms.AnchorStyles)",none,,GAP?,
DownloadDeleteMsg,SplitterLine1,?,,,System.Windows.Forms.DockStyle.Top,,none,,GAP?,
DownloadDeleteMsg,LvFileList,?,,,System.Windows.Forms.DockStyle.Fill,,none,,GAP?,
DownloadDeleteMsg,ChFileList,?,"""ModName previously downloaded file/s""",,,,none,,GAP?,
DownloadDeleteMsg,SplitterLine2,?,,,System.Windows.Forms.DockStyle.Top,,none,,GAP?,
DownloadDeleteMsg,ImCheckBox,ImageList,,,,,none,,GAP?,
DownloadProject,LpMain,?,,,System.Windows.Forms.DockStyle.Fill,,none,,GAP?,
DownloadProject,LpProject,?,,,System.Windows.Forms.DockStyle.Fill,,none,,GAP?,
DownloadProject,LpRequiredConfig,?,,,,CType((((System.Windows.Forms.AnchorStyles.Top Or System.Windows.Forms.AnchorStyles.Bottom) _,none,,GAP?,
DownloadProject,LpRequiredFile,?,,,System.Windows.Forms.DockStyle.Fill,,none,,GAP?,
DownloadProject,LbRequiredFile,?,"""File Name:""",System.Drawing.ContentAlignment.TopRight,,"CType((System.Windows.Forms.AnchorStyles.Top Or System.Windows.Forms.AnchorStyles.Right), System.Windows.Forms.AnchorStyles)",none,,GAP?,
DownloadProject,LbRequiredFilename,?,"""File""",,,CType(((System.Windows.Forms.AnchorStyles.Top Or System.Windows.Forms.AnchorStyles.Left) _,none,,GAP?,
DownloadProject,CmCopyFilename,?,"""Copy File Name to Clipboard""",,,,none,,GAP?,
DownloadProject,CmCopyLink,?,"""Copy Direct File Link to Clipboard""",,,,none,,GAP?,
DownloadProject,LbRequiredStatus,?,"""File Status:""",System.Drawing.ContentAlignment.TopRight,,"CType((System.Windows.Forms.AnchorStyles.Top Or System.Windows.Forms.AnchorStyles.Right), System.Windows.Forms.AnchorStyles)",none,,GAP?,
DownloadProject,LbRequiredFileStatus,?,"""Already downloaded""",,,CType(((System.Windows.Forms.AnchorStyles.Top Or System.Windows.Forms.AnchorStyles.Left) _,none,,GAP?,
DownloadProject,LbRequiredModName,?,"""Mod Folder Name""",,,System.Windows.Forms.AnchorStyles.Left,none,,GAP?,
DownloadProject,TxRequiredModName,?,,,,"CType((System.Windows.Forms.AnchorStyles.Left Or System.Windows.Forms.AnchorStyles.Right), System.Windows.Forms.AnchorStyles)",none,,GAP?,
DownloadProject,LbRequiredGroup,?,"""Group""",,,System.Windows.Forms.AnchorStyles.Left,none,,GAP?,
DownloadProject,LkRequiredProject,?,"""Open Required Project Page""",,,CType(((System.Windows.Forms.AnchorStyles.Top Or System.Windows.Forms.AnchorStyles.Left) _,none,,GAP?,
DownloadProject,MbRequiredGroup,?,,,,"CType((System.Windows.Forms.AnchorStyles.Left Or System.Windows.Forms.AnchorStyles.Right), System.Windows.Forms.AnchorStyles)",none,,GAP?,
DownloadProject,LvProject,?,,,System.Windows.Forms.DockStyle.Fill,,none,,GAP?,
DownloadProject,ChProject,?,"""Project""",,,,none,,GAP?,
DownloadProject,SplitterLine1,?,,,,,none,,GAP?,
DownloadProject,LvRequirements,?,,,System.Windows.Forms.DockStyle.Fill,,none,,GAP?,
DownloadProject,ColumnHeaderPlus1,?,"""Required Projects""",,,,none,,GAP?,
DownloadProject,SplitterLine4,?,,,System.Windows.Forms.DockStyle.Top,,none,,GAP?,
DownloadProject,SplitterLine5,?,,,,,none,,GAP?,
DownloadProject,LpProjectConfig,?,,,,CType((((System.Windows.Forms.AnchorStyles.Top Or System.Windows.Forms.AnchorStyles.Bottom) _,none,,GAP?,
DownloadProject,LbModName,?,"""Mod Folder Name""",,,System.Windows.Forms.AnchorStyles.Left,none,,GAP?,
DownloadProject,TxModName,?,,,,"CType((System.Windows.Forms.AnchorStyles.Left Or System.Windows.Forms.AnchorStyles.Right), System.Windows.Forms.AnchorStyles)",none,,GAP?,
DownloadProject,LbGroup,?,"""Group""",,,System.Windows.Forms.AnchorStyles.Left,none,,GAP?,
DownloadProject,LpProjectFile,?,,,System.Windows.Forms.DockStyle.Fill,,none,,GAP?,
DownloadProject,LbProjectFile,?,"""File Name:""",System.Drawing.ContentAlignment.TopRight,,"CType((System.Windows.Forms.AnchorStyles.Top Or System.Windows.Forms.AnchorStyles.Right), System.Windows.Forms.AnchorStyles)",none,,GAP?,
DownloadProject,LbProjectFilename,?,"""File""",,,CType(((System.Windows.Forms.AnchorStyles.Top Or System.Windows.Forms.AnchorStyles.Left) _,none,,GAP?,
DownloadProject,LbStatus,?,"""File Status:""",System.Drawing.ContentAlignment.TopRight,,"CType((System.Windows.Forms.AnchorStyles.Top Or System.Windows.Forms.AnchorStyles.Right), System.Windows.Forms.AnchorStyles)",none,,GAP?,
DownloadProject,LbFileStatus,?,"""Already downloaded""",,,CType(((System.Windows.Forms.AnchorStyles.Top Or System.Windows.Forms.AnchorStyles.Left) _,none,,GAP?,
DownloadProject,LkProject,?,"""Open Project Page""",,,CType(((System.Windows.Forms.AnchorStyles.Top Or System.Windows.Forms.AnchorStyles.Left) _,none,,GAP?,
DownloadProject,MbGroup,?,,,,"CType((System.Windows.Forms.AnchorStyles.Left Or System.Windows.Forms.AnchorStyles.Right), System.Windows.Forms.AnchorStyles)",none,,GAP?,
DownloadProject,LbProjectFiles,?,"""Project Files""",,,"CType((System.Windows.Forms.AnchorStyles.Left Or System.Windows.Forms.AnchorStyles.Right), System.Windows.Forms.AnchorStyles)",none,,GAP?,
DownloadProject,LbProjectName,?,"""Project Configuration""",,,"CType((System.Windows.Forms.AnchorStyles.Left Or System.Windows.Forms.AnchorStyles.Right), System.Windows.Forms.AnchorStyles)",none,,GAP?,
DownloadProject,LbRequiredProjects,?,"""Required Projects""",,,"CType((System.Windows.Forms.AnchorStyles.Left Or System.Windows.Forms.AnchorStyles.Right), System.Windows.Forms.AnchorStyles)",none,,GAP?,
DownloadProject,LbRequiredConfig,?,"""Required Project Configuration""",,,"CType((System.Windows.Forms.AnchorStyles.Left Or System.Windows.Forms.AnchorStyles.Right), System.Windows.Forms.AnchorStyles)",none,,GAP?,
DownloadProject,LbDownloadHelp,?,"""Specify The Neverwinter Vault's Project page web address (URL) and click Retrieve"" &",,System.Windows.Forms.DockStyle.Fill,,strong,vaultkeeper/ui/dialogs/download_project.py,AUTO-PORTED,
DownloadProject,LbDownload,?,"""Download Project""",,,"CType((System.Windows.Forms.AnchorStyles.Left Or System.Windows.Forms.AnchorStyles.Right), System.Windows.Forms.AnchorStyles)",comment,vaultkeeper/ui/dialogs/download_project.py,AUTO-PORTED,matched in comment/docstring
DownloadProject,LpDownloadProjectHdg,?,,,System.Windows.Forms.DockStyle.Fill,,none,,GAP?,
DownloadProject,PicDownloadProject,?,,,System.Windows.Forms.DockStyle.Fill,,none,,GAP?,
DownloadProject,LbDownloadProject,?,"""Download a Project from The Neverwinter Vault to create or update a Mod""",,,"CType((System.Windows.Forms.AnchorStyles.Left Or System.Windows.Forms.AnchorStyles.Right), System.Windows.Forms.AnchorStyles)",strong,vaultkeeper/ui/dialogs/download_project.py,AUTO-PORTED,
DownloadProject,TsPrefsStrip,?,"""ToolStrip1""",,System.Windows.Forms.DockStyle.None,System.Windows.Forms.AnchorStyles.Left,none,,GAP?,
DownloadProject,TsOpenRulesFile,?,"""ToolStripButton1""",,,,none,,GAP?,
DownloadProject,TsReloadDownloadRulesFile,?,"""ToolStripButton1""",,,,none,,GAP?,
DownloadProject,TsRulePrefs,?,"""ToolStripDropDownButton1""",,,,none,,GAP?,
DownloadProject,BhDownloadProject,?,"""ToolStripButton1""",,,,strong,vaultkeeper/ui/dialogs/download_project.py,AUTO-PORTED,
DownloadProject,LbUrl,?,"""Project Web Address (URL)""",,,,strong,vaultkeeper/ui/dialogs/download_project.py,AUTO-PORTED,
DownloadProject,LpUrl,?,,,System.Windows.Forms.DockStyle.Fill,,none,,GAP?,
DownloadProject,TxUrl,?,,,,"CType((System.Windows.Forms.AnchorStyles.Left Or System.Windows.Forms.AnchorStyles.Right), System.Windows.Forms.AnchorStyles)",none,,GAP?,
DownloadProject,BtRetrieve,?,"""Retrieve""",,,,strong,vaultkeeper/ui/dialogs/download_project.py,AUTO-PORTED,
DownloadProject,BlClear,?,"""ButtonLabel1""",,,System.Windows.Forms.AnchorStyles.Left,none,,GAP?,
DownloadProject,SplitterLine3,?,,,System.Windows.Forms.DockStyle.Top,,none,,GAP?,
DownloadProject,LpActions,?,,,System.Windows.Forms.DockStyle.Fill,,none,,GAP?,
DownloadProject,BtCancel,?,"""Cancel""",,,,none,,GAP?,
DownloadProject,BtInstall,?,"""Install""",,,,none,,GAP?,
DownloadProject,BtDownload,?,"""Download""",,,,none,,GAP?,
DownloadProject,MgInfo,?,"""Status Info""",,,"CType((System.Windows.Forms.AnchorStyles.Left Or System.Windows.Forms.AnchorStyles.Right), System.Windows.Forms.AnchorStyles)",strong,vaultkeeper/ui/status_bar.py,AUTO-PORTED,
DownloadProject,LpProgress,?,,,System.Windows.Forms.DockStyle.Fill,,none,,GAP?,
DownloadProject,LbFile,?,"""Downloading Filename""",,,,none,,GAP?,
DownloadProject,LbProcessing,?,"""Processing Mod Folder Name""",,,,none,,GAP?,
DownloadProject,PbFile,?,"""Downloaded 10 of 20 MB""",,,"CType((System.Windows.Forms.AnchorStyles.Left Or System.Windows.Forms.AnchorStyles.Right), System.Windows.Forms.AnchorStyles)",none,,GAP?,
DownloadProject,PbTotal,?,"""Downloaded 20 of 200 MB""",,,"CType((System.Windows.Forms.AnchorStyles.Left Or System.Windows.Forms.AnchorStyles.Right), System.Windows.Forms.AnchorStyles)",none,,GAP?,
DownloadProject,ImConditional,ImageList,,,,,none,,GAP?,
DownloadProject,BgScanner,System.ComponentModel.BackgroundWorker,,,,,strong,vaultkeeper/game/installer_build.py,AUTO-PORTED,
DownloadProject,TtDownload,LazWorks.Library.Controls.ToolTipPlus,,,,,none,,GAP?,
DownloadProject,BgWebFileSize,System.ComponentModel.BackgroundWorker,,,,,none,,GAP?,
DownloadProject,BgDownloadTimer,System.ComponentModel.BackgroundWorker,,,,,none,,GAP?,
DownloadProject,CmListMenu,ContextMenuStrip,,,,,none,,GAP?,
ExtendedEditionDialogue,LpMain,?,,,System.Windows.Forms.DockStyle.Fill,,none,,GAP?,
ExtendedEditionDialogue,LbInfo,?,"""It looks like you have the Neverwinter Nights Enhanced Edition installed on your "" &",,,"CType((System.Windows.Forms.AnchorStyles.Left Or System.Windows.Forms.AnchorStyles.Right), System.Windows.Forms.AnchorStyles)",none,,GAP?,
ExtendedEditionDialogue,SplitterLine1,?,,,System.Windows.Forms.DockStyle.Top,,none,,GAP?,
ExtendedEditionDialogue,LpFolders,?,,,System.Windows.Forms.DockStyle.Fill,,none,,GAP?,
ExtendedEditionDialogue,CbDisable,?,"""Disable Enhanced Edition detection at &start-up (then click Save to continue)""",,,System.Windows.Forms.AnchorStyles.Left,none,,GAP?,
ExtendedEditionDialogue,LbUserFolder,?,"""&User Files:""",System.Drawing.ContentAlignment.MiddleRight,,"CType((System.Windows.Forms.AnchorStyles.Left Or System.Windows.Forms.AnchorStyles.Right), System.Windows.Forms.AnchorStyles)",none,,GAP?,
ExtendedEditionDialogue,LbLibrary,?,"""&Library:""",System.Drawing.ContentAlignment.MiddleRight,,"CType((System.Windows.Forms.AnchorStyles.Left Or System.Windows.Forms.AnchorStyles.Right), System.Windows.Forms.AnchorStyles)",none,,GAP?,
ExtendedEditionDialogue,TxUserFolder,?,,,,"CType((System.Windows.Forms.AnchorStyles.Left Or System.Windows.Forms.AnchorStyles.Right), System.Windows.Forms.AnchorStyles)",none,,GAP?,
ExtendedEditionDialogue,BuUser,?,"""ButtonLabel1""",,,System.Windows.Forms.AnchorStyles.Left,none,,GAP?,
ExtendedEditionDialogue,TxLibrary,?,,,,"CType((System.Windows.Forms.AnchorStyles.Left Or System.Windows.Forms.AnchorStyles.Right), System.Windows.Forms.AnchorStyles)",none,,GAP?,
ExtendedEditionDialogue,BuLibrary,?,"""ButtonLabel1""",,,System.Windows.Forms.AnchorStyles.Left,none,,GAP?,
ExtendedEditionDialogue,SplitterLine2,?,,,System.Windows.Forms.DockStyle.Top,,none,,GAP?,
ExtendedEditionDialogue,LpActions,?,,,System.Windows.Forms.DockStyle.Fill,,none,,GAP?,
ExtendedEditionDialogue,BtSave,?,"""Save""",,,,strong,vaultkeeper/ui/dialogs/wizard_builder.py,AUTO-PORTED,
ExtendedEditionDialogue,MiStatus,?,"""Status""",,,"CType((System.Windows.Forms.AnchorStyles.Left Or System.Windows.Forms.AnchorStyles.Right), System.Windows.Forms.AnchorStyles)",none,,GAP?,
ExtendedEditionDialogue,BtCancel,?,"""Cancel""",,,,none,,GAP?,
ExtendedEditionDialogue,SplitterLine3,?,,,System.Windows.Forms.DockStyle.Top,,none,,GAP?,
ExtendedEditionDialogue,LbHelp,?,"""The folder containing the executable files such as nwmain.exe (eg ..\bin\win32)."" & Global.Microsoft.VisualBasic.ChrW(13) & Global.Microsoft.VisualBasic.ChrW(10) & ""This is usually determined after you specify the Library folder.""",,,,none,,GAP?,
FileConflictsViewer,LpMain,?,,,System.Windows.Forms.DockStyle.Fill,,none,,GAP?,
FileConflictsViewer,LpConflicts,?,,,System.Windows.Forms.DockStyle.Fill,,none,,GAP?,
FileConflictsViewer,LvFiles,?,,,System.Windows.Forms.DockStyle.Fill,,strong,vaultkeeper/ui/dialogs/installation_analyser.py,AUTO-PORTED,
FileConflictsViewer,ColumnHeaderPlus1,?,"""Files""",,,,none,,GAP?,
FileConflictsViewer,LbFiles,?,"""Files""",,,"CType((System.Windows.Forms.AnchorStyles.Left Or System.Windows.Forms.AnchorStyles.Right), System.Windows.Forms.AnchorStyles)",none,,GAP?,
FileConflictsViewer,LbMods,?,"""Mods""",,,"CType((System.Windows.Forms.AnchorStyles.Left Or System.Windows.Forms.AnchorStyles.Right), System.Windows.Forms.AnchorStyles)",none,,GAP?,
FileConflictsViewer,LvMods,?,,,System.Windows.Forms.DockStyle.Fill,,strong,vaultkeeper/ui/controller.py,AUTO-PORTED,
FileConflictsViewer,ColumnHeaderPlus2,?,"""Files""",,,,none,,GAP?,
FileConflictsViewer,SplitterLine2,?,,,,,none,,GAP?,
FileConflictsViewer,SplitterLine1,?,,,System.Windows.Forms.DockStyle.Top,,none,,GAP?,
FileConflictsViewer,LpActions,?,,,System.Windows.Forms.DockStyle.Fill,,none,,GAP?,
FileConflictsViewer,BtClose,?,"""Close""",,,System.Windows.Forms.AnchorStyles.Left,none,,GAP?,
FileConflictsViewer,BtAll,?,"""All""",,,System.Windows.Forms.AnchorStyles.Left,none,,GAP?,
FileConflictsViewer,PbStatus,?,"""Progress""",,System.Windows.Forms.DockStyle.Fill,,none,,GAP?,
FileConflictsViewer,BtInstalled,?,"""Installed""",,,System.Windows.Forms.AnchorStyles.Left,none,,GAP?,
FileConflictsViewer,BtSelected,?,"""Selected""",,,System.Windows.Forms.AnchorStyles.Left,none,,GAP?,
FileConflictsViewer,BgProcessModFiles,System.ComponentModel.BackgroundWorker,,,,,none,,GAP?,
FileConflictsViewer,TtInfo,LazWorks.Library.Controls.ToolTipPlus,,,,,none,,GAP?,
FindDialogue,LpMain,?,,,System.Windows.Forms.DockStyle.Fill,,none,,GAP?,
FindDialogue,LbFind,?,"""&Find what:""",,,"CType((System.Windows.Forms.AnchorStyles.Left Or System.Windows.Forms.AnchorStyles.Right), System.Windows.Forms.AnchorStyles)",none,,GAP?,
FindDialogue,CbxFind,?,,,,"CType((System.Windows.Forms.AnchorStyles.Left Or System.Windows.Forms.AnchorStyles.Right), System.Windows.Forms.AnchorStyles)",none,,GAP?,
FindDialogue,LpActions,?,,,System.Windows.Forms.DockStyle.Fill,,none,,GAP?,
FindDialogue,BtClose,?,"""&Close""",,,,none,,GAP?,
FindDialogue,BtFindPrevious,?,"""&Previous""",,,,none,,GAP?,
FindDialogue,BtFindNext,?,"""Find &Next""",,,,none,,GAP?,
FindDialogue,LbInfo,?,"""Information text"" & Global.Microsoft.VisualBasic.ChrW(13) & Global.Microsoft.VisualBasic.ChrW(10) & ""lines""",,,CType(((System.Windows.Forms.AnchorStyles.Top Or System.Windows.Forms.AnchorStyles.Left) _,none,,GAP?,
FindDialogue,SplitterLine1,?,,,System.Windows.Forms.DockStyle.Top,,none,,GAP?,
FindDialogue,LbOptions,?,"""Options:""",System.Drawing.ContentAlignment.TopRight,,"CType((System.Windows.Forms.AnchorStyles.Left Or System.Windows.Forms.AnchorStyles.Right), System.Windows.Forms.AnchorStyles)",none,,GAP?,
FindDialogue,CbMatchWord,?,"""Match &whole word only""",,,System.Windows.Forms.AnchorStyles.Left,none,,GAP?,
FindDialogue,CbMatchCase,?,"""M&atch case""",,,,none,,GAP?,
FindProfileFilesDialogue,LpMain,?,,,System.Windows.Forms.DockStyle.Fill,,none,,GAP?,
FindProfileFilesDialogue,LbFind,?,"""&Find what:""",System.Drawing.ContentAlignment.MiddleRight,,"CType((System.Windows.Forms.AnchorStyles.Left Or System.Windows.Forms.AnchorStyles.Right), System.Windows.Forms.AnchorStyles)",none,,GAP?,
FindProfileFilesDialogue,CbxFind,?,,,,"CType((System.Windows.Forms.AnchorStyles.Left Or System.Windows.Forms.AnchorStyles.Right), System.Windows.Forms.AnchorStyles)",none,,GAP?,
FindProfileFilesDialogue,LpActions,?,,,System.Windows.Forms.DockStyle.Fill,,none,,GAP?,
FindProfileFilesDialogue,BtClose,?,"""&Close""",,,,none,,GAP?,
FindProfileFilesDialogue,BtSelect,?,"""&Select""",,,,none,,GAP?,
FindProfileFilesDialogue,TsStatus,?,"""ToolStrip1""",,System.Windows.Forms.DockStyle.Fill,,strong,vaultkeeper/ui/status_bar.py,AUTO-PORTED,
FindProfileFilesDialogue,LbFilesFoundHdg,?,"""Files Found:""",,,,none,,GAP?,
FindProfileFilesDialogue,LbFilesFound,?,"""None""",,,,none,,GAP?,
FindProfileFilesDialogue,MiStatus,?,"""Status info""",System.Windows.Forms.ToolStripItemAlignment.Right,,,none,,GAP?,
FindProfileFilesDialogue,SplitterLine1,?,,,System.Windows.Forms.DockStyle.Top,,none,,GAP?,
FindProfileFilesDialogue,LbOptions,?,"""Options:""",System.Drawing.ContentAlignment.MiddleRight,,"CType((System.Windows.Forms.AnchorStyles.Left Or System.Windows.Forms.AnchorStyles.Right), System.Windows.Forms.AnchorStyles)",none,,GAP?,
FindProfileFilesDialogue,CbMatchWord,?,"""Match &whole word only""",,,System.Windows.Forms.AnchorStyles.Left,none,,GAP?,
FindProfileFilesDialogue,CbMatchCase,?,"""M&atch case""",,,,none,,GAP?,
FindProfileFilesDialogue,LvFound,?,,,System.Windows.Forms.DockStyle.Fill,,none,,GAP?,
FindProfileFilesDialogue,ChModName,?,"""Mod Name""",,,,none,,GAP?,
FindProfileFilesDialogue,ChFileName,?,"""File Name""",,,,none,,GAP?,
FindProfileFilesDialogue,ChFolder,?,"""Sub-Folder""",,,,none,,GAP?,
FindProfileFilesDialogue,CmDisplayInfo,?,"""Display Additional Info""",,,,none,,GAP?,
FindProfileFilesDialogue,CmProperties,?,"""&Properties""",,,,none,,GAP?,
FindProfileFilesDialogue,BgGetFiles,System.ComponentModel.BackgroundWorker,,,,,none,,GAP?,
FindProfileFilesDialogue,CmMenu,ContextMenuStrip,,,,,none,,GAP?,
GameManager,LpGameManager,?,,,System.Windows.Forms.DockStyle.Fill,,none,,GAP?,
GameManager,LbGameSaves,?,"""Manage your game saves""",,,"CType((System.Windows.Forms.AnchorStyles.Left Or System.Windows.Forms.AnchorStyles.Right), System.Windows.Forms.AnchorStyles)",none,,GAP?,
GameManager,LpGameManagerHdg,?,,,System.Windows.Forms.DockStyle.Fill,,none,,GAP?,
GameManager,PicGameManager,?,,,System.Windows.Forms.DockStyle.Fill,,none,,GAP?,
GameManager,LbGameManager,?,"""Play mods concurrently by switching between game save backups""",,,"CType((System.Windows.Forms.AnchorStyles.Left Or System.Windows.Forms.AnchorStyles.Right), System.Windows.Forms.AnchorStyles)",none,,GAP?,
GameManager,TsActions,?,"""ToolStrip1""",,System.Windows.Forms.DockStyle.None,System.Windows.Forms.AnchorStyles.Left,none,,GAP?,
GameManager,TsCharacterSummary,?,"""ToolStripButton1""",,,,none,,GAP?,
GameManager,TsOpen,?,"""ToolStripButton1""",,,,none,,GAP?,
GameManager,BhGameManager,?,"""ToolStripButton1""",,,,strong,vaultkeeper/ui/dialogs/game_saves_manager.py,AUTO-PORTED,
GameManager,LbGameListHelp,?,"resources.GetString(""LbGameListHelp.Text"")",,System.Windows.Forms.DockStyle.Fill,,none,,GAP?,
GameManager,LpGameManagerActions,?,,,System.Windows.Forms.DockStyle.Fill,,none,,GAP?,
GameManager,BtClose,?,"""Close""",,,"CType((System.Windows.Forms.AnchorStyles.Left Or System.Windows.Forms.AnchorStyles.Right), System.Windows.Forms.AnchorStyles)",none,,GAP?,
GameManager,LbSavedGames,?,"""Saved Games:""",System.Drawing.ContentAlignment.MiddleRight,,"CType((System.Windows.Forms.AnchorStyles.Left Or System.Windows.Forms.AnchorStyles.Right), System.Windows.Forms.AnchorStyles)",none,,GAP?,
GameManager,LbSavedGamesCount,?,"""23""",,,"CType((System.Windows.Forms.AnchorStyles.Left Or System.Windows.Forms.AnchorStyles.Right), System.Windows.Forms.AnchorStyles)",none,,GAP?,
GameManager,MgInfo,?,"""Status Info""",System.Drawing.ContentAlignment.MiddleRight,,"CType((System.Windows.Forms.AnchorStyles.Left Or System.Windows.Forms.AnchorStyles.Right), System.Windows.Forms.AnchorStyles)",strong,vaultkeeper/ui/status_bar.py,AUTO-PORTED,
GameManager,LpGameList,?,,,System.Windows.Forms.DockStyle.Fill,,none,,GAP?,
GameManager,TsGameManager,?,"""ToolStrip1""",,,,none,,GAP?,
GameManager,TsArchive,?,"""Red&uce""",,,,none,,GAP?,
GameManager,TsRestore,?,"""&Restore""",,,,none,,GAP?,
GameManager,TsActivate,?,"""&Activate""",,,,none,,GAP?,
GameManager,TsDeactivate,?,"""Deacti&vate""",,,,none,,GAP?,
GameManager,TsDelete,?,"""&Delete""",,,,strong,vaultkeeper/ui/main_window.py | vaultkeeper/ui/quick_toolbar.py,AUTO-PORTED,
GameManager,TsFinished,?,"""&Finished""",,,,none,,GAP?,
GameManager,LvGames,?,,,System.Windows.Forms.DockStyle.Fill,,none,,GAP?,
GameManager,ColumnHeaderPlus1,?,"""Saved Games""",,,,none,,GAP?,
GameManager,FvGameSaves,?,,,System.Windows.Forms.DockStyle.Fill,,none,,GAP?,
GameManager,CmCharacterSummary,?,"""Display Character Summary""",,,,none,,GAP?,
GameManager,CmOpen,?,"""Open with File Explorer""",,,,none,,GAP?,
GameManager,SplitterLine2,?,,,,,none,,GAP?,
GameManager,LbLocation,?,"""Cave""",System.Drawing.ContentAlignment.MiddleLeft,,"CType((System.Windows.Forms.AnchorStyles.Left Or System.Windows.Forms.AnchorStyles.Right), System.Windows.Forms.AnchorStyles)",none,,GAP?,
GameManager,SplitterLine1,?,,,System.Windows.Forms.DockStyle.Top,,none,,GAP?,
GameManager,SpTotals,?,,,System.Windows.Forms.DockStyle.Top,,none,,GAP?,
GameManager,SplitterLine3,?,,,System.Windows.Forms.DockStyle.Top,,none,,GAP?,
GameManager,LpKeepCount,?,,,System.Windows.Forms.DockStyle.Fill,,none,,GAP?,
GameManager,NudKeep,?,,,,"CType((System.Windows.Forms.AnchorStyles.Left Or System.Windows.Forms.AnchorStyles.Right), System.Windows.Forms.AnchorStyles)",strong,vaultkeeper/ui/dialogs/game_saves_manager.py,AUTO-PORTED,
GameManager,LbKeep,?,"""Number of game saves to keep when you Reduce NWN game saves""",,,"CType((System.Windows.Forms.AnchorStyles.Left Or System.Windows.Forms.AnchorStyles.Right), System.Windows.Forms.AnchorStyles)",none,,GAP?,
GameManager,SplitterLine4,?,,,System.Windows.Forms.DockStyle.Top,,none,,GAP?,
GameManager,LpUsedSpace,?,,,System.Windows.Forms.DockStyle.Fill,,none,,GAP?,
GameManager,LbSaves,?,"""Space used:""",System.Drawing.ContentAlignment.MiddleRight,,"CType((System.Windows.Forms.AnchorStyles.Left Or System.Windows.Forms.AnchorStyles.Right), System.Windows.Forms.AnchorStyles)",none,,GAP?,
GameManager,LbSavesSpace,?,"""2.3 GB""",System.Drawing.ContentAlignment.MiddleLeft,,"CType((System.Windows.Forms.AnchorStyles.Left Or System.Windows.Forms.AnchorStyles.Right), System.Windows.Forms.AnchorStyles)",none,,GAP?,
GameManager,LbArchives,?,"""Archives:""",System.Drawing.ContentAlignment.MiddleRight,,"CType((System.Windows.Forms.AnchorStyles.Left Or System.Windows.Forms.AnchorStyles.Right), System.Windows.Forms.AnchorStyles)",none,,GAP?,
GameManager,LbArchivesSpace,?,"""6.4 GB""",System.Drawing.ContentAlignment.MiddleLeft,,"CType((System.Windows.Forms.AnchorStyles.Left Or System.Windows.Forms.AnchorStyles.Right), System.Windows.Forms.AnchorStyles)",none,,GAP?,
GameManager,LbTotal,?,"""Total:""",System.Drawing.ContentAlignment.MiddleRight,,"CType((System.Windows.Forms.AnchorStyles.Left Or System.Windows.Forms.AnchorStyles.Right), System.Windows.Forms.AnchorStyles)",comment,vaultkeeper/ui/dialogs/installation_analyser.py,AUTO-PORTED,matched in comment/docstring
GameManager,LbTotalSpace,?,"""8.7 GB""",System.Drawing.ContentAlignment.MiddleLeft,,"CType((System.Windows.Forms.AnchorStyles.Left Or System.Windows.Forms.AnchorStyles.Right), System.Windows.Forms.AnchorStyles)",none,,GAP?,
GameManager,LbBackups,?,"""Backups:""",System.Drawing.ContentAlignment.MiddleRight,,"CType((System.Windows.Forms.AnchorStyles.Left Or System.Windows.Forms.AnchorStyles.Right), System.Windows.Forms.AnchorStyles)",none,,GAP?,
GameManager,LbBackupsSpace,?,"""2.3 GB""",System.Drawing.ContentAlignment.MiddleLeft,,"CType((System.Windows.Forms.AnchorStyles.Left Or System.Windows.Forms.AnchorStyles.Right), System.Windows.Forms.AnchorStyles)",none,,GAP?,
GameManager,LbAllArchives,?,"""All Archives:""",System.Drawing.ContentAlignment.MiddleRight,,"CType((System.Windows.Forms.AnchorStyles.Left Or System.Windows.Forms.AnchorStyles.Right), System.Windows.Forms.AnchorStyles)",none,,GAP?,
GameManager,LbAllArchivesSpace,?,"""6.4 GB""",System.Drawing.ContentAlignment.MiddleLeft,,"CType((System.Windows.Forms.AnchorStyles.Left Or System.Windows.Forms.AnchorStyles.Right), System.Windows.Forms.AnchorStyles)",none,,GAP?,
GameManager,LbGrandTotal,?,"""Grand Total:""",System.Drawing.ContentAlignment.MiddleRight,,"CType((System.Windows.Forms.AnchorStyles.Left Or System.Windows.Forms.AnchorStyles.Right), System.Windows.Forms.AnchorStyles)",none,,GAP?,
GameManager,LbGrandTotalSpace,?,"""8.7 GB""",System.Drawing.ContentAlignment.MiddleLeft,,"CType((System.Windows.Forms.AnchorStyles.Left Or System.Windows.Forms.AnchorStyles.Right), System.Windows.Forms.AnchorStyles)",none,,GAP?,
GameManager,ColumnHeader1,?,"""Game Saves""",,,,none,,GAP?,
GameManager,ToolStripSeparator1,ToolStripSeparator,,,,,none,,GAP?,
GameManager,ToolStripSeparator3,ToolStripSeparator,,,,,none,,GAP?,
GameManager,ImCheckBoxes,ImageList,,,,,none,,GAP?,
GameManager,CmActions,ContextMenuStrip,,,,,none,,GAP?,
GameManager,ImGameSaves,ImageList,,,,,none,,GAP?,
GameManager,CmSaves,ContextMenuStrip,,,,,none,,GAP?,
GameManagerRestore,LpMain,?,,,System.Windows.Forms.DockStyle.Fill,,none,,GAP?,
GameManagerRestore,LpArchiveList,?,,,System.Windows.Forms.DockStyle.Fill,,none,,GAP?,
GameManagerRestore,FvRanges,?,,,System.Windows.Forms.DockStyle.Fill,,none,,GAP?,
GameManagerRestore,ChGameName,?,"""Game Name""",,,,none,,GAP?,
GameManagerRestore,FvGameSaves,?,,,System.Windows.Forms.DockStyle.Fill,,none,,GAP?,
GameManagerRestore,ChRange,?,"""Game Save Range""",,,,none,,GAP?,
GameManagerRestore,CmCharacterSummary,?,"""Display Character Summary""",,,,none,,GAP?,
GameManagerRestore,CmOpen,?,"""Open with File Explorer""",,,,none,,GAP?,
GameManagerRestore,SplitterLine1,?,,,,,none,,GAP?,
GameManagerRestore,LbGameName,?,"""Game Name""",,,"CType((System.Windows.Forms.AnchorStyles.Left Or System.Windows.Forms.AnchorStyles.Right), System.Windows.Forms.AnchorStyles)",none,,GAP?,
GameManagerRestore,LbRange,?,"""Game Save Range""",System.Drawing.ContentAlignment.MiddleLeft,,"CType((System.Windows.Forms.AnchorStyles.Left Or System.Windows.Forms.AnchorStyles.Right), System.Windows.Forms.AnchorStyles)",none,,GAP?,
GameManagerRestore,LpActions,?,,,System.Windows.Forms.DockStyle.Fill,,none,,GAP?,
GameManagerRestore,BtRestore,?,"""Restore""",,,,none,,GAP?,
GameManagerRestore,BtClose,?,"""Close""",,,,none,,GAP?,
GameManagerRestore,LbLocationHdg,?,"""Location:""",,,"CType((System.Windows.Forms.AnchorStyles.Left Or System.Windows.Forms.AnchorStyles.Right), System.Windows.Forms.AnchorStyles)",none,,GAP?,
GameManagerRestore,LbLocation,?,"""The mist room""",,,"CType((System.Windows.Forms.AnchorStyles.Left Or System.Windows.Forms.AnchorStyles.Right), System.Windows.Forms.AnchorStyles)",none,,GAP?,
GameManagerRestore,BtDelete,?,"""Delete""",,,,none,,GAP?,
GameManagerRestore,SplitterLine2,?,,,System.Windows.Forms.DockStyle.Top,,none,,GAP?,
GameManagerRestore,TsActions,?,"""ToolStrip1""",,System.Windows.Forms.DockStyle.None,System.Windows.Forms.AnchorStyles.Right,none,,GAP?,
GameManagerRestore,TsCharacterSummary,?,"""ToolStripButton1""",,,,none,,GAP?,
GameManagerRestore,TsOpen,?,"""ToolStripButton1""",,,,none,,GAP?,
GameManagerRestore,ImRange,ImageList,,,,,none,,GAP?,
GameManagerRestore,ImGameSaves,ImageList,,,,,none,,GAP?,
GameManagerRestore,CmSaves,ContextMenuStrip,,,,,none,,GAP?,
GameSavesPathDialogue,LpMain,?,,,System.Windows.Forms.DockStyle.Fill,,none,,GAP?,
GameSavesPathDialogue,LpPathText,?,,,System.Windows.Forms.DockStyle.Fill,,none,,GAP?,
GameSavesPathDialogue,LbGameSaves,?,"""Game Saves:""",System.Drawing.ContentAlignment.TopRight,,"CType((System.Windows.Forms.AnchorStyles.Left Or System.Windows.Forms.AnchorStyles.Right), System.Windows.Forms.AnchorStyles)",none,,GAP?,
GameSavesPathDialogue,TxGameSaves,?,,,,"CType((System.Windows.Forms.AnchorStyles.Left Or System.Windows.Forms.AnchorStyles.Right), System.Windows.Forms.AnchorStyles)",none,,GAP?,
GameSavesPathDialogue,BuBrowse,?,"""ButtonLabel1""",,,System.Windows.Forms.AnchorStyles.Left,none,,GAP?,
GameSavesPathDialogue,LpActions,?,,,System.Windows.Forms.DockStyle.Fill,,none,,GAP?,
GameSavesPathDialogue,BtSave,?,"""Save""",,,,strong,vaultkeeper/ui/dialogs/wizard_builder.py,AUTO-PORTED,
GameSavesPathDialogue,BtCancel,?,"""Cancel""",,,,none,,GAP?,
GameSavesPathDialogue,LvGameSaves,?,,,System.Windows.Forms.DockStyle.Fill,,none,,GAP?,
GameSavesPathDialogue,ChGameSaves,?,"""Game Save Folders""",,,,none,,GAP?,
GameSavesPathDialogue,ChSaves,?,"""Saves""",,,,none,,GAP?,
GameSavesPathDialogue,SplitterLine1,?,,,System.Windows.Forms.DockStyle.Top,,none,,GAP?,
GameSavesPathDialogue,SplitterLine2,?,,,System.Windows.Forms.DockStyle.Top,,none,,GAP?,
GameSavesPathDialogue,LbHelp,?,"resources.GetString(""LbHelp.Text"")",,,,none,,GAP?,
GameSavesPathDialogue,LbHelpHdg,?,"""Information""",,,"CType((System.Windows.Forms.AnchorStyles.Left Or System.Windows.Forms.AnchorStyles.Right), System.Windows.Forms.AnchorStyles)",none,,GAP?,
HakPatchEditor,LpMain,?,,,System.Windows.Forms.DockStyle.Fill,,none,,GAP?,
HakPatchEditor,LpMainHdg,?,,,System.Windows.Forms.DockStyle.Fill,,none,,GAP?,
HakPatchEditor,PicHakEditor,?,,,System.Windows.Forms.DockStyle.Fill,,none,,GAP?,
HakPatchEditor,LbHakEditor,?,"""Define the order in which hak patch files are applied. You only need to change th"" &",,,"CType((System.Windows.Forms.AnchorStyles.Left Or System.Windows.Forms.AnchorStyles.Right), System.Windows.Forms.AnchorStyles)",none,,GAP?,
HakPatchEditor,BhHelp,?,,,,System.Windows.Forms.AnchorStyles.Left,none,,GAP?,
HakPatchEditor,LvPatchList,?,,,System.Windows.Forms.DockStyle.Fill,,none,,GAP?,
HakPatchEditor,ColumnHeaderPlus1,?,"""Hak Patch Files""",,,,none,,GAP?,
HakPatchEditor,CmMoveUp,?,"""Move Up""",,,,none,,GAP?,
HakPatchEditor,CmMoveDown,?,"""Move Down""",,,,none,,GAP?,
HakPatchEditor,LpActions,?,,,System.Windows.Forms.DockStyle.Fill,,none,,GAP?,
HakPatchEditor,BtSave,?,"""Save""",,,System.Windows.Forms.AnchorStyles.Left,strong,vaultkeeper/ui/dialogs/wizard_builder.py,AUTO-PORTED,
HakPatchEditor,BtCancel,?,"""Cancel""",,,System.Windows.Forms.AnchorStyles.Left,none,,GAP?,
HakPatchEditor,MiStatus,?,"""Information""",,,"CType((System.Windows.Forms.AnchorStyles.Left Or System.Windows.Forms.AnchorStyles.Right), System.Windows.Forms.AnchorStyles)",none,,GAP?,
HakPatchEditor,SplitterLine1,?,,,System.Windows.Forms.DockStyle.Top,,none,,GAP?,
HakPatchEditor,LpMenu,?,,,System.Windows.Forms.DockStyle.Fill,,none,,GAP?,
HakPatchEditor,LbRegistered,?,"""Registered Patch Hak Files""",,,"CType((System.Windows.Forms.AnchorStyles.Left Or System.Windows.Forms.AnchorStyles.Right), System.Windows.Forms.AnchorStyles)",none,,GAP?,
HakPatchEditor,MsMain,?,"""MenuStrip1""",,,,none,,GAP?,
HakPatchEditor,MsMoveDown,?,,System.Windows.Forms.ToolStripItemAlignment.Right,,,none,,GAP?,
HakPatchEditor,MsMoveUp,?,,System.Windows.Forms.ToolStripItemAlignment.Right,,,none,,GAP?,
HakPatchEditor,CmHakPriority,ContextMenuStrip,,,,,none,,GAP?,
InstallationAnalyser,LpMain,?,,,System.Windows.Forms.DockStyle.Fill,,none,,GAP?,
InstallationAnalyser,LpMainHeading,?,,,System.Windows.Forms.DockStyle.Fill,,none,,GAP?,
InstallationAnalyser,PicAnalyser,?,,,System.Windows.Forms.DockStyle.Fill,,none,,GAP?,
InstallationAnalyser,LbAnalyser,?,"""View information about the folders and files in your profile's Neverwinter Nights"" &",,,"CType((System.Windows.Forms.AnchorStyles.Left Or System.Windows.Forms.AnchorStyles.Right), System.Windows.Forms.AnchorStyles)",none,,GAP?,
InstallationAnalyser,BhInstallationAnalyser,?,"""ButtonLabel1""",,,System.Windows.Forms.AnchorStyles.Left,strong,vaultkeeper/ui/dialogs/installation_analyser.py,AUTO-PORTED,
InstallationAnalyser,LpActions,?,,,System.Windows.Forms.DockStyle.Fill,,none,,GAP?,
InstallationAnalyser,BtClose,?,"""&Close""",,,,none,,GAP?,
InstallationAnalyser,BtRefresh,?,"""&Refresh""",,,,strong,vaultkeeper/ui/dialogs/workshop_viewer.py,AUTO-PORTED,
InstallationAnalyser,TsInfo,?,"""ToolStrip1""",,System.Windows.Forms.DockStyle.Fill,,none,,GAP?,
InstallationAnalyser,LbTotal,?,"""NWN:""",,,,comment,vaultkeeper/ui/dialogs/installation_analyser.py,AUTO-PORTED,matched in comment/docstring
InstallationAnalyser,LbTotalSize,?,"""238 GB""",,,,strong,vaultkeeper/ui/dialogs/installation_analyser.py,AUTO-PORTED,
InstallationAnalyser,LbFilesInFolder,?,"""Override Files:""",,,,none,,GAP?,
InstallationAnalyser,LbFileCount,?,"""100""",,,,none,,GAP?,
InstallationAnalyser,MiDetails,?,"""Info""",,,,none,,GAP?,
InstallationAnalyser,TsMiniDumpInfo,?,,System.Windows.Forms.ToolStripItemAlignment.Right,,,none,,GAP?,
InstallationAnalyser,BtSelect,?,"""&Select""",,,,none,,GAP?,
InstallationAnalyser,BtConvert,?,"""C&onverted""",,,,none,,GAP?,
InstallationAnalyser,SplitterLine1,?,,,System.Windows.Forms.DockStyle.Top,,none,,GAP?,
InstallationAnalyser,LpAnalyserLists,?,,,System.Windows.Forms.DockStyle.Fill,,none,,GAP?,
InstallationAnalyser,LvFolders,?,,,System.Windows.Forms.DockStyle.Fill,,strong,vaultkeeper/ui/dialogs/installation_analyser.py,AUTO-PORTED,
InstallationAnalyser,ChFolders,?,"""NWN Folders""",,,,none,,GAP?,
InstallationAnalyser,CmOpenFolder,?,"""Open Folder""",,,,none,,GAP?,
InstallationAnalyser,CmProperties,?,"""Properties""",,,,none,,GAP?,
InstallationAnalyser,CmCharacterSummary,?,"""Display Character Summary""",,,,none,,GAP?,
InstallationAnalyser,LvFiles,?,,,System.Windows.Forms.DockStyle.Fill,,strong,vaultkeeper/ui/dialogs/installation_analyser.py,AUTO-PORTED,
InstallationAnalyser,ChFileName,?,"""File Name""",,,,none,,GAP?,
InstallationAnalyser,ChSource,?,"""Installation Source""",,,,none,,GAP?,
InstallationAnalyser,SplitterLine2,?,,,,,none,,GAP?,
InstallationAnalyser,LbFolders,?,"""NWN Folders""",System.Drawing.ContentAlignment.MiddleLeft,,"CType((System.Windows.Forms.AnchorStyles.Left Or System.Windows.Forms.AnchorStyles.Right), System.Windows.Forms.AnchorStyles)",none,,GAP?,
InstallationAnalyser,LpFilesHeader,?,,,System.Windows.Forms.DockStyle.Fill,,none,,GAP?,
InstallationAnalyser,LbFileName,?,"""File Name""",System.Drawing.ContentAlignment.MiddleLeft,,"CType((System.Windows.Forms.AnchorStyles.Left Or System.Windows.Forms.AnchorStyles.Right), System.Windows.Forms.AnchorStyles)",none,,GAP?,
InstallationAnalyser,LbInstallationSource,?,"""Installation Source""",System.Drawing.ContentAlignment.MiddleLeft,,"CType((System.Windows.Forms.AnchorStyles.Left Or System.Windows.Forms.AnchorStyles.Right), System.Windows.Forms.AnchorStyles)",none,,GAP?,
InstallationAnalyser,SplitterLine3,?,,,,,none,,GAP?,
InstallationAnalyser,ToolStripSeparator1,ToolStripSeparator,,,,,none,,GAP?,
InstallationAnalyser,SsFileSize,ToolStripSeparator,,,,,none,,GAP?,
InstallationAnalyser,CmAnalyser,ContextMenuStrip,,,,,none,,GAP?,
InstallationAnalyser,TtAnalyser,LazWorks.Library.Controls.ToolTipPlus,,,,,none,,GAP?,
InstallationManagerEditor,LpMain,?,,,System.Windows.Forms.DockStyle.Fill,,none,,GAP?,
InstallationManagerEditor,LpMainHeading,?,,,System.Windows.Forms.DockStyle.Fill,,none,,GAP?,
InstallationManagerEditor,PicHeading,?,,,System.Windows.Forms.DockStyle.Fill,,none,,GAP?,
InstallationManagerEditor,LbHeading,?,"""Manage your Mod Installation Sets so you can reinstall your Mods after a fresh NW"" &",,,"CType((System.Windows.Forms.AnchorStyles.Left Or System.Windows.Forms.AnchorStyles.Right), System.Windows.Forms.AnchorStyles)",strong,vaultkeeper/ui/dialogs/doc_organiser.py | vaultkeeper/ui/dialogs/mod_play_viewer.py,AUTO-PORTED,
InstallationManagerEditor,BhInstallationManager,?,"""ButtonLabel1""",,,System.Windows.Forms.AnchorStyles.Left,none,,GAP?,
InstallationManagerEditor,LpActions,?,,,System.Windows.Forms.DockStyle.Fill,,none,,GAP?,
InstallationManagerEditor,MiStatus,?,"""Info""",System.Drawing.ContentAlignment.TopRight,,"CType((System.Windows.Forms.AnchorStyles.Left Or System.Windows.Forms.AnchorStyles.Right), System.Windows.Forms.AnchorStyles)",none,,GAP?,
InstallationManagerEditor,LbUpdatedHdg,?,"""Updated:""",,,"CType((System.Windows.Forms.AnchorStyles.Left Or System.Windows.Forms.AnchorStyles.Right), System.Windows.Forms.AnchorStyles)",none,,GAP?,
InstallationManagerEditor,LbUpdated,?,"""20 Dec 2017 at 04:30:33 pm""",,,"CType((System.Windows.Forms.AnchorStyles.Left Or System.Windows.Forms.AnchorStyles.Right), System.Windows.Forms.AnchorStyles)",none,,GAP?,
InstallationManagerEditor,BtApply,?,"""&Apply""",,,System.Windows.Forms.AnchorStyles.Left,comment,vaultkeeper/ui/dialogs/character_filter.py,AUTO-PORTED,matched in comment/docstring
InstallationManagerEditor,BtSave,?,"""&Save""",,,System.Windows.Forms.AnchorStyles.Left,strong,vaultkeeper/ui/dialogs/wizard_builder.py,AUTO-PORTED,
InstallationManagerEditor,BtCancel,?,"""Canc&el""",,,System.Windows.Forms.AnchorStyles.Left,none,,GAP?,
InstallationManagerEditor,SplitterLine1,?,,,System.Windows.Forms.DockStyle.Top,,none,,GAP?,
InstallationManagerEditor,ScMain,?,,,System.Windows.Forms.DockStyle.Fill,,none,,GAP?,
InstallationManagerEditor,ScSets,?,,,System.Windows.Forms.DockStyle.Fill,,none,,GAP?,
InstallationManagerEditor,LpSets,?,,,System.Windows.Forms.DockStyle.Fill,,none,,GAP?,
InstallationManagerEditor,LbSets,?,"""Installation Sets""",System.Drawing.ContentAlignment.MiddleLeft,,"CType((System.Windows.Forms.AnchorStyles.Left Or System.Windows.Forms.AnchorStyles.Right), System.Windows.Forms.AnchorStyles)",none,,GAP?,
InstallationManagerEditor,LvSets,?,,,System.Windows.Forms.DockStyle.Fill,,none,,GAP?,
InstallationManagerEditor,ColumnHeaderPlus1,?,"""Installation Sets""",,,,none,,GAP?,
InstallationManagerEditor,LpGroupSelector,?,,,System.Windows.Forms.DockStyle.Fill,,none,,GAP?,
InstallationManagerEditor,LbGroupSelector,?,"""Group Selector""",System.Drawing.ContentAlignment.MiddleLeft,,"CType((System.Windows.Forms.AnchorStyles.Left Or System.Windows.Forms.AnchorStyles.Right), System.Windows.Forms.AnchorStyles)",none,,GAP?,
InstallationManagerEditor,LvGroupSelector,?,,,System.Windows.Forms.DockStyle.Fill,,none,,GAP?,
InstallationManagerEditor,ColumnHeaderPlus4,?,"""Groups""",,,,none,,GAP?,
InstallationManagerEditor,ScGroups,?,,,System.Windows.Forms.DockStyle.Fill,,none,,GAP?,
InstallationManagerEditor,LpGroups,?,,,System.Windows.Forms.DockStyle.Fill,,none,,GAP?,
InstallationManagerEditor,LbGroups,?,"""Set Name""",System.Drawing.ContentAlignment.MiddleLeft,,"CType((System.Windows.Forms.AnchorStyles.Left Or System.Windows.Forms.AnchorStyles.Right), System.Windows.Forms.AnchorStyles)",none,,GAP?,
InstallationManagerEditor,LvGroups,?,,,System.Windows.Forms.DockStyle.Fill,,strong,vaultkeeper/ui/controller.py,AUTO-PORTED,
InstallationManagerEditor,ColumnHeaderPlus2,?,"""Groups""",,,,none,,GAP?,
InstallationManagerEditor,LpMods,?,,,System.Windows.Forms.DockStyle.Fill,,none,,GAP?,
InstallationManagerEditor,LbMods,?,"""Group Name""",System.Drawing.ContentAlignment.MiddleLeft,,"CType((System.Windows.Forms.AnchorStyles.Left Or System.Windows.Forms.AnchorStyles.Right), System.Windows.Forms.AnchorStyles)",none,,GAP?,
InstallationManagerEditor,LvMods,?,,,System.Windows.Forms.DockStyle.Fill,,strong,vaultkeeper/ui/controller.py,AUTO-PORTED,
InstallationManagerEditor,ColumnHeaderPlus3,?,"""Modules""",,,,none,,GAP?,
InstallationManagerEditor,SplitterLine2,?,,,System.Windows.Forms.DockStyle.Top,,none,,GAP?,
InstallationManagerEditor,LpToolstrip,?,,,System.Windows.Forms.DockStyle.Fill,,none,,GAP?,
InstallationManagerEditor,TsActions,?,"""ToolStrip1""",,,,none,,GAP?,
InstallationManagerEditor,TsCheckpoint,?,"""&Checkpoint""",,,,none,,GAP?,
InstallationManagerEditor,TsCreateSet,?,"""Cre&ate Set""",,,,none,,GAP?,
InstallationManagerEditor,TsRename,?,"""Re&name""",,,,strong,vaultkeeper/ui/main_window.py | vaultkeeper/ui/quick_toolbar.py,AUTO-PORTED,
InstallationManagerEditor,TsPrune,?,"""&Prune""",,,,none,,GAP?,
InstallationManagerEditor,TsDelete,?,"""&Delete""",,,,strong,vaultkeeper/ui/main_window.py | vaultkeeper/ui/quick_toolbar.py,AUTO-PORTED,
InstallationManagerEditor,TsSortBy,?,"""Sort &By""",,,,none,,GAP?,
InstallationManagerEditor,TsCreated,?,"""&Created""",,,,none,,GAP?,
InstallationManagerEditor,TsUpdated,?,"""&Updated""",,,,comment,vaultkeeper/ui/main_window.py | vaultkeeper/ui/quick_toolbar.py,AUTO-PORTED,matched in comment/docstring
InstallationManagerEditor,TsSetName,?,"""&Name""",,,,none,,GAP?,
InstallationManagerEditor,TsAscending,?,"""&Ascending""",,,,none,,GAP?,
InstallationManagerEditor,TsDescending,?,"""&Descending""",,,,none,,GAP?,
InstallationManagerEditor,TsGroupSelector,?,"""Select&or""",,,,none,,GAP?,
InstallationManagerEditor,SplitterLine3,?,,,System.Windows.Forms.DockStyle.Top,,none,,GAP?,
InstallationManagerEditor,ToolStripSeparator1,ToolStripSeparator,,,,,none,,GAP?,
InstallationManagerEditor,ToolStripSeparator2,ToolStripSeparator,,,,,none,,GAP?,
InstallationManagerEditor,ImCheckBoxes,ImageList,,,,,none,,GAP?,
InstallationManagerEditor,ImSelectorCheckBoxes,ImageList,,,,,none,,GAP?,
InstallationManagerEditor,ToolStripSeparator3,ToolStripSeparator,,,,,none,,GAP?,
InstallationManagerEditor,CmActions,ContextMenuStrip,,,,,none,,GAP?,
MenuItemEditor,TlRunMenuEditor,?,,,System.Windows.Forms.DockStyle.Fill,,none,,GAP?,
MenuItemEditor,TlActions,?,,,System.Windows.Forms.DockStyle.Fill,,none,,GAP?,
MenuItemEditor,BtSave,?,"""Save""",,,"CType((System.Windows.Forms.AnchorStyles.Left Or System.Windows.Forms.AnchorStyles.Right), System.Windows.Forms.AnchorStyles)",strong,vaultkeeper/ui/dialogs/wizard_builder.py,AUTO-PORTED,
MenuItemEditor,BtCancel,?,"""Cancel""",,,"CType((System.Windows.Forms.AnchorStyles.Left Or System.Windows.Forms.AnchorStyles.Right), System.Windows.Forms.AnchorStyles)",none,,GAP?,
MenuItemEditor,MlErrors,?,"""Error messages""",,,"CType((System.Windows.Forms.AnchorStyles.Left Or System.Windows.Forms.AnchorStyles.Right), System.Windows.Forms.AnchorStyles)",none,,GAP?,
MenuItemEditor,LbMenuTextInfo,?,"""The text you enter is displayed on the list of items that are displayed when you "" &",,,"CType((System.Windows.Forms.AnchorStyles.Left Or System.Windows.Forms.AnchorStyles.Right), System.Windows.Forms.AnchorStyles)",none,,GAP?,
MenuItemEditor,LbMenuText,?,"""Menu Text:""",,,"CType((System.Windows.Forms.AnchorStyles.Left Or System.Windows.Forms.AnchorStyles.Right), System.Windows.Forms.AnchorStyles)",none,,GAP?,
MenuItemEditor,LbLocation,?,"""Location Type:""",,,"CType((System.Windows.Forms.AnchorStyles.Left Or System.Windows.Forms.AnchorStyles.Right), System.Windows.Forms.AnchorStyles)",none,,GAP?,
MenuItemEditor,TlProgramPath,?,,,System.Windows.Forms.DockStyle.Fill,,none,,GAP?,
MenuItemEditor,TxLocation,?,"""Location information""",,,"CType((System.Windows.Forms.AnchorStyles.Left Or System.Windows.Forms.AnchorStyles.Right), System.Windows.Forms.AnchorStyles)",none,,GAP?,
MenuItemEditor,BhBrowseLocation,?,,,,System.Windows.Forms.AnchorStyles.Left,none,,GAP?,
MenuItemEditor,LbLocationInfo,?,"""Type in the full path of the program's executable file or click the Browse button"" &",,,"CType((System.Windows.Forms.AnchorStyles.Left Or System.Windows.Forms.AnchorStyles.Right), System.Windows.Forms.AnchorStyles)",none,,GAP?,
MenuItemEditor,TlProgramName,?,,,System.Windows.Forms.DockStyle.Fill,,none,,GAP?,
MenuItemEditor,TxMenuText,?,,,,"CType((System.Windows.Forms.AnchorStyles.Left Or System.Windows.Forms.AnchorStyles.Right), System.Windows.Forms.AnchorStyles)",none,,GAP?,
MenuItemEditor,PbCharCount,?,"""1 of 35 chars used.""",,,"CType((System.Windows.Forms.AnchorStyles.Left Or System.Windows.Forms.AnchorStyles.Right), System.Windows.Forms.AnchorStyles)",none,,GAP?,
MenuItemEditor,SplitterLine1,?,,,System.Windows.Forms.DockStyle.Top,,none,,GAP?,
MenuItemEditor,SplitterLine2,?,,,System.Windows.Forms.DockStyle.Top,,none,,GAP?,
ModExplorer,LpMain,?,,,System.Windows.Forms.DockStyle.Fill,,none,,GAP?,
ModExplorer,ScMain,?,,,System.Windows.Forms.DockStyle.Fill,,none,,GAP?,
ModExplorer,LvExplorer,?,,,System.Windows.Forms.DockStyle.Fill,,none,,GAP?,
ModExplorer,ChProfile,?,"""Mod Filter""",,,,none,,GAP?,
ModExplorer,ChRating,?,"""Rating""",,,,none,,GAP?,
ModExplorer,ChWeapon,?,"""Weapon""",,,,none,,GAP?,
ModExplorer,ChStart,?,"""Start""",,,,none,,GAP?,
ModExplorer,ChEnd,?,"""End""",,,,none,,GAP?,
ModExplorer,ChHench,?,"""Hench""",,,,none,,GAP?,
ModExplorer,CmCopyNames,?,"""Copy Mod Names""",,,,none,,GAP?,
ModExplorer,CmAddToRecentMods,?,"""Add to Recent Mods""",,,,none,,GAP?,
ModExplorer,ScDetails,?,,,System.Windows.Forms.DockStyle.Fill,,strong,vaultkeeper/ui/main_window.py,AUTO-PORTED,
ModExplorer,LpNotes,?,,,System.Windows.Forms.DockStyle.Fill,,none,,GAP?,
ModExplorer,RtbNotes,?,"""""",,System.Windows.Forms.DockStyle.Fill,,none,,GAP?,
ModExplorer,LbModLink,?,"""Mod Name""",System.Drawing.ContentAlignment.MiddleLeft,,"CType((System.Windows.Forms.AnchorStyles.Left Or System.Windows.Forms.AnchorStyles.Right), System.Windows.Forms.AnchorStyles)",none,,GAP?,
ModExplorer,SpEditLine,?,,,System.Windows.Forms.DockStyle.Top,,none,,GAP?,
ModExplorer,RttNotes,?,"""RichTextToolbar1""",,,,none,,GAP?,
ModExplorer,LvPlayTimes,?,,,System.Windows.Forms.DockStyle.Fill,,none,,GAP?,
ModExplorer,ChCompleted,?,"""Completed""",,,,none,,GAP?,
ModExplorer,ChTimePlayed,?,"""Time Played""",,,,none,,GAP?,
ModExplorer,ChUser,?,"""User""",,,,none,,GAP?,
ModExplorer,SplitterLine4,?,,,System.Windows.Forms.DockStyle.Top,,none,,GAP?,
ModExplorer,LpFilters,?,,,System.Windows.Forms.DockStyle.Fill,,none,,GAP?,
ModExplorer,LvGroupFilters,?,,,System.Windows.Forms.DockStyle.Fill,,none,,GAP?,
ModExplorer,ColumnHeaderPlus7,?,"""Group Filter""",,,,none,,GAP?,
ModExplorer,LvPrefixFilters,?,,,System.Windows.Forms.DockStyle.Fill,,none,,GAP?,
ModExplorer,ColumnHeaderPlus8,?,"""Mod Prefix Filter""",,,,none,,GAP?,
ModExplorer,SplitterLine3,?,,,,,none,,GAP?,
ModExplorer,TsMenu,?,"""ToolStrip1""",,,,none,,GAP?,
ModExplorer,TsModStateFilter,?,"""Mod State Filter""",,,,none,,GAP?,
ModExplorer,TsStateClear,?,"""Clear""",,,,none,,GAP?,
ModExplorer,TsStateGreater,?,"""More files installed""",,,,none,,GAP?,
ModExplorer,TsStateLess,?,"""Less files installed""",,,,none,,GAP?,
ModExplorer,TsStateEqual,?,"""Matching Mod State""",,,,none,,GAP?,
ModExplorer,TxModFilter,?,"""Mod Filter""",,,,none,,GAP?,
ModExplorer,TxRating,?,"""Rating Filter""",,,,none,,GAP?,
ModExplorer,TxWeapon,?,"""Weapon Filter""",,,,none,,GAP?,
ModExplorer,TxStart,?,"""Start""",,,,none,,GAP?,
ModExplorer,TxEnd,?,"""End""",,,,none,,GAP?,
ModExplorer,TxHench,?,"""Hench""",,,,comment,vaultkeeper/ui/dialogs/mod_properties.py,AUTO-PORTED,matched in comment/docstring
ModExplorer,TsClearTextFilters,?,"""Clear""",,,,none,,GAP?,
ModExplorer,TxNotesFilter,?,"""Notes Filter""",,,,none,,GAP?,
ModExplorer,TsClearNotesFilter,?,"""Clear""",,,,none,,GAP?,
ModExplorer,TsModFiles,?,"""&Mod Files""",,,,none,,GAP?,
ModExplorer,TsInstallers,?,"""In&stallers""",,,,none,,GAP?,
ModExplorer,TsRestorers,?,"""&Restorers""",,,,none,,GAP?,
ModExplorer,TsIgnoreFilters,?,"""&Filters On""",,,,none,,GAP?,
ModExplorer,TsTools,?,"""&Tools""",,,,none,,GAP?,
ModExplorer,TsUndoGroups,?,"""&Undo Group Changes""",,,,none,,GAP?,
ModExplorer,TsAddPrefix,?,"""&Add Prefix Filter""",,,,none,,GAP?,
ModExplorer,TsEditPrefix,?,"""&Edit Prefix Filter""",,,,none,,GAP?,
ModExplorer,TsUndoPrefix,?,"""U&ndo Prefix Changes""",,,,none,,GAP?,
ModExplorer,TsRemovePrefix,?,"""&Remove Prefix""",,,,none,,GAP?,
ModExplorer,TsCopyNames,?,"""Copy Mod &Names""",,,,none,,GAP?,
ModExplorer,TsAddToRecentMods,?,"""Add to Recent Mods""",,,,none,,GAP?,
ModExplorer,TsHelpExplorer,?,"""ToolStripButton1""",System.Windows.Forms.ToolStripItemAlignment.Right,,,none,,GAP?,
ModExplorer,SplitterLine2,?,,,System.Windows.Forms.DockStyle.Top,,none,,GAP?,
ModExplorer,SplitterLine1,?,,,System.Windows.Forms.DockStyle.Top,,none,,GAP?,
ModExplorer,LpActions,?,,,System.Windows.Forms.DockStyle.Fill,,none,,GAP?,
ModExplorer,BtSelect,?,"""Select""",,,,none,,GAP?,
ModExplorer,BtClose,?,"""Close""",,,,none,,GAP?,
ModExplorer,TsStatus,?,"""ToolStrip1""",,System.Windows.Forms.DockStyle.Fill,,strong,vaultkeeper/ui/status_bar.py,AUTO-PORTED,
ModExplorer,LbMods,?,"""Mods:""",,,,none,,GAP?,
ModExplorer,LbModTotals,?,"""120/154""",,,,none,,GAP?,
ModExplorer,LbFiltered,?,"""Filtered Mods:""",,,,none,,GAP?,
ModExplorer,LbModsFiltered,?,"""232/500""",System.Drawing.ContentAlignment.MiddleLeft,,,none,,GAP?,
ModExplorer,LbGroup,?,"""Group:""",System.Drawing.ContentAlignment.MiddleRight,,,none,,GAP?,
ModExplorer,LbGroupName,?,"""100.  Group Name Text""",System.Drawing.ContentAlignment.MiddleLeft,,,none,,GAP?,
ModExplorer,ToolStripSeparator3,?,,System.Windows.Forms.ToolStripItemAlignment.Right,,,none,,GAP?,
ModExplorer,TsCharacter,?,"""ToolStripButton1""",System.Windows.Forms.ToolStripItemAlignment.Right,,,none,,GAP?,
ModExplorer,MgStatus,?,"""Status Information""",System.Drawing.ContentAlignment.MiddleLeft,,,none,,GAP?,
ModExplorer,LbPlayedInfo,?,"""Played Info""",,,,none,,GAP?,
ModExplorer,CmClear,?,"""Clear""",,,,none,,GAP?,
ModExplorer,CmGreater,?,"""Better than""",,,,none,,GAP?,
ModExplorer,CmLess,?,"""Worse than""",,,,none,,GAP?,
ModExplorer,CmEqual,?,"""Matches""",,,,none,,GAP?,
ModExplorer,ImDefaultCheckBox,ImageList,,,,,none,,GAP?,
ModExplorer,ToolStripSeparator1,ToolStripSeparator,,,,,none,,GAP?,
ModExplorer,ToolStripSeparator2,ToolStripSeparator,,,,,none,,GAP?,
ModExplorer,TsMarker,ToolStripSeparator,,,,,none,,GAP?,
ModExplorer,CmRatingsFilter,ContextMenuStrip,,,,,none,,GAP?,
ModExplorer,CmRatingSeparator,ToolStripSeparator,,,,,none,,GAP?,
ModExplorer,ToolStripSeparator4,ToolStripSeparator,,,,,none,,GAP?,
ModExplorer,ToolStripSeparator5,ToolStripSeparator,,,,,none,,GAP?,
ModExplorer,ToolStripSeparator6,ToolStripSeparator,,,,,none,,GAP?,
ModExplorer,BgNotes,System.ComponentModel.BackgroundWorker,,,,,none,,GAP?,
ModExplorer,ToolStripSeparator7,ToolStripSeparator,,,,,none,,GAP?,
ModExplorer,CmPrefixFilters,ContextMenuStrip,,,,,none,,GAP?,
ModExplorer,CmGroupFilters,ContextMenuStrip,,,,,none,,GAP?,
ModExplorer,ToolStripSeparator8,ToolStripSeparator,,,,,none,,GAP?,
ModExplorer,TsStateSeparator,ToolStripSeparator,,,,,none,,GAP?,
ModExplorer,BgPopulate,System.ComponentModel.BackgroundWorker,,,,,none,,GAP?,
ModExplorer,ToolStripSeparator9,ToolStripSeparator,,,,,none,,GAP?,
ModExplorer,CmExplorer,ContextMenuStrip,,,,,none,,GAP?,
ModExplorer,SepPlayedInfo,ToolStripSeparator,,,,,none,,GAP?,
ModFindAndRename,LpMain,?,,,System.Windows.Forms.DockStyle.Fill,,none,,GAP?,
ModFindAndRename,LpFindReplace,?,,,System.Windows.Forms.DockStyle.Fill,,none,,GAP?,
ModFindAndRename,LbFind,?,"""Fin&d:""",System.Drawing.ContentAlignment.MiddleRight,,"CType((System.Windows.Forms.AnchorStyles.Left Or System.Windows.Forms.AnchorStyles.Right), System.Windows.Forms.AnchorStyles)",none,,GAP?,
ModFindAndRename,TxFind,?,,,,"CType((System.Windows.Forms.AnchorStyles.Left Or System.Windows.Forms.AnchorStyles.Right), System.Windows.Forms.AnchorStyles)",none,,GAP?,
ModFindAndRename,LbReplace,?,"""Replac&e:""",System.Drawing.ContentAlignment.MiddleRight,,"CType((System.Windows.Forms.AnchorStyles.Left Or System.Windows.Forms.AnchorStyles.Right), System.Windows.Forms.AnchorStyles)",none,,GAP?,
ModFindAndRename,TxReplace,?,,,,"CType((System.Windows.Forms.AnchorStyles.Left Or System.Windows.Forms.AnchorStyles.Right), System.Windows.Forms.AnchorStyles)",none,,GAP?,
ModFindAndRename,BuClearFind,?,"""ButtonLabel1""",,,System.Windows.Forms.AnchorStyles.Left,none,,GAP?,
ModFindAndRename,BuClearReplace,?,,,,System.Windows.Forms.AnchorStyles.Left,none,,GAP?,
ModFindAndRename,LpMatchOptions,?,,,System.Windows.Forms.DockStyle.Fill,,none,,GAP?,
ModFindAndRename,CbMatchStart,?,"""Match &start""",,,"CType((System.Windows.Forms.AnchorStyles.Top Or System.Windows.Forms.AnchorStyles.Right), System.Windows.Forms.AnchorStyles)",none,,GAP?,
ModFindAndRename,CbMatchCase,?,"""&Match case""",,,"CType((System.Windows.Forms.AnchorStyles.Top Or System.Windows.Forms.AnchorStyles.Right), System.Windows.Forms.AnchorStyles)",none,,GAP?,
ModFindAndRename,TsTools,?,"""ToolStrip1""",,,,none,,GAP?,
ModFindAndRename,TsFindNext,?,"""&Find Next""",,,,none,,GAP?,
ModFindAndRename,TsReplace,?,"""&Replace""",,,,none,,GAP?,
ModFindAndRename,TsReplaceAll,?,"""Repla&ce All""",,,,none,,GAP?,
ModFindAndRename,TsUndo,?,"""&Undo""",,,,none,,GAP?,
ModFindAndRename,TsUndoAll,?,"""U&ndo All""",,,,none,,GAP?,
ModFindAndRename,TsHelpFindAndRename,?,"""ToolStripButton6""",System.Windows.Forms.ToolStripItemAlignment.Right,,,none,,GAP?,
ModFindAndRename,LbProfileName,?,"""Profile Name""",,,"CType((System.Windows.Forms.AnchorStyles.Left Or System.Windows.Forms.AnchorStyles.Right), System.Windows.Forms.AnchorStyles)",none,,GAP?,
ModFindAndRename,LpActions,?,,,System.Windows.Forms.DockStyle.Fill,,none,,GAP?,
ModFindAndRename,BtApply,?,"""&Apply""",,,System.Windows.Forms.AnchorStyles.Left,comment,vaultkeeper/ui/dialogs/character_filter.py,AUTO-PORTED,matched in comment/docstring
ModFindAndRename,BtCancel,?,"""Cancel""",,,System.Windows.Forms.AnchorStyles.Left,none,,GAP?,
ModFindAndRename,TsStatus,?,"""ToolStrip1""",,System.Windows.Forms.DockStyle.Fill,,strong,vaultkeeper/ui/status_bar.py,AUTO-PORTED,
ModFindAndRename,LbMods,?,"""Mods:""",,,,none,,GAP?,
ModFindAndRename,LbModCount,?,"""999""",,,,none,,GAP?,
ModFindAndRename,LbFound,?,"""Found:""",,,,none,,GAP?,
ModFindAndRename,LbFoundCount,?,"""None""",,,,none,,GAP?,
ModFindAndRename,MiStatus,?,"""Duplicate Mod names generated: 999.""",System.Windows.Forms.ToolStripItemAlignment.Right,,,none,,GAP?,
ModFindAndRename,SplitterLine1,?,,,System.Windows.Forms.DockStyle.Top,,none,,GAP?,
ModFindAndRename,LvMods,?,,,System.Windows.Forms.DockStyle.Fill,,strong,vaultkeeper/ui/controller.py,AUTO-PORTED,
ModFindAndRename,ColumnHeaderPlus1,?,"""Mods""",,,,none,,GAP?,
ModFindAndRename,SplitterLine2,?,,,System.Windows.Forms.DockStyle.Top,,none,,GAP?,
ModFindAndRename,ToolStripSeparator1,ToolStripSeparator,,,,,none,,GAP?,
ModFindAndRename,ToolStripSeparator2,ToolStripSeparator,,,,,none,,GAP?,
ModFindAndRename,BgReplaceAll,System.ComponentModel.BackgroundWorker,,,,,none,,GAP?,
ModFindAndRename,TtControl,LazWorks.Library.Controls.ToolTipPlus,,,,,none,,GAP?,
ModPlayViewer,LpMain,?,,,System.Windows.Forms.DockStyle.Fill,,none,,GAP?,
ModPlayViewer,LpActions,?,,,System.Windows.Forms.DockStyle.Fill,,none,,GAP?,
ModPlayViewer,TsStatus,?,"""ToolStrip1""",,System.Windows.Forms.DockStyle.Fill,,strong,vaultkeeper/ui/status_bar.py,AUTO-PORTED,
ModPlayViewer,LbMods,?,"""Mods:""",,,,none,,GAP?,
ModPlayViewer,LbModTotals,?,"""0/0""",,,,none,,GAP?,
ModPlayViewer,LbFiltered,?,"""Filtered Mods:""",,,,none,,GAP?,
ModPlayViewer,LbModsFiltered,?,"""0.0""",System.Drawing.ContentAlignment.MiddleLeft,,,none,,GAP?,
ModPlayViewer,LbGroup,?,"""Group:""",System.Drawing.ContentAlignment.MiddleRight,,,none,,GAP?,
ModPlayViewer,LbGroupName,?,"""None""",System.Drawing.ContentAlignment.MiddleLeft,,,none,,GAP?,
ModPlayViewer,TsFilterOptions,?,"""Filter Options""",System.Windows.Forms.ToolStripItemAlignment.Right,,,none,,GAP?,
ModPlayViewer,TsOnlyShowCompleted,?,"""Only Show Completed""",,,,none,,GAP?,
ModPlayViewer,TsShowNoEndLevel,?,"""Show no End Level""",,,,none,,GAP?,
ModPlayViewer,TsEndFilter,?,"""Show all End Level values""",,,,none,,GAP?,
ModPlayViewer,TsFilters,?,"""Group and Rating Filters...""",,,,none,,GAP?,
ModPlayViewer,TsRestoreSelected,?,"""Restore selection at start-up""",,,,none,,GAP?,
ModPlayViewer,ToolStripSeparator3,?,,System.Windows.Forms.ToolStripItemAlignment.Right,,,none,,GAP?,
ModPlayViewer,TsCharacter,?,"""ToolStripButton1""",System.Windows.Forms.ToolStripItemAlignment.Right,,,none,,GAP?,
ModPlayViewer,MgStatus,?,"""Status Information""",System.Drawing.ContentAlignment.MiddleLeft,,,none,,GAP?,
ModPlayViewer,LbPlayedInfo,?,"""Played Info""",,,,none,,GAP?,
ModPlayViewer,BtSelect,?,"""Select""",,,,none,,GAP?,
ModPlayViewer,BtClose,?,"""Close""",,,,none,,GAP?,
ModPlayViewer,BtRecent,?,"""Recent""",,,,none,,GAP?,
ModPlayViewer,LpMainHeading,?,,,System.Windows.Forms.DockStyle.Fill,,none,,GAP?,
ModPlayViewer,PicModPlay,?,,,System.Windows.Forms.DockStyle.Fill,,none,,GAP?,
ModPlayViewer,LbModPlay,?,"""List of Mods sorted by the last date the Mod was completed and ordered from the o"" &",,,"CType((System.Windows.Forms.AnchorStyles.Left Or System.Windows.Forms.AnchorStyles.Right), System.Windows.Forms.AnchorStyles)",none,,GAP?,
ModPlayViewer,BhModsPlayed,?,"""ButtonLabel1""",,,System.Windows.Forms.AnchorStyles.Left,strong,vaultkeeper/ui/dialogs/mod_play_viewer.py | vaultkeeper/ui/dialogs/play_data_viewer.py,AUTO-PORTED,
ModPlayViewer,SplitterLine1,?,,,System.Windows.Forms.DockStyle.Top,,none,,GAP?,
ModPlayViewer,SplitterLine2,?,,,System.Windows.Forms.DockStyle.Top,,none,,GAP?,
ModPlayViewer,ScMain,?,,,System.Windows.Forms.DockStyle.Fill,,none,,GAP?,
ModPlayViewer,LpModList,?,,,System.Windows.Forms.DockStyle.Fill,,none,,GAP?,
ModPlayViewer,LvModInfo,?,,,System.Windows.Forms.DockStyle.Fill,,none,,GAP?,
ModPlayViewer,ChModName,?,"""Mod Name""",,,,none,,GAP?,
ModPlayViewer,ChModCompleted,?,"""Completed""",,,,none,,GAP?,
ModPlayViewer,ChTimePlayed,?,"""Time Played""",,,,none,,GAP?,
ModPlayViewer,ChRating,?,"""Rating""",,,,none,,GAP?,
ModPlayViewer,ChStart,?,"""Start""",,,,none,,GAP?,
ModPlayViewer,ChEnd,?,"""End""",,,,none,,GAP?,
ModPlayViewer,CmAddToRecentMods,?,"""Add to Recent Mods""",,,,none,,GAP?,
ModPlayViewer,CmSelect,?,"""Select""",,,,none,,GAP?,
ModPlayViewer,CmCopyName,?,"""Copy Mod Name""",,,,none,,GAP?,
ModPlayViewer,ScModInfo,?,,,System.Windows.Forms.DockStyle.Fill,,none,,GAP?,
ModPlayViewer,LpModNotes,?,,,System.Windows.Forms.DockStyle.Fill,,none,,GAP?,
ModPlayViewer,RttNotes,?,"""RichTextToolbar1""",,,,none,,GAP?,
ModPlayViewer,RtModInfo,?,"""""",,System.Windows.Forms.DockStyle.Fill,,none,,GAP?,
ModPlayViewer,SpEditLine,?,,,System.Windows.Forms.DockStyle.Top,,none,,GAP?,
ModPlayViewer,LbModLink,?,"""Mod Name""",System.Drawing.ContentAlignment.MiddleLeft,,"CType((System.Windows.Forms.AnchorStyles.Left Or System.Windows.Forms.AnchorStyles.Right), System.Windows.Forms.AnchorStyles)",none,,GAP?,
ModPlayViewer,TsWeapon,?,"""ToolStrip1""",,,,none,,GAP?,
ModPlayViewer,ToolStripLabel1,?,"""Best Weapon:""",,,,none,,GAP?,
ModPlayViewer,LbWeapon,?,"""Long Sword""",,,,none,,GAP?,
ModPlayViewer,SplitterLine3,?,,,System.Windows.Forms.DockStyle.Top,,none,,GAP?,
ModPlayViewer,LpPlayTimes,?,,,System.Windows.Forms.DockStyle.Fill,,none,,GAP?,
ModPlayViewer,LvPlayTimes,?,,,System.Windows.Forms.DockStyle.Fill,,none,,GAP?,
ModPlayViewer,ChCompleted,?,"""Completed""",,,,none,,GAP?,
ModPlayViewer,ChPlayTime,?,"""Time Played""",,,,none,,GAP?,
ModPlayViewer,ChUser,?,"""User""",,,,none,,GAP?,
ModPlayViewer,ToolStripSeparator1,ToolStripSeparator,,,,,none,,GAP?,
ModPlayViewer,ToolStripSeparator2,ToolStripSeparator,,,,,none,,GAP?,
ModPlayViewer,CmPlayed,ContextMenuStrip,,,,,none,,GAP?,
ModPlayViewer,ToolStripSeparator5,ToolStripSeparator,,,,,none,,GAP?,
ModPlayViewer,TtPlayed,LazWorks.Library.Controls.ToolTipPlus,,,,,none,,GAP?,
ModPlayViewer,ToolStripSeparator4,ToolStripSeparator,,,,,none,,GAP?,
ModPlayViewer,BgGetPlayedInfo,System.ComponentModel.BackgroundWorker,,,,,none,,GAP?,
ModPlayViewer,SepPlayedInfo,ToolStripSeparator,,,,,none,,GAP?,
ModPlayViewer,ToolStripSeparator6,ToolStripSeparator,,,,,none,,GAP?,
MsgPicture,PicFile,?,,,,,none,,GAP?,
MsgPicture,PnMain,?,,,System.Windows.Forms.DockStyle.Fill,,none,,GAP?,
MsgPicture,PnActions,?,,,System.Windows.Forms.DockStyle.Top,,none,,GAP?,
MsgPicture,PicClose,?,,,System.Windows.Forms.DockStyle.Fill,,none,,GAP?,
MsgPicture,BtOpen,?,"""Open with""",,,System.Windows.Forms.AnchorStyles.Left,none,,GAP?,
MsgPicture,PicFullscreen,?,,,System.Windows.Forms.DockStyle.Fill,,none,,GAP?,
MsgPicture,LpActions,?,,,System.Windows.Forms.DockStyle.Fill,,none,,GAP?,
MsgPicture,PnImage,?,,,System.Windows.Forms.DockStyle.Fill,,none,,GAP?,
MsgPicture,TtControl,LazWorks.Library.Controls.ToolTipPlus,,,,,none,,GAP?,
NIT,MsMenu,?,,,,,strong,vaultkeeper/ui/menu_bar.py,AUTO-PORTED,
NIT,MsFile,?,"""&File""",,,,strong,vaultkeeper/ui/menu_bar.py,AUTO-PORTED,
NIT,MsLoadProfile,?,"""&Load Profile""",,,,strong,vaultkeeper/ui/main_window.py | vaultkeeper/ui/menu_bar.py,AUTO-PORTED,
NIT,MsOpen,?,"""&Open""",,,,strong,vaultkeeper/ui/main_window.py | vaultkeeper/ui/menu_bar.py,AUTO-PORTED,
NIT,MsDownloadProject,?,"""Do&wnload Project""",,,,strong,vaultkeeper/ui/main_window.py | vaultkeeper/ui/menu_bar.py,AUTO-PORTED,
NIT,MsAddFiles,?,"""Add &Files to Mod""",,,,strong,vaultkeeper/ui/main_window.py | vaultkeeper/ui/menu_bar.py,AUTO-PORTED,
NIT,MsAddMods,?,"""&Add Mods from Files""",,,,strong,vaultkeeper/ui/controller.py | vaultkeeper/ui/main_window.py | vaultkeeper/ui/menu_bar.py,AUTO-PORTED,
NIT,MsUpdateDownloads,?,"""Move to &Downloads""",,,,strong,vaultkeeper/ui/main_window.py | vaultkeeper/ui/menu_bar.py,AUTO-PORTED,
NIT,MsMoveToFolder,?,"""&Move to Folder""",,,,strong,vaultkeeper/ui/menu_bar.py,Deferred,LazWorks FileView Navigator/CurrentFolder model not ported (structural divergence).
NIT,MsMoveToHistory,?,"""Move to &History""",,,,strong,vaultkeeper/ui/menu_bar.py,Deferred,LazWorks FileView Navigator/CurrentFolder model not ported (structural divergence).
NIT,MsMoveToDev,?,"""Move to Development""",,,,strong,vaultkeeper/ui/menu_bar.py,Deferred,LazWorks FileView Navigator/CurrentFolder model not ported (structural divergence).
NIT,MsNewFolder,?,"""&New Folder""",,,,strong,vaultkeeper/ui/menu_bar.py,Deferred,LazWorks FileView Navigator/CurrentFolder model not ported (structural divergence).
NIT,MsNewTextFile,?,"""New &Text File""",,,,strong,vaultkeeper/ui/menu_bar.py,Deferred,LazWorks FileView Navigator/CurrentFolder model not ported (structural divergence).
NIT,MsNewRtfFile,?,"""Ne&w RTF File""",,,,strong,vaultkeeper/ui/menu_bar.py,Deferred,LazWorks FileView Navigator/CurrentFolder model not ported (structural divergence).
NIT,MsBackupData,?,"""&Backup Data""",,,,strong,vaultkeeper/ui/main_window.py | vaultkeeper/ui/menu_bar.py,AUTO-PORTED,
NIT,MsRestoreData,?,"""&Restore Data""",,,,strong,vaultkeeper/ui/main_window.py | vaultkeeper/ui/menu_bar.py,AUTO-PORTED,
NIT,MsExportMods,?,"""&Export Mods""",,,,strong,vaultkeeper/ui/main_window.py | vaultkeeper/ui/menu_bar.py,Deferred,"SharedNit/BackupManager network-share sync; low value single-machine, no NRBF writer."
NIT,MsImportMods,?,"""&Import Mods""",,,,strong,vaultkeeper/ui/menu_bar.py,Deferred,"SharedNit/BackupManager network-share sync; low value single-machine, no NRBF writer."
NIT,MsOpenSharedStore,?,"""Open Shared NIT Store""",,,,strong,vaultkeeper/ui/menu_bar.py,Deferred,"SharedNit/BackupManager network-share sync; low value single-machine, no NRBF writer."
NIT,MsConnect,?,"""Connect to Shared NIT Store""",,,,strong,vaultkeeper/ui/menu_bar.py,Divergence,Intentional cross-platform / config-isolation omission; left visible-but-disabled by design.
NIT,MsExtractPortraits,?,"""Extract Portrait Images""",,,,strong,vaultkeeper/ui/main_window.py | vaultkeeper/ui/menu_bar.py,AUTO-PORTED,
NIT,MsDisplayInfo,?,"""Display Additional Info""",,,,strong,vaultkeeper/ui/main_window.py | vaultkeeper/ui/menu_bar.py,AUTO-PORTED,
NIT,MsProperties,?,"""&Properties""",,,,strong,vaultkeeper/ui/dialogs/mod_properties.py | vaultkeeper/ui/main_window.py | vaultkeeper/ui/menu_bar.py,AUTO-PORTED,
NIT,MsRestart,?,"""Re&start""",,,,strong,vaultkeeper/ui/main_window.py | vaultkeeper/ui/menu_bar.py,AUTO-PORTED,
NIT,MsExit,?,"""E&xit""",,,,strong,vaultkeeper/ui/main_window.py | vaultkeeper/ui/menu_bar.py,AUTO-PORTED,
NIT,MsEdit,?,"""&Edit""",,,,strong,vaultkeeper/ui/menu_bar.py,AUTO-PORTED,
NIT,MsRecentMods,?,"""Recent Mods""",,,,strong,vaultkeeper/ui/main_window.py | vaultkeeper/ui/menu_bar.py,AUTO-PORTED,
NIT,MsSelectAll,?,"""Select &All""",,,,strong,vaultkeeper/ui/main_window.py | vaultkeeper/ui/menu_bar.py,AUTO-PORTED,
NIT,MsCut,?,"""Cu&t""",,,,strong,vaultkeeper/ui/main_window.py | vaultkeeper/ui/menu_bar.py,AUTO-PORTED,
NIT,MsCopy,?,"""&Copy""",,,,strong,vaultkeeper/ui/main_window.py | vaultkeeper/ui/menu_bar.py,AUTO-PORTED,
NIT,MsCopyName,?,"""C&opy Name""",,,,strong,vaultkeeper/ui/main_window.py | vaultkeeper/ui/menu_bar.py,AUTO-PORTED,
NIT,MsPaste,?,"""&Paste""",,,,strong,vaultkeeper/ui/main_window.py | vaultkeeper/ui/menu_bar.py,AUTO-PORTED,
NIT,MsDelete,?,"""&Delete""",,,,strong,vaultkeeper/ui/main_window.py | vaultkeeper/ui/menu_bar.py,AUTO-PORTED,
NIT,MsRename,?,"""&Rename...""",,,,strong,vaultkeeper/ui/main_window.py | vaultkeeper/ui/menu_bar.py,AUTO-PORTED,
NIT,MsFind,?,"""&Find...""",,,,strong,vaultkeeper/ui/main_window.py | vaultkeeper/ui/menu_bar.py,AUTO-PORTED,
NIT,MsFindAndRename,?,"""Find and Rename &Mods...""",,,,strong,vaultkeeper/ui/menu_bar.py,Deferred,Needs an unported subsystem/editor; tracked in handoff.
NIT,MsGoToGroup,?,"""&Go to Group...""",,,,strong,vaultkeeper/ui/main_window.py | vaultkeeper/ui/menu_bar.py,AUTO-PORTED,
NIT,MsCancelGoTo,?,"""Cancel""",,,,none,,GAP?,
NIT,MsGroupNone,?,"""None""",,,,none,,GAP?,
NIT,MsConvertRestorer,?,"""Conv&ert Restorer to Mod""",,,,strong,vaultkeeper/ui/controller.py | vaultkeeper/ui/main_window.py | vaultkeeper/ui/menu_bar.py,AUTO-PORTED,
NIT,MsEditWebLink,?,"""Edit &Link to Mod's Web Page""",,,,strong,vaultkeeper/ui/controller.py | vaultkeeper/ui/main_window.py | vaultkeeper/ui/menu_bar.py,AUTO-PORTED,
NIT,MsCopyWebLink,?,"""Copy Mod's &Web Page Link""",,,,strong,vaultkeeper/ui/main_window.py | vaultkeeper/ui/menu_bar.py,AUTO-PORTED,
NIT,MsEditStartScreenPrefixes,?,"""Edit Start Screen Prefixes""",,,,strong,vaultkeeper/ui/menu_bar.py,Deferred,Needs an unported subsystem/editor; tracked in handoff.
NIT,MsView,?,"""&View""",,,,strong,vaultkeeper/ui/menu_bar.py,AUTO-PORTED,
NIT,MsCollapseAllGroups,?,"""&Collapse All Groups""",,,,strong,vaultkeeper/ui/main_window.py | vaultkeeper/ui/menu_bar.py,AUTO-PORTED,
NIT,MsExpandAllGroups,?,"""&Expand All Groups""",,,,strong,vaultkeeper/ui/main_window.py | vaultkeeper/ui/menu_bar.py,AUTO-PORTED,
NIT,MsCharacterSummary,?,"""C&haracter Summary""",,,,strong,vaultkeeper/ui/main_window.py | vaultkeeper/ui/menu_bar.py,AUTO-PORTED,
NIT,MsModsPlayed,?,"""Mods So&rted by Date Completed""",,,,strong,vaultkeeper/ui/main_window.py | vaultkeeper/ui/menu_bar.py,AUTO-PORTED,
NIT,MsConflicts,?,"""&Mod File Conflicts""",,,,strong,vaultkeeper/ui/main_window.py | vaultkeeper/ui/menu_bar.py,AUTO-PORTED,
NIT,MsWorkshopViewer,?,"""&Steam Workshop Subscriptions""",,,,strong,vaultkeeper/ui/main_window.py | vaultkeeper/ui/menu_bar.py,AUTO-PORTED,
NIT,MsLogFile,?,"""NIT &Log File""",,,,strong,vaultkeeper/ui/main_window.py | vaultkeeper/ui/menu_bar.py,AUTO-PORTED,
NIT,MsDisplaySettings,?,"""NIT &User Config File""",,,,strong,vaultkeeper/ui/menu_bar.py,Divergence,Intentional cross-platform / config-isolation omission; left visible-but-disabled by design.
NIT,MsOpenRulesFile,?,"""&Download Rules File""",,,,strong,vaultkeeper/ui/menu_bar.py,Divergence,Intentional cross-platform / config-isolation omission; left visible-but-disabled by design.
NIT,MsNwnClientLogFile,?,"""&NWN Client Log File""",,,,strong,vaultkeeper/ui/main_window.py | vaultkeeper/ui/menu_bar.py,AUTO-PORTED,
NIT,MsNwnEngineLogFile,?,"""NWN Engine Log File""",,,,strong,vaultkeeper/ui/main_window.py | vaultkeeper/ui/menu_bar.py,AUTO-PORTED,
NIT,MsNWNIniFile,?,"""N&WN Ini File""",,,,strong,vaultkeeper/ui/main_window.py | vaultkeeper/ui/menu_bar.py,AUTO-PORTED,
NIT,MsNwnSettingsFile,?,"""NWN Settings &File""",,,,strong,vaultkeeper/ui/main_window.py | vaultkeeper/ui/menu_bar.py,AUTO-PORTED,
NIT,MsNWNPlayerIniFile,?,"""NWN &Player Ini File""",,,,strong,vaultkeeper/ui/main_window.py | vaultkeeper/ui/menu_bar.py,AUTO-PORTED,
NIT,MsNwnPatchIniFile,?,"""NWN P&atch Ini File""",,,,strong,vaultkeeper/ui/main_window.py | vaultkeeper/ui/menu_bar.py,AUTO-PORTED,
NIT,MsNwnToolsetIniFile,?,"""NWN &Toolset Ini File""",,,,strong,vaultkeeper/ui/main_window.py | vaultkeeper/ui/menu_bar.py,AUTO-PORTED,
NIT,MsNwnConfigIniFile,?,"""NWN C&onfig Ini File""",,,,strong,vaultkeeper/ui/main_window.py | vaultkeeper/ui/menu_bar.py,AUTO-PORTED,
NIT,MsViewClipboard,?,"""Clip&board""",,,,strong,vaultkeeper/ui/menu_bar.py,Divergence,Intentional cross-platform / config-isolation omission; left visible-but-disabled by design.
NIT,MsManage,?,"""&Manage""",,,,strong,vaultkeeper/ui/menu_bar.py,AUTO-PORTED,
NIT,MsNewGroup,?,"""New &Group""",,,,strong,vaultkeeper/ui/main_window.py | vaultkeeper/ui/menu_bar.py,AUTO-PORTED,
NIT,MsMoveToGroup,?,"""&Move to Group...""",,,,strong,vaultkeeper/ui/main_window.py | vaultkeeper/ui/menu_bar.py,AUTO-PORTED,
NIT,msCancelMoveTo,?,"""Cancel""",,,,none,,GAP?,
NIT,msMoveToNone,?,"""None""",,,,none,,GAP?,
NIT,MsNewMod,?,"""&New Mod""",,,,strong,vaultkeeper/ui/main_window.py | vaultkeeper/ui/menu_bar.py,AUTO-PORTED,
NIT,MsCreateInstaller,?,"""&Create Installer""",,,,strong,vaultkeeper/ui/main_window.py | vaultkeeper/ui/menu_bar.py,AUTO-PORTED,
NIT,MsCreateMissingInstallers,?,"""Create Mi&ssing Installers""",,,,strong,vaultkeeper/ui/controller.py | vaultkeeper/ui/main_window.py | vaultkeeper/ui/menu_bar.py,AUTO-PORTED,
NIT,MsChangeInstaller,?,"""Chan&ge Installer Options""",,,,strong,vaultkeeper/ui/main_window.py | vaultkeeper/ui/menu_bar.py,AUTO-PORTED,
NIT,MsCreateRestorer,?,"""Create &Restorer""",,,,strong,vaultkeeper/ui/main_window.py | vaultkeeper/ui/menu_bar.py,AUTO-PORTED,
NIT,MsCreateOriginalRestorers,?,"""Crea&te Original Restorers""",,,,strong,vaultkeeper/ui/menu_bar.py,Deferred,Needs an unported subsystem/editor; tracked in handoff.
NIT,MsLoadscreens,?,"""N&WN's Start Screens""",,,,strong,vaultkeeper/ui/main_window.py | vaultkeeper/ui/menu_bar.py,AUTO-PORTED,
NIT,MsHakPatchEditor,?,"""&Hak Patch Priority""",,,,strong,vaultkeeper/ui/menu_bar.py,Deferred,Needs an unported subsystem/editor; tracked in handoff.
NIT,MsAliasSection,?,"""A&lias Section (nwn.ini)""",,,,strong,vaultkeeper/ui/menu_bar.py,Deferred,Needs an unported subsystem/editor; tracked in handoff.
NIT,MsPublishMod,?,"""&Publish Mod""",,,,strong,vaultkeeper/ui/main_window.py | vaultkeeper/ui/menu_bar.py,AUTO-PORTED,
NIT,MsAnneal,?,"""&Anneal""",,,,strong,vaultkeeper/ui/main_window.py | vaultkeeper/ui/menu_bar.py,AUTO-PORTED,
NIT,MsRemoveIllegalModFiles,?,"""Remove Illegal Mod &Files""",,,,strong,vaultkeeper/ui/main_window.py | vaultkeeper/ui/menu_bar.py,AUTO-PORTED,
NIT,MsRemoveErfs,?,"""Remove &ERF Files""",,,,strong,vaultkeeper/ui/main_window.py | vaultkeeper/ui/menu_bar.py,AUTO-PORTED,
NIT,MsRemoveLetoLogFiles,?,"""Remove Leto Log Files""",,,,strong,vaultkeeper/ui/main_window.py | vaultkeeper/ui/menu_bar.py,AUTO-PORTED,
NIT,MsSynchroniseMods,?,"""Synchronise Mo&ds""",,,,strong,vaultkeeper/ui/menu_bar.py,Deferred,"SharedNit/BackupManager network-share sync; low value single-machine, no NRBF writer."
NIT,MsCompact,?,"""C&ompress Mod Folder""",,,,strong,vaultkeeper/ui/main_window.py | vaultkeeper/ui/menu_bar.py,AUTO-PORTED,
NIT,MsInstall,?,"""&Install""",,,,strong,vaultkeeper/ui/controller.py | vaultkeeper/ui/main_window.py | vaultkeeper/ui/menu_bar.py,AUTO-PORTED,
NIT,MsUninstall,?,"""&Uninstall""",,,,strong,vaultkeeper/ui/main_window.py | vaultkeeper/ui/menu_bar.py,AUTO-PORTED,
NIT,MsTools,?,"""&Tools""",,,,strong,vaultkeeper/ui/menu_bar.py,AUTO-PORTED,
NIT,MsModExplorer,?,"""Mod &Explorer""",,,,strong,vaultkeeper/ui/main_window.py | vaultkeeper/ui/menu_bar.py,AUTO-PORTED,
NIT,MsCharacterExplorer,?,"""C&haracter Explorer""",,,,strong,vaultkeeper/ui/main_window.py | vaultkeeper/ui/menu_bar.py,AUTO-PORTED,
NIT,MsDocOrganiser,?,"""Documentation &Organiser""",,,,strong,vaultkeeper/ui/main_window.py | vaultkeeper/ui/menu_bar.py,AUTO-PORTED,
NIT,MsGameSaves,?,"""Game &Saves Manager""",,,,strong,vaultkeeper/ui/main_window.py | vaultkeeper/ui/menu_bar.py,AUTO-PORTED,
NIT,MsBackupManager,?,"""&Backup and Export Manager""",,,,strong,vaultkeeper/ui/menu_bar.py,Deferred,"SharedNit/BackupManager network-share sync; low value single-machine, no NRBF writer."
NIT,MsInstallationManager,?,"""Installation &Manager""",,,,strong,vaultkeeper/ui/menu_bar.py,Deferred,Needs an unported subsystem/editor; tracked in handoff.
NIT,MsInstallationAnalyser,?,"""Installation &Analyser""",,,,strong,vaultkeeper/ui/main_window.py | vaultkeeper/ui/menu_bar.py,AUTO-PORTED,
NIT,MsWizardBuilder,?,"""Installer Wi&zard Builder""",,,,strong,vaultkeeper/ui/main_window.py | vaultkeeper/ui/menu_bar.py,AUTO-PORTED,
NIT,MsDependencyManager,?,"""Dependenc&y Manager""",,,,strong,vaultkeeper/ui/main_window.py | vaultkeeper/ui/menu_bar.py,AUTO-PORTED,
NIT,MsPortraitManager,?,"""Por&trait Manager""",,,,strong,vaultkeeper/ui/main_window.py | vaultkeeper/ui/menu_bar.py,AUTO-PORTED,
NIT,MsUpdateEeFiles,?,"""&Update Enhanced Edition Files""",,,,strong,vaultkeeper/ui/menu_bar.py,Divergence,Intentional cross-platform / config-isolation omission; left visible-but-disabled by design.
NIT,MsRefreshWorkshopFiles,?,"""Refresh Steam &Workshop Files""",,,,strong,vaultkeeper/ui/menu_bar.py,Deferred,Needs an unported subsystem/editor; tracked in handoff.
NIT,MsValidateMovieFiles,?,"""Validate Movie &Files""",,,,strong,vaultkeeper/ui/controller.py | vaultkeeper/ui/main_window.py | vaultkeeper/ui/menu_bar.py,AUTO-PORTED,
NIT,MsValidateProfileData,?,"""&Validate Profile Data""",,,,strong,vaultkeeper/ui/main_window.py | vaultkeeper/ui/menu_bar.py,AUTO-PORTED,
NIT,MsValidateMods,?,"""Validate &Mods""",,,,strong,vaultkeeper/ui/controller.py | vaultkeeper/ui/main_window.py | vaultkeeper/ui/menu_bar.py,AUTO-PORTED,
NIT,MsValidateInstalledData,?,"""Validate Installed &Data""",,,,strong,vaultkeeper/ui/menu_bar.py,Deferred,Needs an unported subsystem/editor; tracked in handoff.
NIT,MsValidate,?,"""Validate &Neverwinter Nights""",,,,strong,vaultkeeper/ui/menu_bar.py,Deferred,Needs an unported subsystem/editor; tracked in handoff.
NIT,MsRecoverGroups,?,"""Recover &Groups""",,,,strong,vaultkeeper/ui/controller.py | vaultkeeper/ui/main_window.py | vaultkeeper/ui/menu_bar.py,AUTO-PORTED,
NIT,MsRecoverModProperties,?,"""Recover Mod &Properties""",,,,strong,vaultkeeper/ui/controller.py | vaultkeeper/ui/main_window.py | vaultkeeper/ui/menu_bar.py,AUTO-PORTED,
NIT,MsRepairCrcs,?,"""&Calculate CRCs""",,,,strong,vaultkeeper/ui/main_window.py | vaultkeeper/ui/menu_bar.py,AUTO-PORTED,
NIT,MsRebuildDatabase,?,"""&Rebuild Database""",,,,strong,vaultkeeper/ui/main_window.py | vaultkeeper/ui/menu_bar.py,AUTO-PORTED,
NIT,MsRun,?,"""&Run""",,,,strong,vaultkeeper/ui/menu_bar.py,AUTO-PORTED,
NIT,MsPlayNeverwinterNights,?,"""&Neverwinter Nights""",,,,strong,vaultkeeper/ui/main_window.py | vaultkeeper/ui/menu_bar.py,AUTO-PORTED,
NIT,MsToolset,?,"""Neverwinter Nights &Toolset""",,,,strong,vaultkeeper/ui/main_window.py | vaultkeeper/ui/menu_bar.py,AUTO-PORTED,
NIT,MsWeb,?,"""&Web""",,,,strong,vaultkeeper/ui/menu_bar.py,AUTO-PORTED,
NIT,MsOptions,?,"""&Options""",,,,strong,vaultkeeper/ui/menu_bar.py,AUTO-PORTED,
NIT,MsBasicSettings,?,"""&Basic Settings""",,,,strong,vaultkeeper/ui/main_window.py | vaultkeeper/ui/menu_bar.py,AUTO-PORTED,
NIT,MsSettings,?,"""Advanced &Settings""",,,,strong,vaultkeeper/ui/main_window.py | vaultkeeper/ui/menu_bar.py,AUTO-PORTED,
NIT,MsFontAndColour,?,"""Text Size and The&me Colours""",,,,strong,vaultkeeper/ui/dialogs/settings_dialog.py | vaultkeeper/ui/main_window.py | vaultkeeper/ui/menu_bar.py,AUTO-PORTED,
NIT,MsOriginalPortraits,?,"""Show BioWare's Portrait Ima&ges""",,,,strong,vaultkeeper/ui/menu_bar.py,Deferred,Needs an unported subsystem/editor; tracked in handoff.
NIT,MsNumberRecentMods,?,"""&Number Recent Mods""",,,,strong,vaultkeeper/ui/main_window.py | vaultkeeper/ui/menu_bar.py,AUTO-PORTED,
NIT,MsPropertiesHeight,?,"""Automatic &Properties Panel Height""",,,,strong,vaultkeeper/ui/menu_bar.py,Divergence,Intentional cross-platform / config-isolation omission; left visible-but-disabled by design.
NIT,MsResetWindow,?,"""Reset &Window Layout""",,,,strong,vaultkeeper/ui/menu_bar.py,Divergence,Intentional cross-platform / config-isolation omission; left visible-but-disabled by design.
NIT,MsResetWebMenu,?,"""Reset Web Menu Icons""",,,,strong,vaultkeeper/ui/menu_bar.py,Deferred,Needs an unported subsystem/editor; tracked in handoff.
NIT,MsResetTaskbarIcon,?,"""Reset Taskbar Icon""",,,,strong,vaultkeeper/ui/menu_bar.py,Divergence,Intentional cross-platform / config-isolation omission; left visible-but-disabled by design.
NIT,MsClearWaitCursors,?,"""Cl&ear Wait Cursors""",,,,strong,vaultkeeper/ui/menu_bar.py,Divergence,Intentional cross-platform / config-isolation omission; left visible-but-disabled by design.
NIT,MsEnableClosing,?,"""Enable Cl&osing""",,,,strong,vaultkeeper/ui/menu_bar.py,Divergence,Intentional cross-platform / config-isolation omission; left visible-but-disabled by design.
NIT,MsClearScrollInfo,?,"""Clear Text Position &Information""",,,,strong,vaultkeeper/ui/menu_bar.py,Divergence,Intentional cross-platform / config-isolation omission; left visible-but-disabled by design.
NIT,MsClearSelectionHistory,?,"""Clear Selection &History""",,,,strong,vaultkeeper/ui/menu_bar.py,Divergence,Intentional cross-platform / config-isolation omission; left visible-but-disabled by design.
NIT,MsClearHakPortraits,?,"""Clear Extracted Ha&k Portraits""",,,,strong,vaultkeeper/ui/controller.py | vaultkeeper/ui/main_window.py | vaultkeeper/ui/menu_bar.py,AUTO-PORTED,
NIT,MsShowRibbon,?,"""Show &Ribbon Interface""",,,,strong,vaultkeeper/ui/main_window.py | vaultkeeper/ui/menu_bar.py,AUTO-PORTED,
NIT,MsShowToolbar,?,"""Show &Toolbar""",,,,strong,vaultkeeper/ui/main_window.py | vaultkeeper/ui/menu_bar.py,AUTO-PORTED,
NIT,MsShowText,?,"""Show Te&xt on Toolbar""",,,,strong,vaultkeeper/ui/menu_bar.py,Deferred,Needs an unported subsystem/editor; tracked in handoff.
NIT,MsCustomise,?,"""C&ustomise Toolbar""",,,,strong,vaultkeeper/ui/menu_bar.py,Divergence,Intentional cross-platform / config-isolation omission; left visible-but-disabled by design.
NIT,MsDebugOptionsMenu,?,"""&Debug Options Menu""",,,,strong,vaultkeeper/ui/menu_bar.py,Divergence,Intentional cross-platform / config-isolation omission; left visible-but-disabled by design.
NIT,DbEnableDevelopmentFolder,?,"""Enable &Development Folder""",,,,none,,GAP?,
NIT,DbRedoDateCompleted,?,"""R&edo Mod Completed Dates""",,,,none,,GAP?,
NIT,MsSaveNwnInfo,?,"""&Recreate original NWN file information""",,,,none,,GAP?,
NIT,DbOriginalFilesReport,?,"""&Original Files Report""",,,,none,,GAP?,
NIT,DbInstalledFilesReport,?,"""I&nstalled Files Report""",,,,none,,GAP?,
NIT,DbModDataReport,?,"""&Mod Data Report""",,,,none,,GAP?,
NIT,DbModFileReport,?,"""Mod &File Report""",,,,none,,GAP?,
NIT,DbGameMapDataReport,?,"""&Game Map Data Report""",,,,none,,GAP?,
NIT,DbGameMapUserReport,?,"""Game Map &User Responses Report""",,,,strong,vaultkeeper/ui/main_window.py,AUTO-PORTED,
NIT,DbBlankFilesReport,?,"""&Blank Text Files Report""",,,,none,,GAP?,
NIT,DbSyncReport,?,"""&Synchronisation Report""",,,,none,,GAP?,
NIT,DbScrollReport,?,"""&Text Scroll Position Report""",,,,none,,GAP?,
NIT,DbSelectionHistory,?,"""Selection &History Report""",,,,none,,GAP?,
NIT,DbExtractedPortraits,?,"""Ha&k Extracted Portraits Report""",,,,none,,GAP?,
NIT,DbStartScreenInfo,?,"""Start Screen Information Report""",,,,none,,GAP?,
NIT,DbSetPlayTimeValue,?,"""Set &Play Time Value""",,,,none,,GAP?,
NIT,DbNIT,?,"""NIT""",,,,none,,GAP?,
NIT,DbColourSettings,?,"""Copy Colour Settings""",,,,none,,GAP?,
NIT,DbChangedColours,?,"""Copy Changed Colours (for Help)""",,,,none,,GAP?,
NIT,DbActionList,?,"""Action List""",,,,none,,GAP?,
NIT,DbEnableVaultDownloadCounter,?,"""Enable Vault Download Counter""",,,,none,,GAP?,
NIT,DbHelpLayout,?,"""Layout for Help""",,,,none,,GAP?,
NIT,DbSetSize,?,"""Set Size""",,,,none,,GAP?,
NIT,DbDisableAltKey,?,"""Disable Alt-Key""",,,,none,,GAP?,
NIT,DbShowNitAvailable,?,"""Show NIT is available""",,,,none,,GAP?,
NIT,DbAppDefsReport,?,"""Application Definitions File Report""",,,,none,,GAP?,
NIT,DbOriginalFiles,?,"""Create Original Files Dictionary""",,,,none,,GAP?,
NIT,DbEeOriginalFiles,?,"""Create EE Original Files Dictionary""",,,,none,,GAP?,
NIT,MsValidateOnActivateStatus,?,"""Validate on Activate Status""",,,,none,,GAP?,
NIT,DbMethod,?,"""Debug Method""",,,,none,,GAP?,
NIT,MsHelp,?,"""&Help""",,,,strong,vaultkeeper/ui/menu_bar.py,AUTO-PORTED,
NIT,MsViewHelp,?,"""View &Help""",,,,strong,vaultkeeper/ui/help_model.py | vaultkeeper/ui/main_window.py | vaultkeeper/ui/menu_bar.py,AUTO-PORTED,
NIT,MsGetStarted,?,"""Get &Started""",,,,strong,vaultkeeper/ui/main_window.py | vaultkeeper/ui/menu_bar.py,AUTO-PORTED,
NIT,MsFAQ,?,"""&Frequently Asked Questions (FAQ)""",,,,strong,vaultkeeper/ui/main_window.py | vaultkeeper/ui/menu_bar.py,AUTO-PORTED,
NIT,MsWhatsNew,?,"""&What's New?""",,,,strong,vaultkeeper/ui/main_window.py | vaultkeeper/ui/menu_bar.py,AUTO-PORTED,
NIT,MsHistory,?,"""&Version History""",,,,strong,vaultkeeper/ui/main_window.py | vaultkeeper/ui/menu_bar.py,AUTO-PORTED,
NIT,MsClassesSkillsAndFeats,?,"""Classes, S&kills and Feats Information""",,,,strong,vaultkeeper/ui/main_window.py | vaultkeeper/ui/menu_bar.py,AUTO-PORTED,
NIT,MsUpdateNow,?,"""&Update Now""",,,,strong,vaultkeeper/ui/menu_bar.py,Divergence,Intentional cross-platform / config-isolation omission; left visible-but-disabled by design.
NIT,MsSendFeedback,?,"""Send Feed&back""",,,,strong,vaultkeeper/ui/main_window.py | vaultkeeper/ui/menu_bar.py,AUTO-PORTED,
NIT,MsSendDiagInfo,?,"""Send &Diagnostic Information""",,,,strong,vaultkeeper/ui/menu_bar.py,Divergence,Intentional cross-platform / config-isolation omission; left visible-but-disabled by design.
NIT,MsAbout,?,"""&About""",,,,strong,vaultkeeper/ui/main_window.py | vaultkeeper/ui/menu_bar.py,AUTO-PORTED,
NIT,MsHelpContents,?,,System.Windows.Forms.ToolStripItemAlignment.Right,,,none,,GAP?,
NIT,TsbModSelector,?,"""Mod Selector""",System.Windows.Forms.ToolStripItemAlignment.Right,,,none,,GAP?,
NIT,MsGetUpdate,?,"""&NIT v2.0 is available""",,,,none,,GAP?,
NIT,MsPlayedInfo,?,"""Mod played for 28 hours 34 mins""",System.Windows.Forms.ToolStripItemAlignment.Right,,,strong,vaultkeeper/ui/controller.py | vaultkeeper/ui/main_window.py,AUTO-PORTED,
NIT,TsStatus,?,"""ToolStrip1""",,System.Windows.Forms.DockStyle.Bottom,,strong,vaultkeeper/ui/status_bar.py,AUTO-PORTED,
NIT,BtMods,?,"""Mods:""",,,,strong,vaultkeeper/ui/main_window.py | vaultkeeper/ui/status_bar.py,AUTO-PORTED,
NIT,BtRecycleToggle,?,"""btRecycleToggle""",System.Windows.Forms.ToolStripItemAlignment.Right,,,strong,vaultkeeper/ui/status_bar.py,AUTO-PORTED,
NIT,BtOverwrite,?,"""Overwrite:""",System.Windows.Forms.ToolStripItemAlignment.Right,,,strong,vaultkeeper/ui/status_bar.py,AUTO-PORTED,
NIT,BtSelectTextFile,?,"""Select:""",System.Windows.Forms.ToolStripItemAlignment.Right,,,none,,GAP?,
NIT,BtCharacter,?,,System.Windows.Forms.ToolStripItemAlignment.Right,,,strong,vaultkeeper/ui/main_window.py | vaultkeeper/ui/status_bar.py,AUTO-PORTED,
NIT,BtWizardReport,?,,System.Windows.Forms.ToolStripItemAlignment.Right,,,none,,GAP?,
NIT,BtHealth,?,"""NWN Health""",System.Windows.Forms.ToolStripItemAlignment.Right,,,strong,vaultkeeper/ui/status_bar.py,AUTO-PORTED,
NIT,BtFileCheckInfo,?,"""ToolStripButton1""",System.Windows.Forms.ToolStripItemAlignment.Right,,,none,,GAP?,
NIT,tsIconSeparator,?,,System.Windows.Forms.ToolStripItemAlignment.Right,,,none,,GAP?,
NIT,MgInfo,?,"""Info""",System.Windows.Forms.ToolStripItemAlignment.Right,,,strong,vaultkeeper/ui/status_bar.py,AUTO-PORTED,
NIT,BtModCount,?,"""0/0""",,,,strong,vaultkeeper/ui/main_window.py | vaultkeeper/ui/status_bar.py,AUTO-PORTED,
NIT,ToolStripSeparator1,?,,,,,none,,GAP?,
NIT,BtGroupHdg,?,"""Group:""",,,,strong,vaultkeeper/ui/status_bar.py,AUTO-PORTED,
NIT,BtGroup,?,"""None""",,,,strong,vaultkeeper/ui/status_bar.py,AUTO-PORTED,
NIT,LpNit,?,,,System.Windows.Forms.DockStyle.Fill,,none,,GAP?,
NIT,ScProfile,?,,,System.Windows.Forms.DockStyle.Fill,,strong,vaultkeeper/ui/main_window.py,AUTO-PORTED,
NIT,TlMods,?,,,System.Windows.Forms.DockStyle.Fill,,none,,GAP?,
NIT,LbProfile,?,"""Profile""",,,"CType((System.Windows.Forms.AnchorStyles.Left Or System.Windows.Forms.AnchorStyles.Right), System.Windows.Forms.AnchorStyles)",none,,GAP?,
NIT,FvMods,?,,,System.Windows.Forms.DockStyle.Fill,,strong,vaultkeeper/core/install_manager.py | vaultkeeper/ui/file_view.py | vaultkeeper/ui/main_window.py,AUTO-PORTED,
NIT,FvContents,?,,,System.Windows.Forms.DockStyle.Fill,,strong,vaultkeeper/ui/controller.py | vaultkeeper/ui/file_view.py,AUTO-PORTED,
NIT,LbContents,?,"""Contents""",,,"CType((System.Windows.Forms.AnchorStyles.Left Or System.Windows.Forms.AnchorStyles.Right), System.Windows.Forms.AnchorStyles)",none,,GAP?,
NIT,ScContents,?,,,System.Windows.Forms.DockStyle.Fill,,strong,vaultkeeper/ui/main_window.py,AUTO-PORTED,
NIT,TlContents,?,,,System.Windows.Forms.DockStyle.Fill,,none,,GAP?,
NIT,TlModInfoContainer,?,,,System.Windows.Forms.DockStyle.Fill,,strong,vaultkeeper/ui/main_window.py,AUTO-PORTED,
NIT,TlModProperties,?,,,System.Windows.Forms.DockStyle.Fill,,strong,vaultkeeper/ui/controller.py | vaultkeeper/ui/dialogs/mod_properties.py,AUTO-PORTED,
NIT,TxHenchmen,?,,System.Windows.Forms.HorizontalAlignment.Center,,CType(((System.Windows.Forms.AnchorStyles.Top Or System.Windows.Forms.AnchorStyles.Left) _,strong,vaultkeeper/ui/dialogs/mod_properties.py,AUTO-PORTED,
NIT,TxLevelStart,?,,System.Windows.Forms.HorizontalAlignment.Center,,CType(((System.Windows.Forms.AnchorStyles.Top Or System.Windows.Forms.AnchorStyles.Left) _,strong,vaultkeeper/ui/dialogs/mod_properties.py,AUTO-PORTED,
NIT,TxLevelEnd,?,,System.Windows.Forms.HorizontalAlignment.Center,,CType(((System.Windows.Forms.AnchorStyles.Top Or System.Windows.Forms.AnchorStyles.Left) _,strong,vaultkeeper/ui/dialogs/mod_properties.py,AUTO-PORTED,
NIT,lbHenchmen,?,"""Hench""",,,"CType((System.Windows.Forms.AnchorStyles.Left Or System.Windows.Forms.AnchorStyles.Right), System.Windows.Forms.AnchorStyles)",none,,GAP?,
NIT,lbLevelEnd,?,"""End""",,,"CType((System.Windows.Forms.AnchorStyles.Left Or System.Windows.Forms.AnchorStyles.Right), System.Windows.Forms.AnchorStyles)",none,,GAP?,
NIT,lbLevelStart,?,"""Start""",,,"CType((System.Windows.Forms.AnchorStyles.Left Or System.Windows.Forms.AnchorStyles.Right), System.Windows.Forms.AnchorStyles)",none,,GAP?,
NIT,lbWeapon,?,"""Weapon""",,,"CType((System.Windows.Forms.AnchorStyles.Left Or System.Windows.Forms.AnchorStyles.Right), System.Windows.Forms.AnchorStyles)",none,,GAP?,
NIT,lbRating,?,"""Rating""",,,"CType((System.Windows.Forms.AnchorStyles.Left Or System.Windows.Forms.AnchorStyles.Right), System.Windows.Forms.AnchorStyles)",none,,GAP?,
NIT,SbWeapon,?,,,,,strong,vaultkeeper/ui/dialogs/mod_properties.py,AUTO-PORTED,
NIT,SbRating,?,"""None""",,,,strong,vaultkeeper/ui/dialogs/mod_properties.py,AUTO-PORTED,
NIT,tlModNotes,?,,,System.Windows.Forms.DockStyle.Fill,,none,,GAP?,
NIT,RtModNotes,?,"""""",,System.Windows.Forms.DockStyle.Fill,,none,,GAP?,
NIT,LpNotesToolbar,?,,,System.Windows.Forms.DockStyle.Fill,,none,,GAP?,
NIT,SpNotes,?,,,System.Windows.Forms.DockStyle.Top,,none,,GAP?,
NIT,RttNotes,?,"""RichTextToolbar1""",,,,none,,GAP?,
NIT,tlModStatus,?,,,System.Windows.Forms.DockStyle.Fill,,none,,GAP?,
NIT,lbModState,?,"""State""",,System.Windows.Forms.DockStyle.Fill,,none,,GAP?,
NIT,BimLink,?,,,,System.Windows.Forms.AnchorStyles.Left,none,,GAP?,
NIT,FvDetails,?,,,System.Windows.Forms.DockStyle.Fill,,strong,vaultkeeper/ui/file_view.py | vaultkeeper/ui/main_window.py,AUTO-PORTED,
NIT,LbDetails,?,"""Details""",,,"CType((System.Windows.Forms.AnchorStyles.Left Or System.Windows.Forms.AnchorStyles.Right), System.Windows.Forms.AnchorStyles)",none,,GAP?,
NIT,ScDetails,?,,,System.Windows.Forms.DockStyle.Fill,,strong,vaultkeeper/ui/main_window.py,AUTO-PORTED,
NIT,TlDetails,?,,,System.Windows.Forms.DockStyle.Fill,,none,,GAP?,
NIT,PnDetails,?,,,System.Windows.Forms.DockStyle.Fill,,none,,GAP?,
NIT,PnDetailsText,?,,,System.Windows.Forms.DockStyle.Fill,,none,,GAP?,
NIT,RtDetails,?,"""""",,System.Windows.Forms.DockStyle.Fill,,none,,GAP?,
NIT,PnDetailsList,?,,,System.Windows.Forms.DockStyle.Fill,,none,,GAP?,
NIT,LpDetailsToolbar,?,,,System.Windows.Forms.DockStyle.Fill,,none,,GAP?,
NIT,RttDetails,?,"""RichTextToolbar1""",,,,none,,GAP?,
NIT,SpDetails,?,,,System.Windows.Forms.DockStyle.Top,,none,,GAP?,
NIT,LpProperties,?,,,System.Windows.Forms.DockStyle.Fill,,none,,GAP?,
NIT,LbProperties,?,"""Properties""",,,"CType((System.Windows.Forms.AnchorStyles.Left Or System.Windows.Forms.AnchorStyles.Right), System.Windows.Forms.AnchorStyles)",none,,GAP?,
NIT,pnPropertiesText,?,,,System.Windows.Forms.DockStyle.Fill,,none,,GAP?,
NIT,RtProperties,?,"""""",,System.Windows.Forms.DockStyle.Fill,,none,,GAP?,
NIT,LpPropertiesToolbar,?,,,System.Windows.Forms.DockStyle.Fill,,none,,GAP?,
NIT,RttProperties,?,"""RichTextToolbar1""",,,,none,,GAP?,
NIT,ScMod,?,,,System.Windows.Forms.DockStyle.Fill,,strong,vaultkeeper/ui/main_window.py,AUTO-PORTED,
NIT,LpToolbar,?,,,System.Windows.Forms.DockStyle.Fill,,none,,GAP?,
NIT,TsQuick,?,"""ToolStrip1""",,,,strong,vaultkeeper/ui/quick_toolbar.py,AUTO-PORTED,
NIT,TsSelectAll,?,"""Select All""",,,,strong,vaultkeeper/ui/main_window.py | vaultkeeper/ui/quick_toolbar.py,AUTO-PORTED,
NIT,ToolStripSeparator2,?,,,,,none,,GAP?,
NIT,TsCut,?,"""Cut""",,,,strong,vaultkeeper/ui/main_window.py | vaultkeeper/ui/quick_toolbar.py,AUTO-PORTED,
NIT,TsCopy,?,"""Copy""",,,,strong,vaultkeeper/ui/main_window.py | vaultkeeper/ui/quick_toolbar.py,AUTO-PORTED,
NIT,TsCopyName,?,"""Name""",,,,strong,vaultkeeper/ui/main_window.py | vaultkeeper/ui/quick_toolbar.py,AUTO-PORTED,
NIT,TsPaste,?,"""Paste""",,,,strong,vaultkeeper/ui/main_window.py | vaultkeeper/ui/quick_toolbar.py,AUTO-PORTED,
NIT,ToolStripMenuItem1,?,,,,,none,,GAP?,
NIT,ToolStripSeparator14,?,,,,,none,,GAP?,
NIT,TsDelete,?,"""Delete""",,,,strong,vaultkeeper/ui/main_window.py | vaultkeeper/ui/quick_toolbar.py,AUTO-PORTED,
NIT,TsRename,?,"""Rename""",,,,strong,vaultkeeper/ui/main_window.py | vaultkeeper/ui/quick_toolbar.py,AUTO-PORTED,
NIT,TsFind,?,"""Find""",,,,strong,vaultkeeper/ui/main_window.py | vaultkeeper/ui/quick_toolbar.py,AUTO-PORTED,
NIT,ToolStripSeparator15,?,,,,,none,,GAP?,
NIT,TsNewGroup,?,"""New Group""",,,,strong,vaultkeeper/ui/main_window.py | vaultkeeper/ui/quick_toolbar.py,AUTO-PORTED,
NIT,TsNewMod,?,"""New Mod""",,,,strong,vaultkeeper/ui/main_window.py | vaultkeeper/ui/quick_toolbar.py,AUTO-PORTED,
NIT,TsMoveToGroup,?,"""Move to""",,,,strong,vaultkeeper/ui/main_window.py | vaultkeeper/ui/quick_toolbar.py,AUTO-PORTED,
NIT,TsSelectGroupName,?,"""Cancel""",,,,none,,GAP?,
NIT,TsGoToGroup,?,"""Go to""",,,,strong,vaultkeeper/ui/main_window.py | vaultkeeper/ui/quick_toolbar.py,AUTO-PORTED,
NIT,ToolStripMenuItem13,?,"""Cancel""",,,,none,,GAP?,
NIT,ToolStripMenuItem14,?,"""None""",,,,none,,GAP?,
NIT,ToolStripSeparator16,?,,,,,none,,GAP?,
NIT,TsDownloadProject,?,"""Project""",,,,strong,vaultkeeper/ui/main_window.py | vaultkeeper/ui/quick_toolbar.py,AUTO-PORTED,
NIT,TsAddFiles,?,"""Add Files""",,,,strong,vaultkeeper/ui/main_window.py | vaultkeeper/ui/quick_toolbar.py,AUTO-PORTED,
NIT,TsUpdateDownloads,?,"""Downloads""",,,,strong,vaultkeeper/ui/main_window.py | vaultkeeper/ui/quick_toolbar.py,AUTO-PORTED,
NIT,TsCreateInstaller,?,"""Installer""",,,,strong,vaultkeeper/ui/main_window.py | vaultkeeper/ui/quick_toolbar.py,AUTO-PORTED,
NIT,ToolStripSeparator17,?,,,,,none,,GAP?,
NIT,TsInstall,?,"""Install""",,,,strong,vaultkeeper/ui/main_window.py | vaultkeeper/ui/quick_toolbar.py,AUTO-PORTED,
NIT,TsUninstall,?,"""Uninstall""",,,,strong,vaultkeeper/ui/main_window.py | vaultkeeper/ui/quick_toolbar.py,AUTO-PORTED,
NIT,TsCreateRestorer,?,"""Restorer""",,,,strong,vaultkeeper/ui/main_window.py | vaultkeeper/ui/quick_toolbar.py,AUTO-PORTED,
NIT,ToolStripSeparator19,?,,,,,none,,GAP?,
NIT,TsModExplorer,?,"""Explorer""",,,,strong,vaultkeeper/ui/main_window.py | vaultkeeper/ui/quick_toolbar.py,AUTO-PORTED,
NIT,TsGameSaves,?,"""Saves""",,,,strong,vaultkeeper/ui/main_window.py | vaultkeeper/ui/quick_toolbar.py,AUTO-PORTED,
NIT,TsPlayNeverwinterNights,?,"""Play NWN""",,,,strong,vaultkeeper/ui/main_window.py | vaultkeeper/ui/quick_toolbar.py,AUTO-PORTED,
NIT,LpRibbon,?,,,System.Windows.Forms.DockStyle.Fill,,none,,GAP?,
NIT,TbRibbon,?,,,System.Windows.Forms.DockStyle.Fill,,strong,vaultkeeper/ui/ribbon.py,AUTO-PORTED,
NIT,TpPlay,?,"""Play""",,,,none,,GAP?,
NIT,LpPlay,?,,,System.Windows.Forms.DockStyle.Fill,,none,,GAP?,
NIT,RbnDownloadProject,?,"""Download and Install"" & Global.Microsoft.VisualBasic.ChrW(13) & Global.Microsoft.VisualBasic.ChrW(10) & ""Neverwinter Vault Project""",,,,strong,vaultkeeper/ui/main_window.py | vaultkeeper/ui/ribbon.py,AUTO-PORTED,
NIT,RbnPlay,?,"""Play Neverwinter"" & Global.Microsoft.VisualBasic.ChrW(13) & Global.Microsoft.VisualBasic.ChrW(10) & ""Nights""",,,,strong,vaultkeeper/ui/main_window.py | vaultkeeper/ui/ribbon.py,AUTO-PORTED,
NIT,RbnGameSaves,?,"""Manage your"" & Global.Microsoft.VisualBasic.ChrW(13) & Global.Microsoft.VisualBasic.ChrW(10) & ""Game Saves""",,,,strong,vaultkeeper/ui/main_window.py | vaultkeeper/ui/ribbon.py,AUTO-PORTED,
NIT,RbnInstallUninstall,?,"""Uninstall"" & Global.Microsoft.VisualBasic.ChrW(13) & Global.Microsoft.VisualBasic.ChrW(10) & ""Mod""",,,,strong,vaultkeeper/ui/main_window.py | vaultkeeper/ui/ribbon.py,AUTO-PORTED,
NIT,RbnChangeInstaller,?,"""Change Mod"" & Global.Microsoft.VisualBasic.ChrW(13) & Global.Microsoft.VisualBasic.ChrW(10) & ""Installer Options""",,,,strong,vaultkeeper/ui/main_window.py | vaultkeeper/ui/ribbon.py,AUTO-PORTED,
NIT,RbnReCreateInstaller,?,"""Create Mod"" & Global.Microsoft.VisualBasic.ChrW(13) & Global.Microsoft.VisualBasic.ChrW(10) & ""Installer""",,,,strong,vaultkeeper/ui/main_window.py | vaultkeeper/ui/ribbon.py,AUTO-PORTED,
NIT,TpMod,?,"""Work with Mods""",,,,none,,GAP?,
NIT,LpMod,?,,,System.Windows.Forms.DockStyle.Fill,,none,,GAP?,
NIT,RbnAddFiles,?,"""Move Downloaded"" & Global.Microsoft.VisualBasic.ChrW(13) & Global.Microsoft.VisualBasic.ChrW(10) & ""Files to Selected Mod""",,,,strong,vaultkeeper/ui/main_window.py | vaultkeeper/ui/ribbon.py,AUTO-PORTED,
NIT,RbnUpdateDownloads,?,"""Move Compressed Files to"" & Global.Microsoft.VisualBasic.ChrW(13) & Global.Microsoft.VisualBasic.ChrW(10) & ""Mod's Downloads Folder""",,,,strong,vaultkeeper/ui/main_window.py | vaultkeeper/ui/ribbon.py,AUTO-PORTED,
NIT,RbnNewMod,?,"""Create New"" & Global.Microsoft.VisualBasic.ChrW(13) & Global.Microsoft.VisualBasic.ChrW(10) & ""Mod Folder""",,,,strong,vaultkeeper/ui/main_window.py | vaultkeeper/ui/ribbon.py,AUTO-PORTED,
NIT,RbnCreateInstaller,?,"""Create Mod"" & Global.Microsoft.VisualBasic.ChrW(13) & Global.Microsoft.VisualBasic.ChrW(10) & ""Installer""",,,,strong,vaultkeeper/ui/main_window.py | vaultkeeper/ui/ribbon.py,AUTO-PORTED,
NIT,RbnToolset,?,"""Neverwinter"" & Global.Microsoft.VisualBasic.ChrW(13) & Global.Microsoft.VisualBasic.ChrW(10) & ""Nights Toolset""",,,,strong,vaultkeeper/ui/main_window.py | vaultkeeper/ui/ribbon.py,AUTO-PORTED,
NIT,TpInstallers,?,"""Work with Installers""",,,,none,,GAP?,
NIT,TableLayoutPanel1,?,,,System.Windows.Forms.DockStyle.Fill,,none,,GAP?,
NIT,RbnBuildInstaller,?,"""Create Mod"" & Global.Microsoft.VisualBasic.ChrW(13) & Global.Microsoft.VisualBasic.ChrW(10) & ""Installer""",,,,strong,vaultkeeper/ui/main_window.py | vaultkeeper/ui/ribbon.py,AUTO-PORTED,
NIT,RbnWizardBuilder,?,"""Mod Installer"" & Global.Microsoft.VisualBasic.ChrW(13) & Global.Microsoft.VisualBasic.ChrW(10) & ""Wizard Builder""",,,,strong,vaultkeeper/ui/main_window.py | vaultkeeper/ui/ribbon.py,AUTO-PORTED,
NIT,RbnDependencyManager,?,"""Dependency"" & Global.Microsoft.VisualBasic.ChrW(13) & Global.Microsoft.VisualBasic.ChrW(10) & ""Manager""",,,,strong,vaultkeeper/ui/main_window.py | vaultkeeper/ui/ribbon.py,AUTO-PORTED,
NIT,RbnMapFiles,?,"""Map"" & Global.Microsoft.VisualBasic.ChrW(13) & Global.Microsoft.VisualBasic.ChrW(10) & ""Files""",,,,strong,vaultkeeper/ui/main_window.py | vaultkeeper/ui/ribbon.py,AUTO-PORTED,
NIT,RbnMapFolders,?,"""Map"" & Global.Microsoft.VisualBasic.ChrW(13) & Global.Microsoft.VisualBasic.ChrW(10) & ""Folders""",,,,strong,vaultkeeper/ui/main_window.py | vaultkeeper/ui/ribbon.py,AUTO-PORTED,
NIT,TpTools,?,"""Tools""",,,,none,,GAP?,
NIT,LpTools,?,,,System.Windows.Forms.DockStyle.Fill,,none,,GAP?,
NIT,RbnModExplorer,?,"""Mod"" & Global.Microsoft.VisualBasic.ChrW(13) & Global.Microsoft.VisualBasic.ChrW(10) & ""Explorer""",,,,strong,vaultkeeper/ui/main_window.py | vaultkeeper/ui/ribbon.py,AUTO-PORTED,
NIT,RbnInstallationManager,?,"""Installation"" & Global.Microsoft.VisualBasic.ChrW(13) & Global.Microsoft.VisualBasic.ChrW(10) & ""Manager""",,,,strong,vaultkeeper/ui/main_window.py | vaultkeeper/ui/ribbon.py,AUTO-PORTED,
NIT,RbnDocOrganise,?,"""Organise Mod"" & Global.Microsoft.VisualBasic.ChrW(13) & Global.Microsoft.VisualBasic.ChrW(10) & ""Documentation""",,,,strong,vaultkeeper/ui/main_window.py | vaultkeeper/ui/ribbon.py,AUTO-PORTED,
NIT,RbnPortraitManager,?,"""Portrait"" & Global.Microsoft.VisualBasic.ChrW(13) & Global.Microsoft.VisualBasic.ChrW(10) & ""Manager""",,,,strong,vaultkeeper/ui/main_window.py | vaultkeeper/ui/ribbon.py,AUTO-PORTED,
NIT,RbnCharacterExplorer,?,"""Character"" & Global.Microsoft.VisualBasic.ChrW(13) & Global.Microsoft.VisualBasic.ChrW(10) & ""Explorer""",,,,strong,vaultkeeper/ui/main_window.py | vaultkeeper/ui/ribbon.py,AUTO-PORTED,
NIT,TpDiagnose,?,"""Diagnose""",,,,none,,GAP?,
NIT,LpDiagnose,?,,,System.Windows.Forms.DockStyle.Fill,,none,,GAP?,
NIT,RbnNwnLog,?,"""View Neverwinter"" & Global.Microsoft.VisualBasic.ChrW(13) & Global.Microsoft.VisualBasic.ChrW(10) & ""Nights Client Log""",,,,strong,vaultkeeper/ui/main_window.py | vaultkeeper/ui/ribbon.py,AUTO-PORTED,
NIT,RbnNwnIni,?,"""Open Neverwinter"" & Global.Microsoft.VisualBasic.ChrW(13) & Global.Microsoft.VisualBasic.ChrW(10) & ""Nights INI File""",,,,strong,vaultkeeper/ui/main_window.py | vaultkeeper/ui/ribbon.py,AUTO-PORTED,
NIT,RbnNitLog,?,"""View Installer"" & Global.Microsoft.VisualBasic.ChrW(13) & Global.Microsoft.VisualBasic.ChrW(10) & ""Tool Log File""",,,,strong,vaultkeeper/ui/main_window.py | vaultkeeper/ui/ribbon.py,AUTO-PORTED,
NIT,RbnDisplaySettings,?,"""View Installer Tool"" & Global.Microsoft.VisualBasic.ChrW(13) & Global.Microsoft.VisualBasic.ChrW(10) & ""Configuration File""",,,,strong,vaultkeeper/ui/ribbon.py,Divergence,Intentional cross-platform / config-isolation omission; left visible-but-disabled by design.
NIT,RbnNwnSettingsFile,?,"""Open Enhanced"" & Global.Microsoft.VisualBasic.ChrW(13) & Global.Microsoft.VisualBasic.ChrW(10) & ""Edition Settings""",,,,strong,vaultkeeper/ui/main_window.py | vaultkeeper/ui/ribbon.py,AUTO-PORTED,
NIT,RbnNwnEngineLog,?,"""View Neverwinter"" & Global.Microsoft.VisualBasic.ChrW(13) & Global.Microsoft.VisualBasic.ChrW(10) & ""Nights Engine Log"" & Global.Microsoft.VisualBasic.ChrW(13) & Global.Microsoft.VisualBasic.ChrW(10)",,,,strong,vaultkeeper/ui/main_window.py | vaultkeeper/ui/ribbon.py,AUTO-PORTED,
NIT,TpBackup,?,"""Backup and Recovery""",,,,none,,GAP?,
NIT,LpMaintain,?,,,System.Windows.Forms.DockStyle.Fill,,none,,GAP?,
NIT,RbnBackupData,?,"""Backup Installer"" & Global.Microsoft.VisualBasic.ChrW(13) & Global.Microsoft.VisualBasic.ChrW(10) & ""Tool Information""",,,,strong,vaultkeeper/ui/main_window.py | vaultkeeper/ui/ribbon.py,AUTO-PORTED,
NIT,RbnRestoreData,?,"""Restore Installer"" & Global.Microsoft.VisualBasic.ChrW(13) & Global.Microsoft.VisualBasic.ChrW(10) & ""Tool Information""",,,,strong,vaultkeeper/ui/main_window.py | vaultkeeper/ui/ribbon.py,AUTO-PORTED,
NIT,RbnExportSettings,?,"""Export your"" & Global.Microsoft.VisualBasic.ChrW(13) & Global.Microsoft.VisualBasic.ChrW(10) & ""Settings""",,,,strong,vaultkeeper/ui/ribbon.py,Deferred,"SharedNit/BackupManager network-share sync; low value single-machine, no NRBF writer."
NIT,RbnCreateRestorer,?,"""Create Restorer for"" & Global.Microsoft.VisualBasic.ChrW(13) & Global.Microsoft.VisualBasic.ChrW(10) & ""Unregistered Files""",,,,strong,vaultkeeper/ui/main_window.py | vaultkeeper/ui/ribbon.py,AUTO-PORTED,
NIT,TpCustomise,?,"""Customise""",,,,none,,GAP?,
NIT,LpCustomise,?,,,System.Windows.Forms.DockStyle.Fill,,none,,GAP?,
NIT,RbnAdvancedSettings,?,"""Advanced"" & Global.Microsoft.VisualBasic.ChrW(13) & Global.Microsoft.VisualBasic.ChrW(10) & ""Settings""",,,,strong,vaultkeeper/ui/main_window.py | vaultkeeper/ui/ribbon.py,AUTO-PORTED,
NIT,RbnBasicSettings,?,"""Change Behaviour and"" & Global.Microsoft.VisualBasic.ChrW(13) & Global.Microsoft.VisualBasic.ChrW(10) & ""User Interface Preferences""",,,,strong,vaultkeeper/ui/main_window.py | vaultkeeper/ui/ribbon.py,AUTO-PORTED,
NIT,RbnFontAndColour,?,"""Change Text Size"" & Global.Microsoft.VisualBasic.ChrW(13) & Global.Microsoft.VisualBasic.ChrW(10) & ""and Theme Colours""",,,,strong,vaultkeeper/ui/dialogs/settings_dialog.py | vaultkeeper/ui/main_window.py | vaultkeeper/ui/ribbon.py,AUTO-PORTED,
NIT,RbnManageWorkshop,?,"""Manage Steam"" & Global.Microsoft.VisualBasic.ChrW(13) & Global.Microsoft.VisualBasic.ChrW(10) & ""Workshop Content""",,,,strong,vaultkeeper/ui/ribbon.py,Deferred,Needs an unported subsystem/editor; tracked in handoff.
NIT,ImImages,ImageList,,,,,none,,GAP?,
NIT,TtGeneral,LazWorks.Library.Controls.ToolTipPlus,,,,,none,,GAP?,
NIT,ToolStripSeparator4,ToolStripSeparator,,,,,none,,GAP?,
NIT,ToolStripSeparator5,ToolStripSeparator,,,,,none,,GAP?,
NIT,ToolStripSeparator6,ToolStripSeparator,,,,,none,,GAP?,
NIT,ToolStripSeparator7,ToolStripSeparator,,,,,none,,GAP?,
NIT,ToolStripSeparator9,ToolStripSeparator,,,,,none,,GAP?,
NIT,ToolStripSeparator22,ToolStripSeparator,,,,,none,,GAP?,
NIT,ToolStripSeparator10,ToolStripSeparator,,,,,none,,GAP?,
NIT,ToolStripSeparator37,ToolStripSeparator,,,,,none,,GAP?,
NIT,ToolStripSeparator11,ToolStripSeparator,,,,,none,,GAP?,
NIT,ToolStripSeparator13,ToolStripSeparator,,,,,none,,GAP?,
NIT,ToolStripSeparator25,ToolStripSeparator,,,,,none,,GAP?,
NIT,ToolStripSeparator27,ToolStripSeparator,,,,,none,,GAP?,
NIT,ToolStripSeparator44,ToolStripSeparator,,,,,none,,GAP?,
NIT,ToolStripSeparator18,ToolStripSeparator,,,,,none,,GAP?,
NIT,DbSeparator,ToolStripSeparator,,,,,none,,GAP?,
NIT,ToolStripSeparator33,ToolStripSeparator,,,,,none,,GAP?,
NIT,ToolStripSeparator23,ToolStripSeparator,,,,,none,,GAP?,
NIT,ToolStripSeparator26,ToolStripSeparator,,,,,none,,GAP?,
NIT,ToolStripSeparator24,ToolStripSeparator,,,,,none,,GAP?,
NIT,CmMods,ContextMenuStrip,,,,,strong,vaultkeeper/ui/main_window.py,AUTO-PORTED,
NIT,CmContents,ContextMenuStrip,,,,,strong,vaultkeeper/ui/controller.py | vaultkeeper/ui/main_window.py,AUTO-PORTED,
NIT,CmDetails,ContextMenuStrip,,,,,none,,GAP?,
NIT,CmQuick,ContextMenuStrip,,,,,none,,GAP?,
NIT,CmModProperties,ContextMenuStrip,,,,,none,,GAP?,
NIT,ToolStripSeparator28,ToolStripSeparator,,,,,none,,GAP?,
NIT,MsRunSeparator,ToolStripSeparator,,,,,none,,GAP?,
NIT,ToolStripSeparator29,ToolStripSeparator,,,,,none,,GAP?,
NIT,ToolStripSeparator30,ToolStripSeparator,,,,,none,,GAP?,
NIT,ToolStripSeparator20,ToolStripSeparator,,,,,none,,GAP?,
NIT,ToolStripSeparator31,ToolStripSeparator,,,,,none,,GAP?,
NIT,BgTasks,System.ComponentModel.BackgroundWorker,,,,,none,,GAP?,
NIT,BgRunNwn,System.ComponentModel.BackgroundWorker,,,,,none,,GAP?,
NIT,BgRunNwnToolset,System.ComponentModel.BackgroundWorker,,,,,none,,GAP?,
NIT,TsUpdateEeSeparator,ToolStripSeparator,,,,,none,,GAP?,
NIT,ToolStripSeparator3,ToolStripSeparator,,,,,none,,GAP?,
NIT,ToolStripSeparator8,ToolStripSeparator,,,,,none,,GAP?,
NIT,ToolStripSeparator12,ToolStripSeparator,,,,,none,,GAP?,
NIT,SepSaveNwnInfo,ToolStripSeparator,,,,,none,,GAP?,
NIT,ToolStripSeparator32,ToolStripSeparator,,,,,none,,GAP?,
NIT,ToolStripSeparator34,ToolStripSeparator,,,,,none,,GAP?,
NIT,ToolStripSeparator35,ToolStripSeparator,,,,,none,,GAP?,
NIT,ToolStripSeparator36,ToolStripSeparator,,,,,none,,GAP?,
NIT,SepWorkshopViewer,ToolStripSeparator,,,,,none,,GAP?,
NIT,ToolStripSeparator21,ToolStripSeparator,,,,,none,,GAP?,
NIT,ToolStripSeparator38,ToolStripSeparator,,,,,none,,GAP?,
NIT,CmRecentMods,ContextMenuStrip,,,,,none,,GAP?,
NIT,ToolStripSeparator40,ToolStripSeparator,,,,,none,,GAP?,
NIT,ToolStripSeparator41,ToolStripSeparator,,,,,none,,GAP?,
NIT,ToolStripSeparator42,ToolStripSeparator,,,,,none,,GAP?,
NIT,CmGoToGroup,ContextMenuStrip,,,,,none,,GAP?,
NIT,ToolStripSeparator43,ToolStripSeparator,,,,,none,,GAP?,
NIT,ToolStripSeparator45,ToolStripSeparator,,,,,none,,GAP?,
NIT,ToolStripSeparator46,ToolStripSeparator,,,,,none,,GAP?,
NIT,ToolStripSeparator47,ToolStripSeparator,,,,,none,,GAP?,
NIT,ToolStripSeparator48,ToolStripSeparator,,,,,none,,GAP?,
NIT,SepSharedNit,ToolStripSeparator,,,,,none,,GAP?,
NitDownload,LpMain,?,,,System.Windows.Forms.DockStyle.Fill,,none,,GAP?,
NitDownload,RbVault,?,"""Vault""",,,System.Windows.Forms.AnchorStyles.Left,none,,GAP?,
NitDownload,RbNexus,?,"""Nexus""",,,System.Windows.Forms.AnchorStyles.Left,none,,GAP?,
NitDownload,LpActions,?,,,System.Windows.Forms.DockStyle.Fill,,none,,GAP?,
NitDownload,BtOpen,?,"""Update""",,,,none,,GAP?,
NitDownload,BtCancel,?,"""Cancel""",,,,none,,GAP?,
NitDownload,CbPrompt,?,"""Prompt""",,,System.Windows.Forms.AnchorStyles.Left,none,,GAP?,
NitDownload,SplitterLine1,?,,,System.Windows.Forms.DockStyle.Top,,none,,GAP?,
NitDownload,SplitterLine2,?,,,System.Windows.Forms.DockStyle.Top,,none,,GAP?,
NitDownload,RbUpdate,?,"""Update""",,,,none,,GAP?,
NitDownload,RbProjectDownload,?,"""Project Download""",,,,none,,GAP?,
NitDownload,LpNitDownloadHdg,?,,,System.Windows.Forms.DockStyle.Fill,,none,,GAP?,
NitDownload,LbInstructions,?,"""Specify whether you want to update the Installer Tool or open your preferred site"" &",,,"CType((System.Windows.Forms.AnchorStyles.Left Or System.Windows.Forms.AnchorStyles.Right), System.Windows.Forms.AnchorStyles)",strong,vaultkeeper/ui/dialogs/create_missing_installers.py,AUTO-PORTED,
NitDownload,BhNitDownload,?,"""ButtonLabel1""",,,System.Windows.Forms.AnchorStyles.Left,none,,GAP?,
NitDownload,TtGeneral,LazWorks.Library.Controls.ToolTipPlus,,,,,none,,GAP?,
PlayDataViewPending,LpMain,?,,,System.Windows.Forms.DockStyle.Fill,,none,,GAP?,
PlayDataViewPending,LpActions,?,,,System.Windows.Forms.DockStyle.Fill,,none,,GAP?,
PlayDataViewPending,BtClose,?,"""Close""",,,,none,,GAP?,
PlayDataViewPending,LpMainHdg,?,,,System.Windows.Forms.DockStyle.Fill,,none,,GAP?,
PlayDataViewPending,PicPlayTime,?,,,System.Windows.Forms.DockStyle.Fill,,none,,GAP?,
PlayDataViewPending,LbMainTitle,?,"""Game Play Times for Mods that are not defined in the current Profile""",,,"CType((System.Windows.Forms.AnchorStyles.Left Or System.Windows.Forms.AnchorStyles.Right), System.Windows.Forms.AnchorStyles)",none,,GAP?,
PlayDataViewPending,BhPlayTime,?,"""ButtonLabel1""",,,System.Windows.Forms.AnchorStyles.Left,none,,GAP?,
PlayDataViewPending,LvPending,?,,,System.Windows.Forms.DockStyle.Fill,,none,,GAP?,
PlayDataViewPending,ColumnHeaderPlus1,?,"""Completed""",,,,none,,GAP?,
PlayDataViewPending,ColumnHeaderPlus2,?,"""Time Played""",,,,none,,GAP?,
PlayDataViewPending,ColumnHeaderPlus3,?,"""User""",,,,none,,GAP?,
PlayDataViewPending,BtClear,?,"""Clear""",,,,none,,GAP?,
PlayDataViewPending,SplitterLine1,?,,,System.Windows.Forms.DockStyle.Top,,none,,GAP?,
PlayDataViewer,LpMain,?,,,System.Windows.Forms.DockStyle.Fill,,none,,GAP?,
PlayDataViewer,LpMainHdg,?,,,System.Windows.Forms.DockStyle.Fill,,none,,GAP?,
PlayDataViewer,PicPlayTime,?,,,System.Windows.Forms.DockStyle.Fill,,none,,GAP?,
PlayDataViewer,LbMainTitle,?,"""Time spent playing Neverwinter Nights""",,,"CType((System.Windows.Forms.AnchorStyles.Left Or System.Windows.Forms.AnchorStyles.Right), System.Windows.Forms.AnchorStyles)",none,,GAP?,
PlayDataViewer,BhPlayTime,?,"""ButtonLabel1""",,,System.Windows.Forms.AnchorStyles.Left,none,,GAP?,
PlayDataViewer,LbSummary,?,"""NWN and Mod Play Time Information""",System.Drawing.ContentAlignment.TopCenter,,"CType((System.Windows.Forms.AnchorStyles.Left Or System.Windows.Forms.AnchorStyles.Right), System.Windows.Forms.AnchorStyles)",none,,GAP?,
PlayDataViewer,LpSummary,?,,,System.Windows.Forms.DockStyle.Fill,,none,,GAP?,
PlayDataViewer,LbTodayHdg,?,"""Time played today:""",System.Drawing.ContentAlignment.MiddleRight,,"CType((System.Windows.Forms.AnchorStyles.Left Or System.Windows.Forms.AnchorStyles.Right), System.Windows.Forms.AnchorStyles)",none,,GAP?,
PlayDataViewer,LbTotalHdg,?,"""Total amount of time played:""",System.Drawing.ContentAlignment.MiddleRight,,"CType((System.Windows.Forms.AnchorStyles.Left Or System.Windows.Forms.AnchorStyles.Right), System.Windows.Forms.AnchorStyles)",none,,GAP?,
PlayDataViewer,LbTotal,?,"""85 hours""",System.Drawing.ContentAlignment.MiddleLeft,,"CType((System.Windows.Forms.AnchorStyles.Left Or System.Windows.Forms.AnchorStyles.Right), System.Windows.Forms.AnchorStyles)",comment,vaultkeeper/ui/dialogs/installation_analyser.py,AUTO-PORTED,matched in comment/docstring
PlayDataViewer,LbToday,?,"""6 hours""",System.Drawing.ContentAlignment.MiddleLeft,,"CType((System.Windows.Forms.AnchorStyles.Left Or System.Windows.Forms.AnchorStyles.Right), System.Windows.Forms.AnchorStyles)",none,,GAP?,
PlayDataViewer,LbGameHdg,?,"""Current Game:""",System.Drawing.ContentAlignment.MiddleRight,,"CType((System.Windows.Forms.AnchorStyles.Left Or System.Windows.Forms.AnchorStyles.Right), System.Windows.Forms.AnchorStyles)",none,,GAP?,
PlayDataViewer,LbGameTime,?,"""None""",System.Drawing.ContentAlignment.MiddleLeft,,"CType((System.Windows.Forms.AnchorStyles.Left Or System.Windows.Forms.AnchorStyles.Right), System.Windows.Forms.AnchorStyles)",none,,GAP?,
PlayDataViewer,LbMostInOneDayHdg,?,"""Most time played in one day:""",System.Drawing.ContentAlignment.MiddleRight,,"CType((System.Windows.Forms.AnchorStyles.Left Or System.Windows.Forms.AnchorStyles.Right), System.Windows.Forms.AnchorStyles)",none,,GAP?,
PlayDataViewer,LbMostInOneDay,?,"""6 hours""",System.Drawing.ContentAlignment.MiddleLeft,,"CType((System.Windows.Forms.AnchorStyles.Left Or System.Windows.Forms.AnchorStyles.Right), System.Windows.Forms.AnchorStyles)",none,,GAP?,
PlayDataViewer,LbBackupGames,?,"""Backup Games Play Time""",System.Drawing.ContentAlignment.TopCenter,,"CType((System.Windows.Forms.AnchorStyles.Left Or System.Windows.Forms.AnchorStyles.Right), System.Windows.Forms.AnchorStyles)",none,,GAP?,
PlayDataViewer,LpActions,?,,,System.Windows.Forms.DockStyle.Fill,,none,,GAP?,
PlayDataViewer,BtClose,?,"""Close""",,,,none,,GAP?,
PlayDataViewer,BtPending,?,"""Pending""",,,,none,,GAP?,
PlayDataViewer,LbHoursPerDay,?,"""Play Time Hours per Day:""",,,System.Windows.Forms.AnchorStyles.Left,none,,GAP?,
PlayDataViewer,LtxHoursPerDay,?,,,,System.Windows.Forms.AnchorStyles.Left,none,,GAP?,
PlayDataViewer,BtReport,?,"""Report""",,,,none,,GAP?,
PlayDataViewer,SplitterLine1,?,,,System.Windows.Forms.DockStyle.Top,,none,,GAP?,
PlayDataViewer,LvGameTimes,?,,,System.Windows.Forms.DockStyle.Fill,,none,,GAP?,
PlayDataViewer,ChGame,?,"""Game""",System.Windows.Forms.HorizontalAlignment.Right,,,none,,GAP?,
PlayDataViewer,ChPlayTime,?,"""Play Time""",,,,none,,GAP?,
PlayDataViewer,ColumnHeaderPlus1,LazWorks.Library.ListViews.ColumnHeaderPlus,,,,,none,,GAP?,
PlayDataViewer,TtPlayTime,LazWorks.Library.Controls.ToolTipPlus,,,,,none,,GAP?,
PlayDataViewer,ChIndent,LazWorks.Library.ListViews.ColumnHeaderPlus,,,,,none,,GAP?,
PortraitManager,LpMain,?,,,System.Windows.Forms.DockStyle.Fill,,none,,GAP?,
PortraitManager,RbToolstrip,?,"""RibbonPageToolstrip1""",,,,none,,GAP?,
PortraitManager,RbPrevious,?,Nothing,,,,none,,GAP?,
PortraitManager,RbNext,?,Nothing,,,,none,,GAP?,
PortraitManager,RbExclude,?,"""Exclude"" & Global.Microsoft.VisualBasic.ChrW(13) & Global.Microsoft.VisualBasic.ChrW(10) & ""Portrait """,System.Drawing.ContentAlignment.MiddleLeft,,,none,,GAP?,
PortraitManager,RbApplyExcludes,?,"""Apply"" & Global.Microsoft.VisualBasic.ChrW(13) & Global.Microsoft.VisualBasic.ChrW(10) & ""Excludes""",System.Drawing.ContentAlignment.MiddleLeft,,,none,,GAP?,
PortraitManager,RbEditPortrait,?,"""Edit"" & Global.Microsoft.VisualBasic.ChrW(13) & Global.Microsoft.VisualBasic.ChrW(10) & ""Portrait""",System.Drawing.ContentAlignment.MiddleLeft,,,none,,GAP?,
PortraitManager,RbCreateInstaller,?,"""Create"" & Global.Microsoft.VisualBasic.ChrW(13) & Global.Microsoft.VisualBasic.ChrW(10) & ""Installer""",System.Drawing.ContentAlignment.MiddleLeft,,,none,,GAP?,
PortraitManager,RbSelect,?,"""Select"" & Global.Microsoft.VisualBasic.ChrW(13) & Global.Microsoft.VisualBasic.ChrW(10) & ""Source""",System.Drawing.ContentAlignment.MiddleLeft,,,none,,GAP?,
PortraitManager,RbOptions,?,"""Options""",System.Drawing.ContentAlignment.MiddleLeft,,,none,,GAP?,
PortraitManager,TsOverride,?,"""Include Portraits in Override""",,,,none,,GAP?,
PortraitManager,TsAlwaysSelectNext,?,"""Always Select Next Portrait""",,,,none,,GAP?,
PortraitManager,TsInvalidPortraitSizes,?,"""Invalid Portrait Size Report""",,,,none,,GAP?,
PortraitManager,TsClose,?,"""Close""",,,,none,,GAP?,
PortraitManager,RbPortraitManagerHelp,?,"""RibbonButtonSmall1""",System.Windows.Forms.ToolStripItemAlignment.Right,,,strong,vaultkeeper/ui/dialogs/portrait_manager.py,AUTO-PORTED,
PortraitManager,RbLink,?,"""Open Web Page""",System.Windows.Forms.ToolStripItemAlignment.Right,,,none,,GAP?,
PortraitManager,TsbSearch,?,"""Find Portrait""",System.Windows.Forms.ToolStripItemAlignment.Right,,,none,,GAP?,
PortraitManager,LvPortraits,?,,,System.Windows.Forms.DockStyle.Fill,,none,,GAP?,
PortraitManager,ChPortraitName,?,"""Portrait Name""",,,,none,,GAP?,
PortraitManager,ChSource,?,"""Installation Source""",,,,none,,GAP?,
PortraitManager,ToolStripSeparator2,?,,System.Windows.Forms.ToolStripItemAlignment.Right,,,none,,GAP?,
PortraitManager,ScMain,?,,,System.Windows.Forms.DockStyle.Fill,,none,,GAP?,
PortraitManager,LpImages,?,,,System.Windows.Forms.DockStyle.Fill,,none,,GAP?,
PortraitManager,PicHuge,?,,,,,none,,GAP?,
PortraitManager,PicMedium,?,,,,,none,,GAP?,
PortraitManager,PicLarge,?,,,,,none,,GAP?,
PortraitManager,PicSmall,?,,,,,none,,GAP?,
PortraitManager,PicTiny,?,,,,,none,,GAP?,
PortraitManager,SplitterLine1,?,,,System.Windows.Forms.DockStyle.Bottom,,none,,GAP?,
PortraitManager,ToolStripSeparator1,ToolStripSeparator,,,,,none,,GAP?,
PortraitManager,ImEditIcon,ImageList,,,,,none,,GAP?,
PortraitManager,CmPortraits,ContextMenuStrip,,,,,none,,GAP?,
PortraitManager,ToolStripSeparator3,ToolStripSeparator,,,,,none,,GAP?,
PortraitManager,ToolStripSeparator4,ToolStripSeparator,,,,,none,,GAP?,
PublishMod,LpMain,?,,,System.Windows.Forms.DockStyle.Fill,,none,,GAP?,
PublishMod,LpVersion,?,,,System.Windows.Forms.DockStyle.Fill,,none,,GAP?,
PublishMod,LbVersion,?,"""&Version:""",System.Drawing.ContentAlignment.MiddleRight,,CType(((System.Windows.Forms.AnchorStyles.Top Or System.Windows.Forms.AnchorStyles.Left) _,none,,GAP?,
PublishMod,LbOptions,?,"""Options:""",System.Drawing.ContentAlignment.MiddleRight,,"CType((System.Windows.Forms.AnchorStyles.Left Or System.Windows.Forms.AnchorStyles.Right), System.Windows.Forms.AnchorStyles)",none,,GAP?,
PublishMod,CbGuide,?,"""&Generate Installation Guide""",,,,strong,vaultkeeper/ui/dialogs/publish_mod.py,AUTO-PORTED,
PublishMod,LbVersionHelp,?,"""Version text is appended to the Mod Name. Leave it blank if you do not want the c"" &",,,,none,,GAP?,
PublishMod,LpZipFileInfo,?,,,System.Windows.Forms.DockStyle.Fill,,none,,GAP?,
PublishMod,TxVersion,?,,,,"CType((System.Windows.Forms.AnchorStyles.Left Or System.Windows.Forms.AnchorStyles.Right), System.Windows.Forms.AnchorStyles)",none,,GAP?,
PublishMod,LbArchiveName,?,"""Mod Name.7z""",,,"CType((System.Windows.Forms.AnchorStyles.Left Or System.Windows.Forms.AnchorStyles.Right), System.Windows.Forms.AnchorStyles)",strong,vaultkeeper/ui/dialogs/publish_mod.py,AUTO-PORTED,
PublishMod,LpMainHdg,?,,,System.Windows.Forms.DockStyle.Fill,,none,,GAP?,
PublishMod,PicHeading,?,,,System.Windows.Forms.DockStyle.Fill,,none,,GAP?,
PublishMod,LbHeading,?,"""Package your Mod for publishing (Uploading)""",,,"CType((System.Windows.Forms.AnchorStyles.Left Or System.Windows.Forms.AnchorStyles.Right), System.Windows.Forms.AnchorStyles)",strong,vaultkeeper/ui/dialogs/doc_organiser.py | vaultkeeper/ui/dialogs/mod_play_viewer.py,AUTO-PORTED,
PublishMod,BhPublishMod,?,"""ButtonLabel1""",,,System.Windows.Forms.AnchorStyles.Left,strong,vaultkeeper/ui/dialogs/publish_mod.py,AUTO-PORTED,
PublishMod,LbVersionHdg,?,"""Configuration""",,,"CType((System.Windows.Forms.AnchorStyles.Left Or System.Windows.Forms.AnchorStyles.Right), System.Windows.Forms.AnchorStyles)",none,,GAP?,
PublishMod,SplitterLine1,?,,,System.Windows.Forms.DockStyle.Top,,none,,GAP?,
PublishMod,LpActions,?,,,System.Windows.Forms.DockStyle.Fill,,none,,GAP?,
PublishMod,BtCancel,?,"""&Cancel""",,,"CType((System.Windows.Forms.AnchorStyles.Left Or System.Windows.Forms.AnchorStyles.Right), System.Windows.Forms.AnchorStyles)",none,,GAP?,
PublishMod,BtPublish,?,"""&Publish""",,,"CType((System.Windows.Forms.AnchorStyles.Left Or System.Windows.Forms.AnchorStyles.Right), System.Windows.Forms.AnchorStyles)",strong,vaultkeeper/game/wizard.py,AUTO-PORTED,
RtfThemeManager,LpMain,?,,,System.Windows.Forms.DockStyle.Fill,,none,,GAP?,
RtfThemeManager,LbDescription,?,"""Applying Theme colours"" & Global.Microsoft.VisualBasic.ChrW(13) & Global.Microsoft.VisualBasic.ChrW(10) & ""to Notes and RTF files...""",System.Drawing.ContentAlignment.MiddleCenter,,"CType((System.Windows.Forms.AnchorStyles.Left Or System.Windows.Forms.AnchorStyles.Right), System.Windows.Forms.AnchorStyles)",none,,GAP?,
RtfThemeManager,PbProgress,?,"""Progress""",,System.Windows.Forms.DockStyle.Fill,,none,,GAP?,
Settings,TlSettings,?,,,System.Windows.Forms.DockStyle.Fill,,none,,GAP?,
Settings,TsSettingsSplitter,?,,,,,none,,GAP?,
Settings,TlActions,?,,,System.Windows.Forms.DockStyle.Fill,,none,,GAP?,
Settings,BtSave,?,"""Save""",,,,strong,vaultkeeper/ui/dialogs/wizard_builder.py,AUTO-PORTED,
Settings,BtReset,?,"""Reset...""",,,,strong,vaultkeeper/ui/dialogs/character_filter.py,AUTO-PORTED,
Settings,BtCancel,?,"""Cancel""",,,,none,,GAP?,
Settings,MlStatus,?,"""Status Information""",,,"CType((System.Windows.Forms.AnchorStyles.Left Or System.Windows.Forms.AnchorStyles.Right), System.Windows.Forms.AnchorStyles)",none,,GAP?,
Settings,Splitter2,?,,,System.Windows.Forms.DockStyle.Top,,none,,GAP?,
Settings,TsSettings,?,"""ToolStrip1""",,System.Windows.Forms.DockStyle.Fill,,none,,GAP?,
Settings,TsPreferences,?,"""Preferences""",System.Drawing.ContentAlignment.MiddleLeft,,,none,,GAP?,
Settings,TsLocations,?,"""Locations""",System.Drawing.ContentAlignment.MiddleLeft,,,none,,GAP?,
Settings,TsProfiles,?,"""Profiles""",System.Drawing.ContentAlignment.MiddleLeft,,,none,,GAP?,
Settings,TsAdvanced,?,"""Configuration""",System.Drawing.ContentAlignment.MiddleLeft,,,none,,GAP?,
Settings,TsRunMenu,?,"""Run Menu""",System.Drawing.ContentAlignment.MiddleLeft,,,none,,GAP?,
Settings,TsWebMenu,?,"""Web Menu""",System.Drawing.ContentAlignment.MiddleLeft,,,none,,GAP?,
Settings,TsMapExtensions,?,"""Map Extensions""",System.Drawing.ContentAlignment.MiddleLeft,,,none,,GAP?,
Settings,TsMapFolders,?,"""Map Folders""",System.Drawing.ContentAlignment.MiddleLeft,,,none,,GAP?,
Settings,TsMapFiles,?,"""Map Files""",System.Drawing.ContentAlignment.MiddleLeft,,,none,,GAP?,
Settings,TsMapExcludes,?,"""Map Excludes""",System.Drawing.ContentAlignment.MiddleLeft,,,none,,GAP?,
Settings,TsFontAndColor,?,"""Font and Colour""",System.Drawing.ContentAlignment.MiddleLeft,,,none,,GAP?,
Settings,TsToolbar,?,"""Toolbar""",System.Drawing.ContentAlignment.MiddleLeft,,,none,,GAP?,
Settings,TsExport,?,"""Export""",System.Drawing.ContentAlignment.MiddleLeft,,,none,,GAP?,
Settings,TsImport,?,"""Import""",System.Drawing.ContentAlignment.MiddleLeft,,,none,,GAP?,
Settings,ScSettings,?,,,System.Windows.Forms.DockStyle.Fill,,none,,GAP?,
Settings,PnSettings,?,,,System.Windows.Forms.DockStyle.Fill,,none,,GAP?,
Settings,PnPreferences,?,,,System.Windows.Forms.DockStyle.Fill,,none,,GAP?,
Settings,TlPrefs,?,,,System.Windows.Forms.DockStyle.Fill,,none,,GAP?,
Settings,TlPreferencesHdg,?,,,System.Windows.Forms.DockStyle.Fill,,none,,GAP?,
Settings,PicPrefs,?,,,System.Windows.Forms.DockStyle.Fill,,none,,GAP?,
Settings,LbPrefs,?,"""Specify your preferences""",,,"CType((System.Windows.Forms.AnchorStyles.Left Or System.Windows.Forms.AnchorStyles.Right), System.Windows.Forms.AnchorStyles)",none,,GAP?,
Settings,LvPreferences,?,,,System.Windows.Forms.DockStyle.Fill,,none,,GAP?,
Settings,ColumnHeaderPlus1,?,"""Preference Settings""",,,,none,,GAP?,
Settings,CprToggle,?,"""Enable""",,,,none,,GAP?,
Settings,CprUndo,?,"""Undo""",,,,none,,GAP?,
Settings,PnMapExtensions,?,,,System.Windows.Forms.DockStyle.Fill,,none,,GAP?,
Settings,TlMapExtensions,?,,,System.Windows.Forms.DockStyle.Fill,,none,,GAP?,
Settings,TlMapExtensionsHdg,?,,,System.Windows.Forms.DockStyle.Fill,,none,,GAP?,
Settings,PicMapExtensions,?,,,System.Windows.Forms.DockStyle.Fill,,none,,GAP?,
Settings,LbMapExtensions,?,"""Map file extension names to their associated NWN folder """,,,"CType((System.Windows.Forms.AnchorStyles.Left Or System.Windows.Forms.AnchorStyles.Right), System.Windows.Forms.AnchorStyles)",none,,GAP?,
Settings,TlExtensionList,?,,,System.Windows.Forms.DockStyle.Fill,,none,,GAP?,
Settings,LvExceptions,?,,,System.Windows.Forms.DockStyle.Fill,,none,,GAP?,
Settings,ColumnHeaderPlus15,?,"""Exceptions""",,,,none,,GAP?,
Settings,CmxNewException,?,"""New Exception""",,,,none,,GAP?,
Settings,CmxEditException,?,"""Edit Exception""",,,,none,,GAP?,
Settings,CmxUndo,?,"""Undo""",,,,none,,GAP?,
Settings,CmxRemove,?,"""Remove""",,,,none,,GAP?,
Settings,LvMapExtensions,?,,,System.Windows.Forms.DockStyle.Fill,,strong,vaultkeeper/ui/dialogs/folder_mapping.py,AUTO-PORTED,
Settings,ColumnHeaderPlus12,?,"""Extension""",,,,none,,GAP?,
Settings,ColumnHeaderPlus13,?,"""Default Folder""",,,,none,,GAP?,
Settings,ColumnHeaderPlus14,?,"""Secondary Folder""",,,,none,,GAP?,
Settings,CmeNewExtension,?,"""New Extension""",,,,none,,GAP?,
Settings,CmeDefaultFolder,?,"""Default Folder""",,,,none,,GAP?,
Settings,CmeSecondaryFolder,?,"""Secondary Folder""",,,,none,,GAP?,
Settings,CmeRenameExt,?,"""Rename Extension""",,,,none,,GAP?,
Settings,CmeUndo,?,"""Undo""",,,,none,,GAP?,
Settings,CmeRemove,?,"""Remove""",,,,none,,GAP?,
Settings,PnProfiles,?,,,System.Windows.Forms.DockStyle.Fill,,none,,GAP?,
Settings,TlProfiles,?,,,System.Windows.Forms.DockStyle.Fill,,none,,GAP?,
Settings,TlProfilesHdg,?,,,System.Windows.Forms.DockStyle.Fill,,none,,GAP?,
Settings,PicProfiles,?,,,System.Windows.Forms.DockStyle.Fill,,none,,GAP?,
Settings,LbProfiles,?,"""Define one or more mod profiles""",,,"CType((System.Windows.Forms.AnchorStyles.Left Or System.Windows.Forms.AnchorStyles.Right), System.Windows.Forms.AnchorStyles)",none,,GAP?,
Settings,LvProfiles,?,,,System.Windows.Forms.DockStyle.Fill,,none,,GAP?,
Settings,ColumnHeaderPlus4,?,"""Profile Name""",,,,none,,GAP?,
Settings,ChNwnType,?,"""Type""",,,,none,,GAP?,
Settings,ColumnHeaderPlus5,?,"""Neverwinter Nights Folder""",,,,none,,GAP?,
Settings,CmpNewProfile,?,"""New Profile""",,,,none,,GAP?,
Settings,CmpRename,?,"""Rename Profile""",,,,none,,GAP?,
Settings,CmpUndo,?,"""Undo""",,,,none,,GAP?,
Settings,CmpNwnPath,?,"""NWN Folder""",,,,none,,GAP?,
Settings,CmpCreateNwnPath,?,"""Create NWN Folder""",,,,none,,GAP?,
Settings,CmpRemove,?,"""Remove""",,,,none,,GAP?,
Settings,PnMapFiles,?,,,System.Windows.Forms.DockStyle.Fill,,none,,GAP?,
Settings,TlMapFiles,?,,,System.Windows.Forms.DockStyle.Fill,,none,,GAP?,
Settings,LvMapFiles,?,,,System.Windows.Forms.DockStyle.Fill,,strong,vaultkeeper/ui/dialogs/folder_mapping.py,AUTO-PORTED,
Settings,ColumnHeaderPlus18,?,"""File Name""",,,,none,,GAP?,
Settings,ColumnHeaderPlus19,?,"""NWN Folder""",,,,none,,GAP?,
Settings,CmfNewFileName,?,"""New File Name""",,,,none,,GAP?,
Settings,CmfFileName,?,"""Edit File Name""",,,,none,,GAP?,
Settings,CmfNwnFolder,?,"""Edit NWN Folder""",,,,none,,GAP?,
Settings,CmfUndo,?,"""Undo""",,,,none,,GAP?,
Settings,CmfRemove,?,"""Remove""",,,,none,,GAP?,
Settings,TlMapFilesHdg,?,,,System.Windows.Forms.DockStyle.Fill,,none,,GAP?,
Settings,PicMapFiles,?,,,System.Windows.Forms.DockStyle.Fill,,none,,GAP?,
Settings,LbMapFiles,?,"""Map files to NWN folders (has priority over the extension map)""",,,"CType((System.Windows.Forms.AnchorStyles.Left Or System.Windows.Forms.AnchorStyles.Right), System.Windows.Forms.AnchorStyles)",none,,GAP?,
Settings,PnMapExcludes,?,,,System.Windows.Forms.DockStyle.Fill,,none,,GAP?,
Settings,TlMapExcludes,?,,,System.Windows.Forms.DockStyle.Fill,,none,,GAP?,
Settings,TlMapExcludesHdg,?,,,System.Windows.Forms.DockStyle.Fill,,none,,GAP?,
Settings,PicMapExcludes,?,,,System.Windows.Forms.DockStyle.Fill,,none,,GAP?,
Settings,LbMapExcludes,?,"""Specify demo mods, files and folders to be excluded when creating Installers""",,,"CType((System.Windows.Forms.AnchorStyles.Left Or System.Windows.Forms.AnchorStyles.Right), System.Windows.Forms.AnchorStyles)",none,,GAP?,
Settings,LvMapExcludes,?,,,System.Windows.Forms.DockStyle.Fill,,strong,vaultkeeper/core/mapper.py,AUTO-PORTED,
Settings,ColumnHeaderPlus20,?,"""Excluded Items""",,,,none,,GAP?,
Settings,CexNewExclusion,?,"""New Exclusion""",,,,none,,GAP?,
Settings,CexEditExclusion,?,"""Edit Exclusion""",,,,none,,GAP?,
Settings,CexUndo,?,"""Undo""",,,,none,,GAP?,
Settings,CexRemove,?,"""Remove""",,,,none,,GAP?,
Settings,CexAddPlayerExclusions,?,"""Add Player Exclusions""",,,,none,,GAP?,
Settings,CexRemovePlayerExclusions,?,"""Remove Player Exclusions""",,,,none,,GAP?,
Settings,PnMapFolders,?,,,System.Windows.Forms.DockStyle.Fill,,none,,GAP?,
Settings,TlMapFolders,?,,,System.Windows.Forms.DockStyle.Fill,,none,,GAP?,
Settings,TlMapFoldersHdg,?,,,System.Windows.Forms.DockStyle.Fill,,none,,GAP?,
Settings,PicMapFolders,?,,,System.Windows.Forms.DockStyle.Fill,,none,,GAP?,
Settings,LbMapFolders,?,"""Map source folders to NWN folders (has priority over extension map)""",,,"CType((System.Windows.Forms.AnchorStyles.Left Or System.Windows.Forms.AnchorStyles.Right), System.Windows.Forms.AnchorStyles)",none,,GAP?,
Settings,LvMapFolders,?,,,System.Windows.Forms.DockStyle.Fill,,strong,vaultkeeper/ui/dialogs/folder_mapping.py,AUTO-PORTED,
Settings,ColumnHeaderPlus16,?,"""Source Folder""",,,,none,,GAP?,
Settings,ColumnHeaderPlus17,?,"""NWN Folder""",,,,none,,GAP?,
Settings,CmdNewSourceFolder,?,"""New Source Folder""",,,,none,,GAP?,
Settings,CmdSourceFolder,?,"""Edit Source Folder""",,,,none,,GAP?,
Settings,CmdNwnFolder,?,"""Edit NWN Folder""",,,,none,,GAP?,
Settings,CmdUndo,?,"""Undo""",,,,none,,GAP?,
Settings,CmdRemove,?,"""Remove""",,,,none,,GAP?,
Settings,PnLocations,?,,,System.Windows.Forms.DockStyle.Fill,,none,,GAP?,
Settings,TlLocations,?,,,System.Windows.Forms.DockStyle.Fill,,none,,GAP?,
Settings,TlLocationsHdg,?,,,System.Windows.Forms.DockStyle.Fill,,none,,GAP?,
Settings,PicLocations,?,,,System.Windows.Forms.DockStyle.Fill,,none,,GAP?,
Settings,LbLocations,?,"""Specify program and file locations""",,,"CType((System.Windows.Forms.AnchorStyles.Left Or System.Windows.Forms.AnchorStyles.Right), System.Windows.Forms.AnchorStyles)",none,,GAP?,
Settings,LvLocations,?,,,System.Windows.Forms.DockStyle.Fill,,none,,GAP?,
Settings,ColumnHeaderPlus2,?,"""Location""",,,,none,,GAP?,
Settings,ColumnHeaderPlus3,?,"""Path""",,,,none,,GAP?,
Settings,PnWebMenu,?,,,System.Windows.Forms.DockStyle.Fill,,none,,GAP?,
Settings,TlWebMenu,?,,,System.Windows.Forms.DockStyle.Fill,,none,,GAP?,
Settings,TlWebMenuHdg,?,,,System.Windows.Forms.DockStyle.Fill,,none,,GAP?,
Settings,PicWebMenu,?,,,System.Windows.Forms.DockStyle.Fill,,none,,GAP?,
Settings,LbWebMenu,?,"""Define and manage your Web Menu page links""",,,"CType((System.Windows.Forms.AnchorStyles.Left Or System.Windows.Forms.AnchorStyles.Right), System.Windows.Forms.AnchorStyles)",none,,GAP?,
Settings,LvWebMenu,?,,,System.Windows.Forms.DockStyle.Fill,,none,,GAP?,
Settings,ColumnHeaderPlus10,?,"""Menu Text""",,,,none,,GAP?,
Settings,ColumnHeaderPlus11,?,"""Web Address""",,,,none,,GAP?,
Settings,CmwNewMenu,?,"""New Menu Item""",,,,none,,GAP?,
Settings,CmwInsertSeparator,?,"""Insert Separator""",,,,none,,GAP?,
Settings,CmwEditMenu,?,"""Edit Menu Item""",,,,none,,GAP?,
Settings,CmwUndo,?,"""Undo""",,,,none,,GAP?,
Settings,CmwMoveUp,?,"""Move Up""",,,,none,,GAP?,
Settings,CmwMoveDown,?,"""Move Down""",,,,none,,GAP?,
Settings,CmwMoveTo,?,"""Move To""",,,,none,,GAP?,
Settings,CmwRemove,?,"""Remove""",,,,none,,GAP?,
Settings,PnRunMenu,?,,,System.Windows.Forms.DockStyle.Fill,,none,,GAP?,
Settings,TlRunMenu,?,,,System.Windows.Forms.DockStyle.Fill,,none,,GAP?,
Settings,TlRunMenuHdg,?,,,System.Windows.Forms.DockStyle.Fill,,none,,GAP?,
Settings,PicRunMenu,?,,,System.Windows.Forms.DockStyle.Fill,,none,,GAP?,
Settings,LbRunMenu,?,"""Define and manage your Run Menu programs""",,,"CType((System.Windows.Forms.AnchorStyles.Left Or System.Windows.Forms.AnchorStyles.Right), System.Windows.Forms.AnchorStyles)",none,,GAP?,
Settings,LvRunMenu,?,,,System.Windows.Forms.DockStyle.Fill,,none,,GAP?,
Settings,ColumnHeaderPlus8,?,"""Menu Text""",,,,none,,GAP?,
Settings,ColumnHeaderPlus9,?,"""Location""",,,,none,,GAP?,
Settings,CmrNewMenu,?,"""New Menu Item""",,,,none,,GAP?,
Settings,CmrInsertSeparator,?,"""Insert Separator""",,,,none,,GAP?,
Settings,CmrEditMenu,?,"""Edit Menu Item""",,,,none,,GAP?,
Settings,CmrUndo,?,"""Undo""",,,,none,,GAP?,
Settings,CmrMoveUp,?,"""Move Up""",,,,none,,GAP?,
Settings,CmrMoveDown,?,"""Move Down""",,,,none,,GAP?,
Settings,CmrMoveTo,?,"""Move To""",,,,none,,GAP?,
Settings,CmrRemove,?,"""Remove""",,,,none,,GAP?,
Settings,PnAdvanced,?,,,System.Windows.Forms.DockStyle.Fill,,none,,GAP?,
Settings,TlAdvanced,?,,,System.Windows.Forms.DockStyle.Fill,,none,,GAP?,
Settings,TlAdvancedHdg,?,,,System.Windows.Forms.DockStyle.Fill,,none,,GAP?,
Settings,PicAdvanced,?,,,System.Windows.Forms.DockStyle.Fill,,none,,GAP?,
Settings,LbAdvanced,?,"""Change NWN Installer Tool's configuration settings""",,,"CType((System.Windows.Forms.AnchorStyles.Left Or System.Windows.Forms.AnchorStyles.Right), System.Windows.Forms.AnchorStyles)",none,,GAP?,
Settings,LvAdvanced,?,,,System.Windows.Forms.DockStyle.Fill,,none,,GAP?,
Settings,ColumnHeaderPlus6,?,"""Configuration Setting""",,,,none,,GAP?,
Settings,ColumnHeaderPlus7,?,"""Setting""",,,,none,,GAP?,
Settings,TlInfo,?,,,System.Windows.Forms.DockStyle.Fill,,none,,GAP?,
Settings,RtInfo,?,"""""",,System.Windows.Forms.DockStyle.Fill,,none,,GAP?,
Settings,LbInfo,?,"""Notes""",,,"CType((System.Windows.Forms.AnchorStyles.Left Or System.Windows.Forms.AnchorStyles.Right), System.Windows.Forms.AnchorStyles)",none,,GAP?,
Settings,CmsResetAll,?,"""Restore All Settings to NIT's Default Values""",,,,none,,GAP?,
Settings,CmsResetPanel,?,"""Restore Panel""",,,,none,,GAP?,
Settings,CmsResetSelected,?,"""Restore Selected""",,,,none,,GAP?,
Settings,TsImportMaps,?,"""Import Maps""",System.Drawing.ContentAlignment.MiddleLeft,,,none,,GAP?,
Settings,ToolStripSeparator1,ToolStripSeparator,,,,,none,,GAP?,
Settings,ToolStripSeparator2,ToolStripSeparator,,,,,none,,GAP?,
Settings,ToolStripSeparator3,ToolStripSeparator,,,,,none,,GAP?,
Settings,TtSettings,LazWorks.Library.Controls.ToolTipPlus,,,,,none,,GAP?,
Settings,ToolStripSeparator4,ToolStripSeparator,,,,,none,,GAP?,
Settings,ImCheckBox,ImageList,,,,,none,,GAP?,
Settings,ImSettings,ImageList,,,,,none,,GAP?,
Settings,CmProfiles,ContextMenuStrip,,,,,none,,GAP?,
Settings,CmReset,ContextMenuStrip,,,,,none,,GAP?,
Settings,CmOptions,ContextMenuStrip,,,,,none,,GAP?,
Settings,ToolStripSeparator6,ToolStripSeparator,,,,,none,,GAP?,
Settings,ToolStripSeparator7,ToolStripSeparator,,,,,none,,GAP?,
Settings,CmRunMenu,ContextMenuStrip,,,,,none,,GAP?,
Settings,CmWebMenu,ContextMenuStrip,,,,,none,,GAP?,
Settings,CmPreferences,ContextMenuStrip,,,,,none,,GAP?,
Settings,CmMapExtensions,ContextMenuStrip,,,,,none,,GAP?,
Settings,CmeRemoveSeparator,ToolStripSeparator,,,,,none,,GAP?,
Settings,ImCheckBoxDisabled,ImageList,,,,,none,,GAP?,
Settings,CmExceptions,ContextMenuStrip,,,,,none,,GAP?,
Settings,CmxRemoveSeparator,ToolStripSeparator,,,,,none,,GAP?,
Settings,CmeRenameSeparator,ToolStripSeparator,,,,,none,,GAP?,
Settings,ImDefaultCheckBox,ImageList,,,,,none,,GAP?,
Settings,ToolStripSeparator8,ToolStripSeparator,,,,,none,,GAP?,
Settings,ToolStripSeparator9,ToolStripSeparator,,,,,none,,GAP?,
Settings,ToolStripSeparator10,ToolStripSeparator,,,,,none,,GAP?,
Settings,ToolStripSeparator11,ToolStripSeparator,,,,,none,,GAP?,
Settings,CmMapFolders,ContextMenuStrip,,,,,none,,GAP?,
Settings,CmdRemoveSeparator,ToolStripSeparator,,,,,none,,GAP?,
Settings,CmMapFiles,ContextMenuStrip,,,,,none,,GAP?,
Settings,CmfRemoveSeparator,ToolStripSeparator,,,,,none,,GAP?,
Settings,ImStateBox,ImageList,,,,,none,,GAP?,
Settings,CmMapExcludes,ContextMenuStrip,,,,,none,,GAP?,
Settings,ToolStripSeparator13,ToolStripSeparator,,,,,none,,GAP?,
Settings,CexRemoveSeparator,ToolStripSeparator,,,,,none,,GAP?,
Settings,ImSpacer,ImageList,,,,,none,,GAP?,
SlideShow,PicSlide,?,,,System.Windows.Forms.DockStyle.Fill,,none,,GAP?,
SlideShow,PnMain,?,,,System.Windows.Forms.DockStyle.Fill,,none,,GAP?,
SlideShow,PnActions,?,,,,"CType((System.Windows.Forms.AnchorStyles.Left Or System.Windows.Forms.AnchorStyles.Right), System.Windows.Forms.AnchorStyles)",none,,GAP?,
SlideShow,LpActions,?,,,System.Windows.Forms.DockStyle.Fill,,none,,GAP?,
SlideShow,PicClose,?,,,System.Windows.Forms.DockStyle.Fill,,none,,GAP?,
SlideShow,LbFilename,?,"""File Name""",,,System.Windows.Forms.AnchorStyles.Left,none,,GAP?,
SlideShow,PnSlide,?,,,System.Windows.Forms.DockStyle.Fill,,none,,GAP?,
SlideShow,TtControl,LazWorks.Library.Controls.ToolTipPlus,,,,,none,,GAP?,
SlideShow,TiShow,Timer,,,,,none,,GAP?,
StartScreenManager,LpMain,?,,,System.Windows.Forms.DockStyle.Fill,,none,,GAP?,
StartScreenManager,RbToolstrip,?,"""RibbonPageToolstrip1""",,,,none,,GAP?,
StartScreenManager,RbPrevious,?,Nothing,,,,none,,GAP?,
StartScreenManager,RbNext,?,Nothing,,,,none,,GAP?,
StartScreenManager,RbAddFolders,?,"""Add Images"" & Global.Microsoft.VisualBasic.ChrW(13) & Global.Microsoft.VisualBasic.ChrW(10) & ""from Folders""",System.Drawing.ContentAlignment.MiddleLeft,,,none,,GAP?,
StartScreenManager,RbAddFiles,?,"""Add Image"" & Global.Microsoft.VisualBasic.ChrW(13) & Global.Microsoft.VisualBasic.ChrW(10) & ""Files""",System.Drawing.ContentAlignment.MiddleLeft,,,none,,GAP?,
StartScreenManager,RbRename,?,"""Rename"" & Global.Microsoft.VisualBasic.ChrW(13) & Global.Microsoft.VisualBasic.ChrW(10) & ""Start Screen""",System.Drawing.ContentAlignment.MiddleLeft,,,strong,vaultkeeper/ui/controller.py | vaultkeeper/ui/dialogs/start_screen_manager.py,AUTO-PORTED,
StartScreenManager,RbExport,?,"""Export Start"" & Global.Microsoft.VisualBasic.ChrW(13) & Global.Microsoft.VisualBasic.ChrW(10) & ""Screen File""",System.Drawing.ContentAlignment.MiddleLeft,,,none,,GAP?,
StartScreenManager,RbDeleteFile,?,"""Remove"" & Global.Microsoft.VisualBasic.ChrW(13) & Global.Microsoft.VisualBasic.ChrW(10) & ""Image File""",System.Drawing.ContentAlignment.MiddleLeft,,,strong,vaultkeeper/ui/controller.py | vaultkeeper/ui/dialogs/start_screen_manager.py,AUTO-PORTED,
StartScreenManager,RbInstall,?,"""Install Selected"" & Global.Microsoft.VisualBasic.ChrW(13) & Global.Microsoft.VisualBasic.ChrW(10) & ""Start Screen""",System.Drawing.ContentAlignment.MiddleLeft,,,strong,vaultkeeper/ui/dialogs/start_screen_manager.py,AUTO-PORTED,
StartScreenManager,RbOptions,?,"""Options""",System.Drawing.ContentAlignment.MiddleLeft,,,none,,GAP?,
StartScreenManager,RbAutoSelect,?,"""Auto-Start Screen Selection""",,,,none,,GAP?,
StartScreenManager,RbShowPrefixed,?,"""Show Prefixed Images only""",,,,none,,GAP?,
StartScreenManager,RbRepairPrefixed,?,"""Repair Prefixed Image Exclusions""",,,,none,,GAP?,
StartScreenManager,RbAddAutoExclusion,?,"""Add to Auto Exclusion List""",,,,strong,vaultkeeper/ui/controller.py | vaultkeeper/ui/dialogs/start_screen_manager.py,AUTO-PORTED,
StartScreenManager,RbRemoveAutoExclusion,?,"""Remove from Auto Exclusion List""",,,,strong,vaultkeeper/ui/controller.py | vaultkeeper/ui/dialogs/start_screen_manager.py,AUTO-PORTED,
StartScreenManager,RbInfoReport,?,"""View Information Report""",,,,strong,vaultkeeper/ui/controller.py | vaultkeeper/ui/dialogs/start_screen_manager.py,AUTO-PORTED,
StartScreenManager,RbSlideShowInterval,?,"""Slide Show Interval: 10""",,,,none,,GAP?,
StartScreenManager,RbSlideShowContinuous,?,"""Continuous Slide Show""",,,,none,,GAP?,
StartScreenManager,RbImport,?,"""Import Start Screen Files""",,,,none,,GAP?,
StartScreenManager,RbClearExported,?,"""Clear Exported Start Screen Files""",,,,none,,GAP?,
StartScreenManager,RbUninstall,?,"""Uninstall the Start Screen's Mod""",,,,none,,GAP?,
StartScreenManager,RbRemove,?,"""Remove Start Screen Manager""",,,,comment,vaultkeeper/ui/controller.py | vaultkeeper/ui/dialogs/start_screen_manager.py,AUTO-PORTED,matched in comment/docstring
StartScreenManager,RbClose,?,"""Close""",,,,none,,GAP?,
StartScreenManager,RbLoadscreenHelp,?,"""RibbonButtonSmall1""",System.Windows.Forms.ToolStripItemAlignment.Right,,,strong,vaultkeeper/ui/dialogs/start_screen_manager.py,AUTO-PORTED,
StartScreenManager,RbSlideshow,?,"""RibbonButtonSmall1""",System.Windows.Forms.ToolStripItemAlignment.Right,,,none,,GAP?,
StartScreenManager,LpImages,?,,,System.Windows.Forms.DockStyle.Fill,,none,,GAP?,
StartScreenManager,FvImages,?,,,System.Windows.Forms.DockStyle.Fill,,strong,vaultkeeper/game/start_screen.py,AUTO-PORTED,
StartScreenManager,ColumnHeaderPlus1,?,"""Image Files""",,,,none,,GAP?,
StartScreenManager,PicScreen,?,,,System.Windows.Forms.DockStyle.Fill,,none,,GAP?,
StartScreenManager,SplitterLine3,?,,,,,none,,GAP?,
StartScreenManager,SpLine,?,,,System.Windows.Forms.DockStyle.Top,,none,,GAP?,
StartScreenManager,SplitterLine2,?,,,System.Windows.Forms.DockStyle.Top,,none,,GAP?,
StartScreenManager,LpInfo,?,,,System.Windows.Forms.DockStyle.Fill,,none,,GAP?,
StartScreenManager,MgStatus,?,"""Status""",,,System.Windows.Forms.AnchorStyles.Right,none,,GAP?,
StartScreenManager,LcbExcluded,?,"""Excluded: No.""",,,System.Windows.Forms.AnchorStyles.Left,none,,GAP?,
StartScreenManager,SplResolution,?,,,,,none,,GAP?,
StartScreenManager,LbResolution,?,"""1920 x 1080""",,,System.Windows.Forms.AnchorStyles.Left,none,,GAP?,
StartScreenManager,LbResolutionHdg,?,"""Resolution:""",,,System.Windows.Forms.AnchorStyles.Left,none,,GAP?,
StartScreenManager,SplitterLine1,?,,,,,none,,GAP?,
StartScreenManager,LcbInstalled,?,"""Neverwinter Nights installation""",,,System.Windows.Forms.AnchorStyles.Left,none,,GAP?,
StartScreenManager,LcbStats,?,"""Start Screens: 1/5""",,,System.Windows.Forms.AnchorStyles.Left,none,,GAP?,
StartScreenManager,SplitterLine5,?,,,,,none,,GAP?,
StartScreenManager,LsbImages,?,,,,,none,,GAP?,
StartScreenManager,BtSearch,?,,,,System.Windows.Forms.AnchorStyles.Left,none,,GAP?,
StartScreenManager,ToolStripSeparator1,ToolStripSeparator,,,,,none,,GAP?,
StartScreenManager,ToolStripSeparator2,ToolStripSeparator,,,,,none,,GAP?,
StartScreenManager,ToolStripSeparator4,ToolStripSeparator,,,,,none,,GAP?,
StartScreenManager,CmImages,ContextMenuStrip,,,,,none,,GAP?,
StartScreenManager,ToolStripSeparator3,ToolStripSeparator,,,,,none,,GAP?,
StartScreenManager,TsSeparator,ToolStripSeparator,,,,,none,,GAP?,
StartScreenManager,ToolStripSeparator5,ToolStripSeparator,,,,,none,,GAP?,
StartScreenManager,TtCommon,LazWorks.Library.Controls.ToolTipPlus,,,,,none,,GAP?,
StartScreenManager,ToolStripSeparator6,ToolStripSeparator,,,,,none,,GAP?,
StartScreenManager,TsImportSep,ToolStripSeparator,,,,,none,,GAP?,
StartScreenManager,BgExportImport,System.ComponentModel.BackgroundWorker,,,,,none,,GAP?,
UserResponseEditor,LpMain,?,,,System.Windows.Forms.DockStyle.Fill,,none,,GAP?,
UserResponseEditor,LvResponses,?,,,System.Windows.Forms.DockStyle.Fill,,none,,GAP?,
UserResponseEditor,ColumnHeaderPlus1,?,"""Game Save Name""",,,,none,,GAP?,
UserResponseEditor,ColumnHeaderPlus2,?,"""Mod Name""",,,,none,,GAP?,
UserResponseEditor,LpActions,?,,,System.Windows.Forms.DockStyle.Fill,,none,,GAP?,
UserResponseEditor,BtClose,?,"""Close""",,,System.Windows.Forms.AnchorStyles.Left,none,,GAP?,
UserResponseEditor,BtDelete,?,"""Restore""",,,System.Windows.Forms.AnchorStyles.Left,none,,GAP?,
UserResponseEditor,SplitterLine1,?,,,System.Windows.Forms.DockStyle.Top,,none,,GAP?,
WizardBuilder,LpMain,?,,,System.Windows.Forms.DockStyle.Fill,,none,,GAP?,
WizardBuilder,LpWizardHdg,?,,,System.Windows.Forms.DockStyle.Fill,,none,,GAP?,
WizardBuilder,PicWizard,?,,,System.Windows.Forms.DockStyle.Fill,,none,,GAP?,
WizardBuilder,LbWizard,?,"""Generate Mod Installer Wizard""",,,"CType((System.Windows.Forms.AnchorStyles.Left Or System.Windows.Forms.AnchorStyles.Right), System.Windows.Forms.AnchorStyles)",none,,GAP?,
WizardBuilder,BhWizardBuilder,?,"""ButtonLabel1""",,,System.Windows.Forms.AnchorStyles.Left,strong,vaultkeeper/ui/dialogs/wizard_builder.py,AUTO-PORTED,
WizardBuilder,BnView,?,"""Files and Archives""",,,System.Windows.Forms.AnchorStyles.Left,none,,GAP?,
WizardBuilder,LbView,?,"""View""",System.Drawing.ContentAlignment.TopRight,,System.Windows.Forms.AnchorStyles.Left,none,,GAP?,
WizardBuilder,LbBuilderHdg,?,"""Title Information""",System.Drawing.ContentAlignment.MiddleLeft,,"CType((System.Windows.Forms.AnchorStyles.Left Or System.Windows.Forms.AnchorStyles.Right), System.Windows.Forms.AnchorStyles)",none,,GAP?,
WizardBuilder,LpTextFields,?,,,System.Windows.Forms.DockStyle.Fill,,none,,GAP?,
WizardBuilder,LbTitle,?,"""Wizard Title""",System.Drawing.ContentAlignment.MiddleRight,,System.Windows.Forms.AnchorStyles.Right,none,,GAP?,
WizardBuilder,TxTitle,?,,,,"CType((System.Windows.Forms.AnchorStyles.Left Or System.Windows.Forms.AnchorStyles.Right), System.Windows.Forms.AnchorStyles)",none,,GAP?,
WizardBuilder,LbSelectOne,?,"""Choices""",System.Drawing.ContentAlignment.MiddleRight,,System.Windows.Forms.AnchorStyles.Right,none,,GAP?,
WizardBuilder,LbSelectMany,?,"""Preferences""",System.Drawing.ContentAlignment.MiddleRight,,System.Windows.Forms.AnchorStyles.Right,none,,GAP?,
WizardBuilder,TxSelectOne,?,,,,"CType((System.Windows.Forms.AnchorStyles.Left Or System.Windows.Forms.AnchorStyles.Right), System.Windows.Forms.AnchorStyles)",none,,GAP?,
WizardBuilder,TxSelectMany,?,,,,"CType((System.Windows.Forms.AnchorStyles.Left Or System.Windows.Forms.AnchorStyles.Right), System.Windows.Forms.AnchorStyles)",none,,GAP?,
WizardBuilder,LpBuilder,?,,,System.Windows.Forms.DockStyle.Fill,,none,,GAP?,
WizardBuilder,LvFiles,?,,,System.Windows.Forms.DockStyle.Fill,,strong,vaultkeeper/ui/dialogs/installation_analyser.py,AUTO-PORTED,
WizardBuilder,ColumnHeaderPlus1,?,"""Items Processed by Installer""",,,,none,,GAP?,
WizardBuilder,LpSelectLists,?,,,System.Windows.Forms.DockStyle.Fill,,none,,GAP?,
WizardBuilder,LvExcludes,?,,,System.Windows.Forms.DockStyle.Fill,,none,,GAP?,
WizardBuilder,ColumnHeaderPlus4,?,"""Exclude from Installer""",,,,none,,GAP?,
WizardBuilder,LvSelectOne,?,,,System.Windows.Forms.DockStyle.Fill,,none,,GAP?,
WizardBuilder,ColumnHeaderPlus2,?,"""Choices (Only one item can be selected)""",,,,none,,GAP?,
WizardBuilder,LvSelectMany,?,,,System.Windows.Forms.DockStyle.Fill,,none,,GAP?,
WizardBuilder,ColumnHeaderPlus3,?,"""Preferences (Optional items)""",,,,none,,GAP?,
WizardBuilder,SplitterLine5,?,,,System.Windows.Forms.DockStyle.Top,,none,,GAP?,
WizardBuilder,SplitterLine6,?,,,System.Windows.Forms.DockStyle.Top,,none,,GAP?,
WizardBuilder,LpMoveButtons,?,,,System.Windows.Forms.DockStyle.Fill,,none,,GAP?,
WizardBuilder,LpMoveExcludes,?,,,System.Windows.Forms.DockStyle.Fill,,none,,GAP?,
WizardBuilder,BtAddExclude,?,"""Add >>""",,,"CType((System.Windows.Forms.AnchorStyles.Left Or System.Windows.Forms.AnchorStyles.Right), System.Windows.Forms.AnchorStyles)",none,,GAP?,
WizardBuilder,BtAddAllExclude,?,"""Add All >>""",,,"CType((System.Windows.Forms.AnchorStyles.Left Or System.Windows.Forms.AnchorStyles.Right), System.Windows.Forms.AnchorStyles)",none,,GAP?,
WizardBuilder,BtRemoveExclude,?,"""<< Remove""",,,CType(((System.Windows.Forms.AnchorStyles.Top Or System.Windows.Forms.AnchorStyles.Left) _,none,,GAP?,
WizardBuilder,LpMoveMany,?,,,System.Windows.Forms.DockStyle.Fill,,none,,GAP?,
WizardBuilder,BtAddMany,?,"""Add >>""",,,"CType((System.Windows.Forms.AnchorStyles.Left Or System.Windows.Forms.AnchorStyles.Right), System.Windows.Forms.AnchorStyles)",none,,GAP?,
WizardBuilder,BtAddAllMany,?,"""Add All >>""",,,"CType((System.Windows.Forms.AnchorStyles.Left Or System.Windows.Forms.AnchorStyles.Right), System.Windows.Forms.AnchorStyles)",none,,GAP?,
WizardBuilder,BtRemoveMany,?,"""<< Remove""",,,CType(((System.Windows.Forms.AnchorStyles.Top Or System.Windows.Forms.AnchorStyles.Left) _,none,,GAP?,
WizardBuilder,LpMoveOne,?,,,System.Windows.Forms.DockStyle.Fill,,none,,GAP?,
WizardBuilder,BtAddOne,?,"""Add >>""",,,"CType((System.Windows.Forms.AnchorStyles.Left Or System.Windows.Forms.AnchorStyles.Right), System.Windows.Forms.AnchorStyles)",none,,GAP?,
WizardBuilder,BtAddAllOne,?,"""Add All >>""",,,"CType((System.Windows.Forms.AnchorStyles.Left Or System.Windows.Forms.AnchorStyles.Right), System.Windows.Forms.AnchorStyles)",none,,GAP?,
WizardBuilder,BtRemoveOne,?,"""<< Remove""",,,CType(((System.Windows.Forms.AnchorStyles.Top Or System.Windows.Forms.AnchorStyles.Left) _,none,,GAP?,
WizardBuilder,LbButtons,?,,,System.Windows.Forms.DockStyle.Fill,,none,,GAP?,
WizardBuilder,SplitterLine1,?,,,,,none,,GAP?,
WizardBuilder,SplitterLine2,?,,,,,none,,GAP?,
WizardBuilder,SplitterLine3,?,,,System.Windows.Forms.DockStyle.Top,,none,,GAP?,
WizardBuilder,SplitterLine4,?,,,System.Windows.Forms.DockStyle.Top,,none,,GAP?,
WizardBuilder,LpActionButtons,?,,,System.Windows.Forms.DockStyle.Fill,,none,,GAP?,
WizardBuilder,BtCancel,?,"""Cancel""",,,,none,,GAP?,
WizardBuilder,MlStatus,?,"""Status Text""",,,"CType((System.Windows.Forms.AnchorStyles.Left Or System.Windows.Forms.AnchorStyles.Right), System.Windows.Forms.AnchorStyles)",none,,GAP?,
WizardBuilder,BtSave,?,"""Save""",,,,strong,vaultkeeper/ui/dialogs/wizard_builder.py,AUTO-PORTED,
WizardBuilder,BtDelete,?,"""Delete""",,,,none,,GAP?,
WizardBuilder,LbDisplayName,?,"""Display Name:""",,,System.Windows.Forms.AnchorStyles.Right,none,,GAP?,
WizardBuilder,TxDisplayName,?,,,,System.Windows.Forms.AnchorStyles.Left,none,,GAP?,
WorkshopNameEditor,LpMain,?,,,System.Windows.Forms.DockStyle.Fill,,none,,GAP?,
WorkshopNameEditor,LpActions,?,,,System.Windows.Forms.DockStyle.Fill,,none,,GAP?,
WorkshopNameEditor,BtApply,?,"""Apply""",,,,comment,vaultkeeper/ui/dialogs/character_filter.py,AUTO-PORTED,matched in comment/docstring
WorkshopNameEditor,BtDefault,?,"""Default""",,,,none,,GAP?,
WorkshopNameEditor,MlStatus,?,,,,"CType((System.Windows.Forms.AnchorStyles.Left Or System.Windows.Forms.AnchorStyles.Right), System.Windows.Forms.AnchorStyles)",none,,GAP?,
WorkshopNameEditor,LbInstructions,?,"resources.GetString(""LbInstructions.Text"")",,System.Windows.Forms.DockStyle.Fill,,strong,vaultkeeper/ui/dialogs/create_missing_installers.py,AUTO-PORTED,
WorkshopNameEditor,SplitterLine1,?,,,System.Windows.Forms.DockStyle.Top,,none,,GAP?,
WorkshopNameEditor,LpIdAndName,?,,,System.Windows.Forms.DockStyle.Fill,,none,,GAP?,
WorkshopNameEditor,LbIdHeading,?,"""Workshop Identifier:""",,,System.Windows.Forms.AnchorStyles.Right,none,,GAP?,
WorkshopNameEditor,LbModName,?,"""Mod Name:""",,,System.Windows.Forms.AnchorStyles.Right,none,,GAP?,
WorkshopNameEditor,LbIdentifier,?,"""1312882397""",,,System.Windows.Forms.AnchorStyles.Left,none,,GAP?,
WorkshopNameEditor,TxModName,?,"""Mod 1312882397""",,,"CType((System.Windows.Forms.AnchorStyles.Left Or System.Windows.Forms.AnchorStyles.Right), System.Windows.Forms.AnchorStyles)",none,,GAP?,
WorkshopNameEditor,SplitterLine2,?,,,System.Windows.Forms.DockStyle.Top,,none,,GAP?,
WorkshopNameEditor,SplitterLine3,?,,,System.Windows.Forms.DockStyle.Top,,none,,GAP?,
WorkshopNameEditor,FvWorkshop,?,,,System.Windows.Forms.DockStyle.Fill,,none,,GAP?,
WorkshopNameEditor,Identifier,?,"""Workshop Identifier Folder Contents""",,,,strong,vaultkeeper/core/constants.py | vaultkeeper/core/mapper.py | vaultkeeper/core/mod_data.py,AUTO-PORTED,
WorkshopViewer,LpMain,?,,,System.Windows.Forms.DockStyle.Fill,,none,,GAP?,
WorkshopViewer,LpActionButtons,?,,,System.Windows.Forms.DockStyle.Fill,,none,,GAP?,
WorkshopViewer,BtClose,?,"""Close""",,,,none,,GAP?,
WorkshopViewer,MlStatus,?,"""Status Text""",,,"CType((System.Windows.Forms.AnchorStyles.Left Or System.Windows.Forms.AnchorStyles.Right), System.Windows.Forms.AnchorStyles)",none,,GAP?,
WorkshopViewer,BtRefresh,?,"""Refresh""",,,,strong,vaultkeeper/ui/dialogs/workshop_viewer.py,AUTO-PORTED,
WorkshopViewer,LpWorkshopHdg,?,,,System.Windows.Forms.DockStyle.Fill,,none,,GAP?,
WorkshopViewer,PicWorkshop,?,,,System.Windows.Forms.DockStyle.Fill,,none,,GAP?,
WorkshopViewer,LbWorkshop,?,"""View information about your Steam Workshop Subscriptions"" & Global.Microsoft.VisualBasic.ChrW(13) & Global.Microsoft.VisualBasic.ChrW(10)",,,"CType((System.Windows.Forms.AnchorStyles.Left Or System.Windows.Forms.AnchorStyles.Right), System.Windows.Forms.AnchorStyles)",none,,GAP?,
WorkshopViewer,BhWorkshop,?,"""ButtonLabel1""",,,System.Windows.Forms.AnchorStyles.Left,strong,vaultkeeper/ui/dialogs/workshop_viewer.py,AUTO-PORTED,
WorkshopViewer,SplitterLine1,?,,,System.Windows.Forms.DockStyle.Top,,none,,GAP?,
WorkshopViewer,SplitterLine2,?,,,System.Windows.Forms.DockStyle.Top,,none,,GAP?,
WorkshopViewer,LpLists,?,,,System.Windows.Forms.DockStyle.Fill,,none,,GAP?,
WorkshopViewer,LvWorkshop,?,,,System.Windows.Forms.DockStyle.Fill,,strong,vaultkeeper/game/workshop.py,AUTO-PORTED,
WorkshopViewer,ColumnHeaderPlus1,?,"""Workshop Id""",,,,none,,GAP?,
WorkshopViewer,ColumnHeaderPlus2,?,"""Managed""",,,,none,,GAP?,
WorkshopViewer,ColumnHeaderPlus3,?,"""Mod Name""",,,,none,,GAP?,
WorkshopViewer,CmCopyMapIdRule,?,"""Copy MapId Rule to Clipboard""",,,,none,,GAP?,
WorkshopViewer,FvContents,?,,,System.Windows.Forms.DockStyle.Fill,,strong,vaultkeeper/ui/controller.py | vaultkeeper/ui/file_view.py,AUTO-PORTED,
WorkshopViewer,ColumnHeaderPlus4,?,"""Subscription Contents""",,,,none,,GAP?,
WorkshopViewer,SplitterLine3,?,,,,,none,,GAP?,
WorkshopViewer,CmMenu,ContextMenuStrip,,,,,none,,GAP?,
