file,type,member,kind,handles,vb_ref,match,port_hint,status,notes
AliasSectionEditor.vb,AliasSectionEditor,AliasSectionEditor_Load,Sub,MyBase.Load,AliasSectionEditor.vb:61,none,,Ported,"Alias section editor ported (bounded): game/nwn_folders.read_alias_section/write_alias_section (targeted [Alias] writer + nwn.ini.bak backup) + controller.alias_locations_report/save_alias_locations + ui/dialogs/alias_section_editor.py (view/edit + config-isolation confirm), wired MsAliasSection; re-opens the profile on change (VB Restart)."
AliasSectionEditor.vb,AliasSectionEditor,AliasSectionEditor_Shown,Sub,Me.Shown,AliasSectionEditor.vb:148,none,,Divergence,AliasSectionEditor WinForms lifecycle / virtual-list / context-menu plumbing (no port equivalent).
AliasSectionEditor.vb,AliasSectionEditor,BhAliasEditor_Click,Sub,BhAliasEditor.Click,AliasSectionEditor.vb:159,none,,Ported,"Alias section editor ported (bounded): game/nwn_folders.read_alias_section/write_alias_section (targeted [Alias] writer + nwn.ini.bak backup) + controller.alias_locations_report/save_alias_locations + ui/dialogs/alias_section_editor.py (view/edit + config-isolation confirm), wired MsAliasSection; re-opens the profile on change (VB Restart)."
AliasSectionEditor.vb,AliasSectionEditor,BtDelete_Click,Sub,BtDelete.Click,AliasSectionEditor.vb:168,none,,Partial,"WizardBuilder transfer/display + GameManager archive/restore/activate/deactivate/delete actions (core ported, VB wiring divergent)."
AliasSectionEditor.vb,AliasSectionEditor,BtSave_Click,Sub,BtSave.Click,AliasSectionEditor.vb:235,strong,vaultkeeper/ui/controller.py,Ported,DocOrganiser/ModPlayViewer/WizardBuilder core report/view/save logic (subagent+orchestrator).
AliasSectionEditor.vb,AliasSectionEditor,BtCancel_Click,Sub,BtCancel.Click,AliasSectionEditor.vb:287,none,,Divergence,WinForms event/progress/UI plumbing refactored into controller/vault + bounded viewer (search/copy-paste/nav). Owner-confirm candidates: StartScreen export/copy-paste/search.
AliasSectionEditor.vb,AliasSectionEditor,LvFolders_ItemClicked,Sub,LvFolders.ItemClicked,AliasSectionEditor.vb:298,none,,Divergence,AliasSectionEditor WinForms lifecycle / virtual-list / context-menu plumbing (no port equivalent).
AliasSectionEditor.vb,AliasSectionEditor,LvFolders_SelectedIndexChanged,Sub,LvFolders.SelectedIndexChanged,AliasSectionEditor.vb:326,none,,Ported,install engine + rename + analyser browser report (subagent-swept).
AliasSectionEditor.vb,AliasSectionEditor,CmMenuItem_Click,Sub,"CmEdit.Click, CmUndo.Click",AliasSectionEditor.vb:341,none,,Divergence,AliasSectionEditor WinForms lifecycle / virtual-list / context-menu plumbing (no port equivalent).
ApplicationEvents.vb,MyApplication,MyApplication_Startup,Sub,Me.Startup,ApplicationEvents.vb:28,none,,Divergence,WinForms app-lifecycle/exception + dialog events + ListView map/web editors + bg-worker + colour constants + Windows taskbar.
ApplicationEvents.vb,MyApplication,MyApplication_UnhandledException,Sub,Me.UnhandledException,ApplicationEvents.vb:65,none,,Divergence,WinForms app-lifecycle/exception + dialog events + ListView map/web editors + bg-worker + colour constants + Windows taskbar.
ApplicationEvents.vb,MyApplication,MyApplication_StartupNextInstance,Sub,Me.StartupNextInstance,ApplicationEvents.vb:196,none,,Divergence,WinForms app-lifecycle/exception + dialog events + ListView map/web editors + bg-worker + colour constants + Windows taskbar.
ApplicationEvents.vb,MyApplication,MyApplication_Shutdown,Sub,Me.Shutdown,ApplicationEvents.vb:219,none,,Divergence,WinForms app-lifecycle/exception + dialog events + ListView map/web editors + bg-worker + colour constants + Windows taskbar.
BackupManager.vb,BackupManager,BackupManager_Load,Sub,MyBase.Load,BackupManager.vb:214,none,,Deferred,BackupManager + NetworkManager shared-store/sync + SlideShow + find-rename + original-restorers + prefix editor + legacy migrate.
BackupManager.vb,BackupManager,BackupManager_Shown,Sub,Me.Shown,BackupManager.vb:317,none,,Deferred,BackupManager + NetworkManager shared-store/sync + SlideShow + find-rename + original-restorers + prefix editor + legacy migrate.
BackupManager.vb,BackupManager,BhBackupManager_Click,Sub,BhBackupManager.Click,BackupManager.vb:342,none,,Deferred,BackupManager + NetworkManager shared-store/sync + SlideShow + find-rename + original-restorers + prefix editor + legacy migrate.
BackupManager.vb,BackupManager,BtAction_SizeChanged,Sub,BtAction.SizeChanged,BackupManager.vb:360,none,,Deferred,BackupManager + NetworkManager shared-store/sync + SlideShow + find-rename + original-restorers + prefix editor + legacy migrate.
BackupManager.vb,BackupManager,BtAction_Click,Sub,BtAction.Click,BackupManager.vb:368,none,,Deferred,BackupManager + NetworkManager shared-store/sync + SlideShow + find-rename + original-restorers + prefix editor + legacy migrate.
BackupManager.vb,BackupManager,BackupManager_KeyUp,Sub,Me.KeyUp,BackupManager.vb:385,none,,Deferred,BackupManager + NetworkManager shared-store/sync + SlideShow + find-rename + original-restorers + prefix editor + legacy migrate.
BackupManager.vb,BackupManager,BtDelete_Click,Sub,BtDelete.Click,BackupManager.vb:395,none,,Partial,"WizardBuilder transfer/display + GameManager archive/restore/activate/deactivate/delete actions (core ported, VB wiring divergent)."
BackupManager.vb,BackupManager,BtCancel_Click,Sub,BtCancel.Click,BackupManager.vb:433,none,,Divergence,WinForms event/progress/UI plumbing refactored into controller/vault + bounded viewer (search/copy-paste/nav). Owner-confirm candidates: StartScreen export/copy-paste/search.
BackupManager.vb,BackupManager,TbBackupManager_SelectedIndexChanged,Sub,TbBackupManager.SelectedIndexChanged,BackupManager.vb:448,none,,Deferred,BackupManager + NetworkManager shared-store/sync + SlideShow + find-rename + original-restorers + prefix editor + legacy migrate.
BackupManager.vb,BackupManager,Lv_SelectedIndexChanged,Sub,"LvBackups.SelectedIndexChanged, LvSettings.SelectedIndexChanged",BackupManager.vb:461,none,,Divergence,"WinForms lifecycle/event/virtual-list/bg-worker + bounded-viewer extras (owner-confirm: ModPlayViewer end-level filter/recent, DocOrganiser rtf/properties)."
BackupManager.vb,BackupManager,LvMods_SelectedIndexChanged,Sub,LvMods.SelectedIndexChanged,BackupManager.vb:478,none,,Deferred,ModFindAndRename (dead MsFindAndRename) + DocOrganiser Properties/Reset + wizard file-threshold.
BackupManager.vb,BackupManager,Lv_ItemClicked,Sub,"LvBackups.ItemClicked, LvSettings.ItemClicked, LvMods.ItemClicked",BackupManager.vb:502,none,,Divergence,WinForms event/progress/UI plumbing refactored into controller/vault + bounded viewer (search/copy-paste/nav). Owner-confirm candidates: StartScreen export/copy-paste/search.
BackupManager.vb,BackupManager,BgBackups_DoWork,Sub,BgBackups.DoWork,BackupManager.vb:558,none,,Deferred,BackupManager + NetworkManager shared-store/sync + SlideShow + find-rename + original-restorers + prefix editor + legacy migrate.
BackupManager.vb,BackupManager,BgSettings_DoWork,Sub,BgSettings.DoWork,BackupManager.vb:568,none,,Deferred,BackupManager + NetworkManager shared-store/sync + SlideShow + find-rename + original-restorers + prefix editor + legacy migrate.
BackupManager.vb,BackupManager,BgStandard_ProgressChanged,Sub,"BgBackups.ProgressChanged, BgSettings.ProgressChanged",BackupManager.vb:580,none,,Deferred,BackupManager + NetworkManager shared-store/sync + SlideShow + find-rename + original-restorers + prefix editor + legacy migrate.
BackupManager.vb,BackupManager,BgMods_DoWork,Sub,BgMods.DoWork,BackupManager.vb:590,none,,Deferred,BackupManager + NetworkManager shared-store/sync + SlideShow + find-rename + original-restorers + prefix editor + legacy migrate.
BackupManager.vb,BackupManager,BgMods_ProgressChanged,Sub,BgMods.ProgressChanged,BackupManager.vb:622,none,,Deferred,BackupManager + NetworkManager shared-store/sync + SlideShow + find-rename + original-restorers + prefix editor + legacy migrate.
BasicSettings.vb,BasicSettings,BasicSettings_Load,Sub,MyBase.Load,BasicSettings.vb:29,none,,Divergence,Classes/Skills/Feats + Dependency editor + Basic Settings are ported in dedicated modules; these VB dialog methods are WinForms/virtual-list plumbing.
BasicSettings.vb,BasicSettings,CbCommon_CheckedChanged,Sub,"CbInstallAuto.CheckedChanged, CbBehaviourSelectGameMod.CheckedChanged, CbConfigCopyOnPlay.CheckedChanged",BasicSettings.vb:90,none,,Divergence,Classes/Skills/Feats + Dependency editor + Basic Settings are ported in dedicated modules; these VB dialog methods are WinForms/virtual-list plumbing.
BasicSettings.vb,BasicSettings,CbInstallRestore_CheckedChanged,Sub,CbInstallRestore.CheckedChanged,BasicSettings.vb:129,none,,Divergence,Classes/Skills/Feats + Dependency editor + Basic Settings are ported in dedicated modules; these VB dialog methods are WinForms/virtual-list plumbing.
BasicSettings.vb,BasicSettings,BhBasicSettings_Click,Sub,BhBasicSettings.Click,BasicSettings.vb:166,none,,Divergence,Classes/Skills/Feats + Dependency editor + Basic Settings are ported in dedicated modules; these VB dialog methods are WinForms/virtual-list plumbing.
BasicSettings.vb,BasicSettings,BtSelection_Click,Sub,BtSelection.Click,BasicSettings.vb:176,none,,Divergence,Classes/Skills/Feats + Dependency editor + Basic Settings are ported in dedicated modules; these VB dialog methods are WinForms/virtual-list plumbing.
BasicSettings.vb,BasicSettings,BtAdvanced_Click,Sub,BtAdvanced.Click,BasicSettings.vb:184,none,,Divergence,Classes/Skills/Feats + Dependency editor + Basic Settings are ported in dedicated modules; these VB dialog methods are WinForms/virtual-list plumbing.
BasicSettings.vb,BasicSettings,BtApply_Click,Sub,BtApply.Click,BasicSettings.vb:195,strong,vaultkeeper/ui/dialogs/character_filter.py,Deferred,ModFindAndRename (dead MsFindAndRename) + DocOrganiser Properties/Reset + wizard file-threshold.
BasicSettings.vb,BasicSettings,BtCancel_Click,Sub,BtCancel.Click,BasicSettings.vb:245,none,,Divergence,WinForms event/progress/UI plumbing refactored into controller/vault + bounded viewer (search/copy-paste/nav). Owner-confirm candidates: StartScreen export/copy-paste/search.
BikToWbmDialogue.vb,BikToWbmDialogue,BikToWbmDialogue_Load,Sub,MyBase.Load,BikToWbmDialogue.vb:81,none,,Divergence,WinForms app-lifecycle/exception + dialog events + ListView map/web editors + bg-worker + colour constants + Windows taskbar.
BikToWbmDialogue.vb,BikToWbmDialogue,BikToWbmDialogue_Shown,Sub,Me.Shown,BikToWbmDialogue.vb:99,none,,Divergence,WinForms app-lifecycle/exception + dialog events + ListView map/web editors + bg-worker + colour constants + Windows taskbar.
BikToWbmDialogue.vb,BikToWbmDialogue,BikToWbmDialogue_FormClosing,Sub,Me.FormClosing,BikToWbmDialogue.vb:110,none,,Divergence,WinForms app-lifecycle/exception + dialog events + ListView map/web editors + bg-worker + colour constants + Windows taskbar.
BikToWbmDialogue.vb,BikToWbmDialogue,BtCancel_Click,Sub,BtCancel.Click,BikToWbmDialogue.vb:120,none,,Divergence,WinForms event/progress/UI plumbing refactored into controller/vault + bounded viewer (search/copy-paste/nav). Owner-confirm candidates: StartScreen export/copy-paste/search.
BikToWbmDialogue.vb,BikToWbmDialogue,BgConverter_DoWork,Sub,BgConverter.DoWork,BikToWbmDialogue.vb:173,none,,Divergence,WinForms lifecycle/event/virtual-list/background-worker plumbing; N/A in Qt.
BikToWbmDialogue.vb,BikToWbmDialogue,BgConverter_ProgressChanged,Sub,BgConverter.ProgressChanged,BikToWbmDialogue.vb:203,none,,Divergence,WinForms lifecycle/event/virtual-list/background-worker plumbing; N/A in Qt.
BikToWbmDialogue.vb,BikToWbmDialogue,BgConverter_RunWorkerCompleted,Sub,BgConverter.RunWorkerCompleted,BikToWbmDialogue.vb:226,none,,Divergence,WinForms lifecycle/event/virtual-list/background-worker plumbing; N/A in Qt.
CalculateCRCs.vb,CalculateCRCs,CalculateCRCs_Load,Sub,Me.Load,CalculateCRCs.vb:333,none,,Divergence,UI status/progress + WinForms background-worker plumbing (CRC compute engine itself is ported in core).
CalculateCRCs.vb,CalculateCRCs,CalculateCRCs_Shown,Sub,Me.Shown,CalculateCRCs.vb:415,none,,Divergence,UI status/progress + WinForms background-worker plumbing (CRC compute engine itself is ported in core).
CalculateCRCs.vb,CalculateCRCs,BtCancel_Click,Sub,btCancel.Click,CalculateCRCs.vb:439,none,,Divergence,WinForms event/progress/UI plumbing refactored into controller/vault + bounded viewer (search/copy-paste/nav). Owner-confirm candidates: StartScreen export/copy-paste/search.
CalculateCRCs.vb,CalculateCRCs,CalculateCRCs_FormClosing,Sub,Me.FormClosing,CalculateCRCs.vb:511,none,,Divergence,UI status/progress + WinForms background-worker plumbing (CRC compute engine itself is ported in core).
CalculateCRCs.vb,CalculateCRCs,BgCalculateCRC_DoWork,Sub,"bgCalculateCRC.DoWork, bgCalculateCRC1.DoWork, bgCalculateCRC2.DoWork, bgCalculateCRC3.DoWork",CalculateCRCs.vb:587,none,,Divergence,UI status/progress + WinForms background-worker plumbing (CRC compute engine itself is ported in core).
CalculateCRCs.vb,CalculateCRCs,BgCalculateCRC_ProgressChanged,Sub,"bgCalculateCRC.ProgressChanged, bgCalculateCRC1.ProgressChanged, bgCalculateCRC2.ProgressChanged, bgCalculateCRC3.ProgressChanged",CalculateCRCs.vb:630,none,,Divergence,UI status/progress + WinForms background-worker plumbing (CRC compute engine itself is ported in core).
CalculateCRCs.vb,CalculateCRCs,BgCalculateCRC_RunWorkerCompleted,Sub,"bgCalculateCRC.RunWorkerCompleted, bgCalculateCRC1.RunWorkerCompleted, bgCalculateCRC2.RunWorkerCompleted, bgCalculateCRC3.RunWorkerCompleted",CalculateCRCs.vb:707,none,,Divergence,UI status/progress + WinForms background-worker plumbing (CRC compute engine itself is ported in core).
CalculateCRCs.vb,CalculateCRCs,BgSecondCounterr_DoWork,Sub,bgSecondCounter.DoWork,CalculateCRCs.vb:730,none,,Divergence,UI status/progress + WinForms background-worker plumbing (CRC compute engine itself is ported in core).
CalculateCRCs.vb,CalculateCRCs,BgSecondCounter_ProgressChanged,Sub,bgSecondCounter.ProgressChanged,CalculateCRCs.vb:746,none,,Divergence,UI status/progress + WinForms background-worker plumbing (CRC compute engine itself is ported in core).
CharacterFilter.vb,CharacterFilter,CharacterFilter_Load,Sub,MyBase.Load,CharacterFilter.vb:59,none,,Divergence,WinForms app-lifecycle/exception + dialog events + ListView map/web editors + bg-worker + colour constants + Windows taskbar.
CharacterFilter.vb,CharacterFilter,CharacterFilter_Shown,Sub,Me.Shown,CharacterFilter.vb:101,none,,Divergence,WinForms app-lifecycle/exception + dialog events + ListView map/web editors + bg-worker + colour constants + Windows taskbar.
CharacterFilter.vb,CharacterFilter,BtReset_Click,Sub,BtReset.Click,CharacterFilter.vb:110,none,,Divergence,"VB per-preference ListView-editor framework (Preferences/Config/Profiles/Locations pages, Import/Export/Reset/Undo). Bounded port = tabbed dialog + FolderMapping + status-bar profile menu. Subagent verdict: 0 MISSING user prefs (see FINDING_3_SETTINGS.md for the pref-level gap = 10 add-a-setting items)."
CharacterFilter.vb,CharacterFilter,BtApply_Click,Sub,BtApply.Click,CharacterFilter.vb:123,strong,vaultkeeper/ui/dialogs/character_filter.py,Deferred,ModFindAndRename (dead MsFindAndRename) + DocOrganiser Properties/Reset + wizard file-threshold.
CharacterFilter.vb,CharacterFilter,BtCancel_Click,Sub,BtCancel.Click,CharacterFilter.vb:138,none,,Divergence,WinForms event/progress/UI plumbing refactored into controller/vault + bounded viewer (search/copy-paste/nav). Owner-confirm candidates: StartScreen export/copy-paste/search.
CharacterFilter.vb,CharacterFilter,LvClassNames_ItemClicked,Sub,LvClassNames.ItemClicked,CharacterFilter.vb:149,none,,Divergence,WinForms app-lifecycle/exception + dialog events + ListView map/web editors + bg-worker + colour constants + Windows taskbar.
CharacterFilter.vb,CharacterFilter,CmClear_Click,Sub,CmClear.Click,CharacterFilter.vb:184,none,,Divergence,"bounded read-only viewer port: VB filters/navigation/editors/bg-workers/Windows-shell handlers intentionally not ported (PARITY.md recurring pattern). SOME are owner-confirm candidates: ModExplorer filter subsystem, PortraitManager prev/next navigation."
CharacterViewer.vb,CharacterViewer,CharacterViewer_Load,Sub,Me.Load,CharacterViewer.vb:364,none,,Divergence,WinForms lifecycle/event/virtual-list/background-worker plumbing; N/A in Qt.
CharacterViewer.vb,CharacterViewer,CharacterViewer_Shown,Sub,Me.Shown,CharacterViewer.vb:570,none,,Divergence,WinForms lifecycle/event/virtual-list/background-worker plumbing; N/A in Qt.
CharacterViewer.vb,CharacterViewer,CharacterViewer_FormClosing,Sub,Me.FormClosing,CharacterViewer.vb:589,none,,Divergence,WinForms lifecycle/event/virtual-list/background-worker plumbing; N/A in Qt.
CharacterViewer.vb,CharacterViewer,CharacterViewer_FormClosed,Sub,Me.FormClosed,CharacterViewer.vb:619,none,,Divergence,WinForms lifecycle/event/virtual-list/background-worker plumbing; N/A in Qt.
CharacterViewer.vb,CharacterViewer,PicPortrait_Click,Sub,"PicPortrait.Click, CmOpenPortraitManager.Click",CharacterViewer.vb:640,none,,Deferred,unported subsystem (restorer/update/crypt/shared-store/portrait-mgr integration).
CharacterViewer.vb,CharacterViewer,LbcFilter_Click,Sub,LcbFilter.Click,CharacterViewer.vb:655,strong,vaultkeeper/game/character_filter.py | vaultkeeper/ui/dialogs/character_viewer.py,Ported,verified present in port (subagent/orchestrator swept 2026-07-15).
CharacterViewer.vb,CharacterViewer,TsCopyDetails_Click,Sub,TsCopyDetails.Click,CharacterViewer.vb:819,none,,Ported,WAS MISSING; FIXED 2026-07-15 (empty-group render + Copy Details/Level clipboard buttons). See DASHBOARD.md Findings.
CharacterViewer.vb,CharacterViewer,TsCopyLevel_Click,Sub,TsCopyLevel.Click,CharacterViewer.vb:831,none,,Ported,WAS MISSING; FIXED 2026-07-15 (empty-group render + Copy Details/Level clipboard buttons). See DASHBOARD.md Findings.
CharacterViewer.vb,CharacterViewer,BtDescription_Click,Sub,"BtDescription.Click, CmDescription.Click",CharacterViewer.vb:851,none,,Divergence,WinForms lifecycle/event/virtual-list/background-worker plumbing; N/A in Qt.
CharacterViewer.vb,CharacterViewer,BtSelect_Click,Sub,BtSelect.Click,CharacterViewer.vb:867,none,,Divergence,"bounded read-only viewer port: VB filters/navigation/editors/bg-workers/Windows-shell handlers intentionally not ported (PARITY.md recurring pattern). SOME are owner-confirm candidates: ModExplorer filter subsystem, PortraitManager prev/next navigation."
CharacterViewer.vb,CharacterViewer,BtClose_Click,Sub,BtClose.Click,CharacterViewer.vb:878,none,,Divergence,"bounded read-only viewer port: VB filters/navigation/editors/bg-workers/Windows-shell handlers intentionally not ported (PARITY.md recurring pattern). SOME are owner-confirm candidates: ModExplorer filter subsystem, PortraitManager prev/next navigation."
CharacterViewer.vb,CharacterViewer,LvCharacters_GotFocus,Sub,LvCharacters.GotFocus,CharacterViewer.vb:889,none,,Divergence,WinForms lifecycle/event/virtual-list/background-worker plumbing; N/A in Qt.
CharacterViewer.vb,CharacterViewer,LvCharacters_RetrieveVirtualItem,Sub,LvCharacters.RetrieveVirtualItem,CharacterViewer.vb:900,none,,Divergence,WinForms lifecycle/event/virtual-list/background-worker plumbing; N/A in Qt.
CharacterViewer.vb,CharacterViewer,LvCharacters_SelectedIndexChanged,Sub,LvCharacters.SelectedIndexChanged,CharacterViewer.vb:913,none,,Ported,verified present in port (subagent/orchestrator swept 2026-07-15).
CharacterViewer.vb,CharacterViewer,LvCharacters_ItemClicked,Sub,LvCharacters.ItemClicked,CharacterViewer.vb:1002,none,,Divergence,WinForms lifecycle/event/virtual-list/background-worker plumbing; N/A in Qt.
CharacterViewer.vb,CharacterViewer,LvSkills_RetrieveVirtualItem,Sub,LvSkills.RetrieveVirtualItem,CharacterViewer.vb:1038,none,,Divergence,WinForms lifecycle/event/virtual-list/background-worker plumbing; N/A in Qt.
CharacterViewer.vb,CharacterViewer,LvFeats_RetrieveVirtualItem,Sub,LvFeats.RetrieveVirtualItem,CharacterViewer.vb:1050,none,,Divergence,WinForms lifecycle/event/virtual-list/background-worker plumbing; N/A in Qt.
CharacterViewer.vb,CharacterViewer,Lv_SelectedIndexChanged,Sub,"LvSkills.SelectedIndexChanged, LvFeats.SelectedIndexChanged",CharacterViewer.vb:1062,none,,Divergence,"WinForms lifecycle/event/virtual-list/bg-worker + bounded-viewer extras (owner-confirm: ModPlayViewer end-level filter/recent, DocOrganiser rtf/properties)."
CharacterViewer.vb,CharacterViewer,Lv_MouseDoubleClick,Sub,"LvSkills.MouseDoubleClick, LvFeats.MouseDoubleClick",CharacterViewer.vb:1070,none,,Divergence,WinForms lifecycle/event/virtual-list/background-worker plumbing; N/A in Qt.
CharacterViewer.vb,CharacterViewer,TabCharacter_SelectedIndexChanged,Sub,TabCharacter.SelectedIndexChanged,CharacterViewer.vb:1084,none,,Divergence,WinForms lifecycle/event/virtual-list/background-worker plumbing; N/A in Qt.
ClassesSkillsAndFeats.vb,ClassesSkillsAndFeats,SkillsAndFeats_Load,Sub,MyBase.Load,ClassesSkillsAndFeats.vb:46,strong,vaultkeeper/game/character_reference.py,Ported,verified: classes_skills_feats dialog + character_reference
ClassesSkillsAndFeats.vb,ClassesSkillsAndFeats,SkillsAndFeats_Shown,Sub,Me.Shown,ClassesSkillsAndFeats.vb:159,none,,Divergence,Classes/Skills/Feats + Dependency editor + Basic Settings are ported in dedicated modules; these VB dialog methods are WinForms/virtual-list plumbing.
ClassesSkillsAndFeats.vb,ClassesSkillsAndFeats,TabMain_SelectedIndexChanged,Sub,TabMain.SelectedIndexChanged,ClassesSkillsAndFeats.vb:177,none,,Divergence,Classes/Skills/Feats + Dependency editor + Basic Settings are ported in dedicated modules; these VB dialog methods are WinForms/virtual-list plumbing.
ClassesSkillsAndFeats.vb,ClassesSkillsAndFeats,LvClasses_RetrieveVirtualItem,Sub,LvClasses.RetrieveVirtualItem,ClassesSkillsAndFeats.vb:197,none,,Divergence,Classes/Skills/Feats + Dependency editor + Basic Settings are ported in dedicated modules; these VB dialog methods are WinForms/virtual-list plumbing.
ClassesSkillsAndFeats.vb,ClassesSkillsAndFeats,LvClasses_SelectedIndexChanged,Sub,LvClasses.SelectedIndexChanged,ClassesSkillsAndFeats.vb:208,none,,Divergence,Classes/Skills/Feats + Dependency editor + Basic Settings are ported in dedicated modules; these VB dialog methods are WinForms/virtual-list plumbing.
ClassesSkillsAndFeats.vb,ClassesSkillsAndFeats,LvSkills_RetrieveVirtualItem,Sub,LvSkills.RetrieveVirtualItem,ClassesSkillsAndFeats.vb:225,none,,Divergence,WinForms lifecycle/event/virtual-list/background-worker plumbing; N/A in Qt.
ClassesSkillsAndFeats.vb,ClassesSkillsAndFeats,LvSkills_SelectedIndexChanged,Sub,LvSkills.SelectedIndexChanged,ClassesSkillsAndFeats.vb:237,none,,Divergence,Classes/Skills/Feats + Dependency editor + Basic Settings are ported in dedicated modules; these VB dialog methods are WinForms/virtual-list plumbing.
ClassesSkillsAndFeats.vb,ClassesSkillsAndFeats,LvFeats_RetrieveVirtualItem,Sub,LvFeats.RetrieveVirtualItem,ClassesSkillsAndFeats.vb:251,none,,Divergence,WinForms lifecycle/event/virtual-list/background-worker plumbing; N/A in Qt.
ClassesSkillsAndFeats.vb,ClassesSkillsAndFeats,LvFeats_SelectedIndexChanged,Sub,LvFeats.SelectedIndexChanged,ClassesSkillsAndFeats.vb:263,none,,Divergence,Classes/Skills/Feats + Dependency editor + Basic Settings are ported in dedicated modules; these VB dialog methods are WinForms/virtual-list plumbing.
ClassesSkillsAndFeats.vb,ClassesSkillsAndFeats,BtClose_Click,Sub,BtClose.Click,ClassesSkillsAndFeats.vb:278,none,,Divergence,"bounded read-only viewer port: VB filters/navigation/editors/bg-workers/Windows-shell handlers intentionally not ported (PARITY.md recurring pattern). SOME are owner-confirm candidates: ModExplorer filter subsystem, PortraitManager prev/next navigation."
CommonFiltersDialogue.vb,CommonFiltersDialogue,Filters_Load,Sub,MyBase.Load,CommonFiltersDialogue.vb:62,none,,Divergence,WinForms app-lifecycle/exception + dialog events + ListView map/web editors + bg-worker + colour constants + Windows taskbar.
CommonFiltersDialogue.vb,CommonFiltersDialogue,BtApply_Click,Sub,BtApply.Click,CommonFiltersDialogue.vb:114,strong,vaultkeeper/ui/dialogs/character_filter.py,Deferred,ModFindAndRename (dead MsFindAndRename) + DocOrganiser Properties/Reset + wizard file-threshold.
CommonFiltersDialogue.vb,CommonFiltersDialogue,BtCancel_Click,Sub,BtCancel.Click,CommonFiltersDialogue.vb:133,none,,Divergence,WinForms event/progress/UI plumbing refactored into controller/vault + bounded viewer (search/copy-paste/nav). Owner-confirm candidates: StartScreen export/copy-paste/search.
CommonFiltersDialogue.vb,CommonFiltersDialogue,ModPlayViewer_LocationChanged,Sub,Me.LocationChanged,CommonFiltersDialogue.vb:144,none,,Divergence,"WinForms lifecycle/event/virtual-list/bg-worker + bounded-viewer extras (owner-confirm: ModPlayViewer end-level filter/recent, DocOrganiser rtf/properties)."
CommonFiltersDialogue.vb,CommonFiltersDialogue,LvFilters_ItemChecked,Sub,"LvGroupFilters.ItemChecked, LvRatingFilters.ItemChecked",CommonFiltersDialogue.vb:157,none,,Divergence,"bounded read-only viewer port: VB filters/navigation/editors/bg-workers/Windows-shell handlers intentionally not ported (PARITY.md recurring pattern). SOME are owner-confirm candidates: ModExplorer filter subsystem, PortraitManager prev/next navigation."
CrashDumpManager.vb,CrashDumpManager,CrashDumpManager_Load,Sub,MyBase.Load,CrashDumpManager.vb:143,none,,Deferred,CrashDumpManager (Windows crash dumps); ExtendedEditionDialogue (EE user-folder prompt; editions detection ported in editions.py/locations.py); AliasSectionEditor BOUNDED tail (reset-to-standard + game-saves shared/per-profile toggle) — the view/edit/save core is Ported (see alias_editor_ported).
CrashDumpManager.vb,CrashDumpManager,CrashDumpManager_FormClosing,Sub,Me.FormClosing,CrashDumpManager.vb:203,none,,Deferred,CrashDumpManager (Windows crash dumps); ExtendedEditionDialogue (EE user-folder prompt; editions detection ported in editions.py/locations.py); AliasSectionEditor BOUNDED tail (reset-to-standard + game-saves shared/per-profile toggle) — the view/edit/save core is Ported (see alias_editor_ported).
CrashDumpManager.vb,CrashDumpManager,BtSubmit_Click,Sub,BtSubmit.Click,CrashDumpManager.vb:222,none,,Deferred,CrashDumpManager (Windows crash dumps); ExtendedEditionDialogue (EE user-folder prompt; editions detection ported in editions.py/locations.py); AliasSectionEditor BOUNDED tail (reset-to-standard + game-saves shared/per-profile toggle) — the view/edit/save core is Ported (see alias_editor_ported).
CrashDumpManager.vb,CrashDumpManager,BgOpenSupportPage_DoWork,Sub,BgOpenSupportPage.DoWork,CrashDumpManager.vb:248,none,,Deferred,CrashDumpManager (Windows crash dumps); ExtendedEditionDialogue (EE user-folder prompt; editions detection ported in editions.py/locations.py); AliasSectionEditor BOUNDED tail (reset-to-standard + game-saves shared/per-profile toggle) — the view/edit/save core is Ported (see alias_editor_ported).
CrashDumpManager.vb,CrashDumpManager,BtDeleteAll_Click,Sub,BtDeleteAll.Click,CrashDumpManager.vb:260,none,,Deferred,CrashDumpManager (Windows crash dumps); ExtendedEditionDialogue (EE user-folder prompt; editions detection ported in editions.py/locations.py); AliasSectionEditor BOUNDED tail (reset-to-standard + game-saves shared/per-profile toggle) — the view/edit/save core is Ported (see alias_editor_ported).
CrashDumpManager.vb,CrashDumpManager,BtDelete_Click,Sub,BtDelete.Click,CrashDumpManager.vb:270,none,,Partial,"WizardBuilder transfer/display + GameManager archive/restore/activate/deactivate/delete actions (core ported, VB wiring divergent)."
CrashDumpManager.vb,CrashDumpManager,LvCrashFiles_ItemClicked,Sub,LvCrashFiles.ItemClicked,CrashDumpManager.vb:353,none,,Deferred,CrashDumpManager (Windows crash dumps); ExtendedEditionDialogue (EE user-folder prompt; editions detection ported in editions.py/locations.py); AliasSectionEditor BOUNDED tail (reset-to-standard + game-saves shared/per-profile toggle) — the view/edit/save core is Ported (see alias_editor_ported).
CrashDumpManager.vb,CrashDumpManager,LvCrashFiles_SelectedIndexChanged,Sub,LvCrashFiles.SelectedIndexChanged,CrashDumpManager.vb:367,none,,Deferred,CrashDumpManager (Windows crash dumps); ExtendedEditionDialogue (EE user-folder prompt; editions detection ported in editions.py/locations.py); AliasSectionEditor BOUNDED tail (reset-to-standard + game-saves shared/per-profile toggle) — the view/edit/save core is Ported (see alias_editor_ported).
CreateInstaller.vb,CreateInstaller,CreateInstaller_Load,Sub,MyBase.Load,CreateInstaller.vb:761,none,,Divergence,WinForms lifecycle/event/virtual-list/background-worker plumbing; N/A in Qt.
CreateInstaller.vb,CreateInstaller,CreateInstaller_Shown,Sub,Me.Shown,CreateInstaller.vb:810,none,,Divergence,WinForms lifecycle/event/virtual-list/background-worker plumbing; N/A in Qt.
CreateInstaller.vb,CreateInstaller,BtCancel_Click,Sub,BtCancel.Click,CreateInstaller.vb:823,none,,Divergence,WinForms event/progress/UI plumbing refactored into controller/vault + bounded viewer (search/copy-paste/nav). Owner-confirm candidates: StartScreen export/copy-paste/search.
CreateInstaller.vb,CreateInstaller,CreateInstaller_FormClosing,Sub,Me.FormClosing,CreateInstaller.vb:843,none,,Divergence,WinForms lifecycle/event/virtual-list/background-worker plumbing; N/A in Qt.
CreateInstaller.vb,CreateInstaller,BgScanner_DoWork,Sub,BgScanner.DoWork,CreateInstaller.vb:868,none,,Divergence,WinForms event/progress/UI plumbing refactored into controller/vault + bounded viewer (search/copy-paste/nav). Owner-confirm candidates: StartScreen export/copy-paste/search.
CreateInstaller.vb,CreateInstaller,BgScanner_ProgressChanged,Sub,BgScanner.ProgressChanged,CreateInstaller.vb:1006,none,,Divergence,WinForms event/progress/UI plumbing refactored into controller/vault + bounded viewer (search/copy-paste/nav). Owner-confirm candidates: StartScreen export/copy-paste/search.
CreateInstaller.vb,CreateInstaller,BgScanner_RunWorkerCompleted,Sub,BgScanner.RunWorkerCompleted,CreateInstaller.vb:1032,none,,Divergence,WinForms lifecycle/event/virtual-list/background-worker plumbing; N/A in Qt.
CreateInstaller.vb,CreateInstaller,BgExtractor_DoWork,Sub,BgExtractor.DoWork,CreateInstaller.vb:1116,none,,Divergence,WinForms lifecycle/event/virtual-list/background-worker plumbing; N/A in Qt.
CreateInstaller.vb,CreateInstaller,BgExtractor_ProgressChanged,Sub,BgExtractor.ProgressChanged,CreateInstaller.vb:1154,none,,Divergence,WinForms lifecycle/event/virtual-list/background-worker plumbing; N/A in Qt.
CreateInstaller.vb,CreateInstaller,BgExtractor_RunWorkerCompleted,Sub,BgExtractor.RunWorkerCompleted,CreateInstaller.vb:1179,none,,Divergence,WinForms lifecycle/event/virtual-list/background-worker plumbing; N/A in Qt.
CreateInstaller.vb,CreateInstaller,BgConverter_DoWork,Sub,BgConverter.DoWork,CreateInstaller.vb:1208,none,,Divergence,WinForms lifecycle/event/virtual-list/background-worker plumbing; N/A in Qt.
CreateInstaller.vb,CreateInstaller,BgConverter_ProgressChanged,Sub,BgConverter.ProgressChanged,CreateInstaller.vb:1255,none,,Divergence,WinForms lifecycle/event/virtual-list/background-worker plumbing; N/A in Qt.
CreateInstaller.vb,CreateInstaller,BgConverter_RunWorkerCompleted,Sub,BgConverter.RunWorkerCompleted,CreateInstaller.vb:1281,none,,Divergence,WinForms lifecycle/event/virtual-list/background-worker plumbing; N/A in Qt.
CreateInstaller.vb,CreateInstaller,BgAnalyser_DoWork,Sub,BgAnalyser.DoWork,CreateInstaller.vb:1313,none,,Divergence,WinForms lifecycle/event/virtual-list/background-worker plumbing; N/A in Qt.
CreateInstaller.vb,CreateInstaller,BgAnalyser_ProgressChanged,Sub,BgAnalyser.ProgressChanged,CreateInstaller.vb:1447,none,,Divergence,WinForms lifecycle/event/virtual-list/background-worker plumbing; N/A in Qt.
CreateInstaller.vb,CreateInstaller,BgAnalyser_RunWorkerCompleted,Sub,BgAnalyser.RunWorkerCompleted,CreateInstaller.vb:1472,none,,Divergence,WinForms lifecycle/event/virtual-list/background-worker plumbing; N/A in Qt.
CreateInstaller.vb,CreateInstaller,BgCreate_DoWork,Sub,BgCreate.DoWork,CreateInstaller.vb:1524,none,,Divergence,WinForms lifecycle/event/virtual-list/background-worker plumbing; N/A in Qt.
CreateInstaller.vb,CreateInstaller,BgCreate_ProgressChanged,Sub,BgCreate.ProgressChanged,CreateInstaller.vb:1590,none,,Divergence,WinForms lifecycle/event/virtual-list/background-worker plumbing; N/A in Qt.
CreateInstaller.vb,CreateInstaller,BgCreate_RunWorkerCompleted,Sub,BgCreate.RunWorkerCompleted,CreateInstaller.vb:1614,none,,Divergence,WinForms lifecycle/event/virtual-list/background-worker plumbing; N/A in Qt.
CreateMissingInstallers.vb,CreateMissingInstallers,CreateMissingInstallers_Load,Sub,MyBase.Load,CreateMissingInstallers.vb:110,none,,Divergence,WinForms lifecycle/event/virtual-list/background-worker/mouse-hover plumbing.
CreateMissingInstallers.vb,CreateMissingInstallers,CreateMissingInstallers_Shown,Sub,Me.Shown,CreateMissingInstallers.vb:172,none,,Divergence,WinForms lifecycle/event/virtual-list/background-worker/mouse-hover plumbing.
CreateMissingInstallers.vb,CreateMissingInstallers,LvModNames_ItemCheck,Sub,LvModNames.ItemCheck,CreateMissingInstallers.vb:184,none,,Divergence,WinForms lifecycle/event/virtual-list/background-worker/mouse-hover plumbing.
CreateMissingInstallers.vb,CreateMissingInstallers,LvModNames_ItemClicked,Sub,LvModNames.ItemClicked,CreateMissingInstallers.vb:208,none,,Divergence,WinForms lifecycle/event/virtual-list/background-worker/mouse-hover plumbing.
CreateMissingInstallers.vb,CreateMissingInstallers,CmSelectAll_Click,Sub,CmSelectAll.Click,CreateMissingInstallers.vb:220,none,,Divergence,WinForms lifecycle/event/virtual-list/background-worker/mouse-hover plumbing.
CreateMissingInstallers.vb,CreateMissingInstallers,CbExcludes_CheckedChanged,Sub,CbExcludes.CheckedChanged,CreateMissingInstallers.vb:232,none,,Divergence,WinForms lifecycle/event/virtual-list/background-worker/mouse-hover plumbing.
CreateMissingInstallers.vb,CreateMissingInstallers,BtCreate_Click,Sub,BtCreate.Click,CreateMissingInstallers.vb:297,none,,Ported,"port view/domain layer (details/contents/status/paste/recent/profile views, hak-patch, play-data viewer, find-files, conflicts, workshop, publish)."
CreateNwnFolder.vb,CreateNwnFolder,CreateNwnFolder_Load,Sub,MyBase.Load,CreateNwnFolder.vb:156,none,,Divergence,WinForms lifecycle/event/virtual-list/background-worker/mouse-hover plumbing.
CreateNwnFolder.vb,CreateNwnFolder,CreateNwnFolder_Shown,Sub,Me.Shown,CreateNwnFolder.vb:230,none,,Divergence,WinForms lifecycle/event/virtual-list/background-worker/mouse-hover plumbing.
CreateNwnFolder.vb,CreateNwnFolder,BuTarget_Click,Sub,BuTarget.Click,CreateNwnFolder.vb:254,none,,Divergence,WinForms lifecycle/event/virtual-list/background-worker/mouse-hover plumbing.
CreateNwnFolder.vb,CreateNwnFolder,BuSource_Click,Sub,BuSource.Click,CreateNwnFolder.vb:298,none,,Divergence,WinForms lifecycle/event/virtual-list/background-worker/mouse-hover plumbing.
CreateNwnFolder.vb,CreateNwnFolder,Tx_KeyPress,Sub,"TxTarget.KeyPress, TxSource.KeyPress",CreateNwnFolder.vb:341,none,,Divergence,WinForms event/progress/UI plumbing refactored into controller/vault + bounded viewer (search/copy-paste/nav). Owner-confirm candidates: StartScreen export/copy-paste/search.
CreateNwnFolder.vb,CreateNwnFolder,TxTarget_Enter,Sub,TxTarget.Enter,CreateNwnFolder.vb:349,none,,Divergence,WinForms lifecycle/event/virtual-list/background-worker/mouse-hover plumbing.
CreateNwnFolder.vb,CreateNwnFolder,TxSource_Enter,Sub,TxSource.Enter,CreateNwnFolder.vb:360,none,,Divergence,WinForms lifecycle/event/virtual-list/background-worker/mouse-hover plumbing.
CreateNwnFolder.vb,CreateNwnFolder,BtSave_Click,Sub,BtSave.Click,CreateNwnFolder.vb:469,strong,vaultkeeper/ui/controller.py,Ported,DocOrganiser/ModPlayViewer/WizardBuilder core report/view/save logic (subagent+orchestrator).
CreateNwnFolder.vb,CreateNwnFolder,BtCancel_Click,Sub,BtCancel.Click,CreateNwnFolder.vb:595,none,,Divergence,WinForms event/progress/UI plumbing refactored into controller/vault + bounded viewer (search/copy-paste/nav). Owner-confirm candidates: StartScreen export/copy-paste/search.
DependencyManager.vb,DependencyManager,DependencyManager_Load,Sub,MyBase.Load,DependencyManager.vb:99,none,,Divergence,Classes/Skills/Feats + Dependency editor + Basic Settings are ported in dedicated modules; these VB dialog methods are WinForms/virtual-list plumbing.
DependencyManager.vb,DependencyManager,DependencyManager_Shown,Sub,Me.Shown,DependencyManager.vb:180,none,,Divergence,Classes/Skills/Feats + Dependency editor + Basic Settings are ported in dedicated modules; these VB dialog methods are WinForms/virtual-list plumbing.
DependencyManager.vb,DependencyManager,BhDependencyManager_Click,Sub,BhDependencyManager.Click,DependencyManager.vb:196,none,,Divergence,Classes/Skills/Feats + Dependency editor + Basic Settings are ported in dedicated modules; these VB dialog methods are WinForms/virtual-list plumbing.
DependencyManager.vb,DependencyManager,TsModDependenciesReport_Click,Sub,TsModDependenciesReport.Click,DependencyManager.vb:204,none,,Divergence,Classes/Skills/Feats + Dependency editor + Basic Settings are ported in dedicated modules; these VB dialog methods are WinForms/virtual-list plumbing.
DependencyManager.vb,DependencyManager,BtAuto_Click,Sub,BtAuto.Click,DependencyManager.vb:231,none,,Divergence,Classes/Skills/Feats + Dependency editor + Basic Settings are ported in dedicated modules; these VB dialog methods are WinForms/virtual-list plumbing.
DependencyManager.vb,DependencyManager,BtSave_Click,Sub,BtSave.Click,DependencyManager.vb:244,strong,vaultkeeper/ui/controller.py,Ported,DocOrganiser/ModPlayViewer/WizardBuilder core report/view/save logic (subagent+orchestrator).
DependencyManager.vb,DependencyManager,LvGroups_SelectedIndexChanged,Sub,LvGroups.SelectedIndexChanged,DependencyManager.vb:290,none,,Deferred,"installation-sets editor BOUNDED tail (group add/remove selector, prune, sort-by-date, virtual-list plumbing) + nwm-convert + crash-dump. The manager core + apply + create/rename/delete are Ported (see install_sets_ported)."
DependencyManager.vb,DependencyManager,LvMods_RetrieveVirtualItem,Sub,LvMods.RetrieveVirtualItem,DependencyManager.vb:320,none,,Deferred,ModFindAndRename (dead MsFindAndRename) + DocOrganiser Properties/Reset + wizard file-threshold.
DependencyManager.vb,DependencyManager,LvMods_ItemClicked,Sub,LvMods.ItemClicked,DependencyManager.vb:336,none,,Deferred,ModFindAndRename (dead MsFindAndRename) + DocOrganiser Properties/Reset + wizard file-threshold.
DependencyManager.vb,DependencyManager,LvDependencies_RetrieveVirtualItem,Sub,LvDependencies.RetrieveVirtualItem,DependencyManager.vb:439,none,,Divergence,Classes/Skills/Feats + Dependency editor + Basic Settings are ported in dedicated modules; these VB dialog methods are WinForms/virtual-list plumbing.
DependencyManager.vb,DependencyManager,LvDependencies_ItemClicked,Sub,LvDependencies.ItemClicked,DependencyManager.vb:453,none,,Divergence,Classes/Skills/Feats + Dependency editor + Basic Settings are ported in dedicated modules; these VB dialog methods are WinForms/virtual-list plumbing.
DocOrganiser.ProcessDocs.vb,DocOrganiser,BgProcessDocs_DoWork,Sub,BgProcessDocs.DoWork,DocOrganiser.ProcessDocs.vb:27,strong,vaultkeeper/game/documentation.py,Ported,verified: doc processing
DocOrganiser.ProcessDocs.vb,DocOrganiser,BgProcessDocs_ProgressChanged,Sub,BgProcessDocs.ProgressChanged,DocOrganiser.ProcessDocs.vb:157,none,,Divergence,WinForms app-lifecycle/exception + dialog events + ListView map/web editors + bg-worker + colour constants + Windows taskbar.
DocOrganiser.ProcessDocs.vb,DocOrganiser,BgProcessDocs_RunWorkerCompleted,Sub,BgProcessDocs.RunWorkerCompleted,DocOrganiser.ProcessDocs.vb:197,none,,Divergence,WinForms app-lifecycle/exception + dialog events + ListView map/web editors + bg-worker + colour constants + Windows taskbar.
DocOrganiser.vb,DocOrganiser,DocManager_Load,Sub,MyBase.Load,DocOrganiser.vb:291,none,,Divergence,"WinForms lifecycle/event/virtual-list/bg-worker + bounded-viewer extras (owner-confirm: ModPlayViewer end-level filter/recent, DocOrganiser rtf/properties)."
DocOrganiser.vb,DocOrganiser,DocManager_Shown,Sub,Me.Shown,DocOrganiser.vb:345,none,,Divergence,"WinForms lifecycle/event/virtual-list/bg-worker + bounded-viewer extras (owner-confirm: ModPlayViewer end-level filter/recent, DocOrganiser rtf/properties)."
DocOrganiser.vb,DocOrganiser,DocOrganiser_FormClosing,Sub,Me.FormClosing,DocOrganiser.vb:371,none,,Divergence,"WinForms lifecycle/event/virtual-list/bg-worker + bounded-viewer extras (owner-confirm: ModPlayViewer end-level filter/recent, DocOrganiser rtf/properties)."
DocOrganiser.vb,DocOrganiser,BtCopy_Click,Sub,BtCopy.Click,DocOrganiser.vb:398,strong,vaultkeeper/ui/controller.py | vaultkeeper/ui/dialogs/doc_organiser.py,Ported,DocOrganiser/ModPlayViewer/WizardBuilder core report/view/save logic (subagent+orchestrator).
DocOrganiser.vb,DocOrganiser,BtNext_Click,Sub,BtNext.Click,DocOrganiser.vb:449,none,,Divergence,"WinForms lifecycle/event/virtual-list/bg-worker + bounded-viewer extras (owner-confirm: ModPlayViewer end-level filter/recent, DocOrganiser rtf/properties)."
DocOrganiser.vb,DocOrganiser,BhDocManager_Click,Sub,BhDocManager.Click,DocOrganiser.vb:467,none,,Divergence,"WinForms lifecycle/event/virtual-list/bg-worker + bounded-viewer extras (owner-confirm: ModPlayViewer end-level filter/recent, DocOrganiser rtf/properties)."
DocOrganiser.vb,DocOrganiser,CmVersion_Click,Sub,"CmVersion.Click, TsVersion.Click",DocOrganiser.vb:476,none,,Ported,DocOrganiser/ModPlayViewer/WizardBuilder core report/view/save logic (subagent+orchestrator).
DocOrganiser.vb,DocOrganiser,CmRename_Click,Sub,"CmRename.Click, TsRename.Click",DocOrganiser.vb:509,none,,Ported,DocOrganiser/ModPlayViewer/WizardBuilder core report/view/save logic (subagent+orchestrator).
DocOrganiser.vb,DocOrganiser,CmProperties_Click,Sub,"CmProperties.Click, TsProperties.Click",DocOrganiser.vb:618,none,,Deferred,ModFindAndRename (dead MsFindAndRename) + DocOrganiser Properties/Reset + wizard file-threshold.
DocOrganiser.vb,DocOrganiser,CmReset_Click,Sub,"CmReset.Click, TsReset.Click",DocOrganiser.vb:633,none,,Deferred,ModFindAndRename (dead MsFindAndRename) + DocOrganiser Properties/Reset + wizard file-threshold.
DocOrganiser.vb,DocOrganiser,TsUncheck_Click,Sub,TsUncheck.Click,DocOrganiser.vb:644,strong,vaultkeeper/ui/dialogs/doc_organiser.py,Ported,DocOrganiser/ModPlayViewer/WizardBuilder core report/view/save logic (subagent+orchestrator).
DocOrganiser.vb,DocOrganiser,LvDocs_SelectedIndexChanged,Sub,LvDocs.SelectedIndexChanged,DocOrganiser.vb:660,none,,Divergence,"WinForms lifecycle/event/virtual-list/bg-worker + bounded-viewer extras (owner-confirm: ModPlayViewer end-level filter/recent, DocOrganiser rtf/properties)."
DocOrganiser.vb,DocOrganiser,LvContents_SelectedIndexChanged,Sub,LvContents.SelectedIndexChanged,DocOrganiser.vb:681,none,,Divergence,"WinForms lifecycle/event/virtual-list/bg-worker + bounded-viewer extras (owner-confirm: ModPlayViewer end-level filter/recent, DocOrganiser rtf/properties)."
DocOrganiser.vb,DocOrganiser,LvDocs_ItemCheck,Sub,LvDocs.ItemCheck,DocOrganiser.vb:700,none,,Divergence,"WinForms lifecycle/event/virtual-list/bg-worker + bounded-viewer extras (owner-confirm: ModPlayViewer end-level filter/recent, DocOrganiser rtf/properties)."
DocOrganiser.vb,DocOrganiser,Lv_ItemClicked,Sub,"LvDocs.ItemClicked, LvContents.ItemClicked",DocOrganiser.vb:718,none,,Divergence,WinForms event/progress/UI plumbing refactored into controller/vault + bounded viewer (search/copy-paste/nav). Owner-confirm candidates: StartScreen export/copy-paste/search.
DocOrganiser.vb,DocOrganiser,Lv_GotFocus,Sub,"LvDocs.GotFocus, LvContents.GotFocus",DocOrganiser.vb:737,none,,Divergence,"WinForms lifecycle/event/virtual-list/bg-worker + bounded-viewer extras (owner-confirm: ModPlayViewer end-level filter/recent, DocOrganiser rtf/properties)."
DocOrganiser.vb,DocOrganiser,Rt_MouseMove,Sub,"RtfDoc.MouseMove, RtfContents.MouseMove",DocOrganiser.vb:758,none,,Divergence,"WinForms lifecycle/event/virtual-list/bg-worker + bounded-viewer extras (owner-confirm: ModPlayViewer end-level filter/recent, DocOrganiser rtf/properties)."
DocOrganiser.vb,DocOrganiser,Rt_MouseClick,Sub,"RtfDoc.MouseClick, RtfContents.MouseClick",DocOrganiser.vb:789,none,,Divergence,"WinForms lifecycle/event/virtual-list/bg-worker + bounded-viewer extras (owner-confirm: ModPlayViewer end-level filter/recent, DocOrganiser rtf/properties)."
DownloadDeleteMsg.vb,DownloadDeleteMsg,DownloadDeleteMsg_Load,Sub,Me.Load,DownloadDeleteMsg.vb:105,none,,Divergence,WinForms app-lifecycle/exception + dialog events + ListView map/web editors + bg-worker + colour constants + Windows taskbar.
DownloadDeleteMsg.vb,DownloadDeleteMsg,BtDelete_Click,Sub,BtDelete.Click,DownloadDeleteMsg.vb:137,none,,Partial,"WizardBuilder transfer/display + GameManager archive/restore/activate/deactivate/delete actions (core ported, VB wiring divergent)."
DownloadDeleteMsg.vb,DownloadDeleteMsg,BtHistory_Click,Sub,BtHistory.Click,DownloadDeleteMsg.vb:146,none,,Divergence,WinForms app-lifecycle/exception + dialog events + ListView map/web editors + bg-worker + colour constants + Windows taskbar.
DownloadDeleteMsg.vb,DownloadDeleteMsg,BtCancel_Click,Sub,BtCancel.Click,DownloadDeleteMsg.vb:155,none,,Divergence,WinForms event/progress/UI plumbing refactored into controller/vault + bounded viewer (search/copy-paste/nav). Owner-confirm candidates: StartScreen export/copy-paste/search.
DownloadProject.Files.vb,DownloadProject,BgDownloadTimer_DoWork,Sub,BgDownloadTimer.DoWork,DownloadProject.Files.vb:679,none,,Divergence,WinForms event/progress/UI plumbing refactored into controller/vault + bounded viewer (search/copy-paste/nav). Owner-confirm candidates: StartScreen export/copy-paste/search.
DownloadProject.Files.vb,DownloadProject,BgDownloadTimer_ProgressChanged,Sub,BgDownloadTimer.ProgressChanged,DownloadProject.Files.vb:699,none,,Divergence,WinForms event/progress/UI plumbing refactored into controller/vault + bounded viewer (search/copy-paste/nav). Owner-confirm candidates: StartScreen export/copy-paste/search.
DownloadProject.vb,DownloadProject,DownloadProject_Load,Sub,MyBase.Load,DownloadProject.vb:36,none,,Divergence,WinForms event/progress/UI plumbing refactored into controller/vault + bounded viewer (search/copy-paste/nav). Owner-confirm candidates: StartScreen export/copy-paste/search.
DownloadProject.vb,DownloadProject,DownloadProject_Shown,Sub,Me.Shown,DownloadProject.vb:204,none,,Divergence,WinForms event/progress/UI plumbing refactored into controller/vault + bounded viewer (search/copy-paste/nav). Owner-confirm candidates: StartScreen export/copy-paste/search.
DownloadProject.vb,DownloadProject,DownloadProject_Activated,Sub,Me.Activated,DownloadProject.vb:240,none,,Divergence,WinForms event/progress/UI plumbing refactored into controller/vault + bounded viewer (search/copy-paste/nav). Owner-confirm candidates: StartScreen export/copy-paste/search.
DownloadProject.vb,DownloadProject,Lp_Resize,Sub,"LpProjectConfig.Resize, LpRequiredConfig.Resize",DownloadProject.vb:266,none,,Divergence,WinForms event/progress/UI plumbing refactored into controller/vault + bounded viewer (search/copy-paste/nav). Owner-confirm candidates: StartScreen export/copy-paste/search.
DownloadProject.vb,DownloadProject,DownloadProject_FormClosing,Sub,Me.FormClosing,DownloadProject.vb:281,none,,Divergence,WinForms event/progress/UI plumbing refactored into controller/vault + bounded viewer (search/copy-paste/nav). Owner-confirm candidates: StartScreen export/copy-paste/search.
DownloadProject.vb,DownloadProject,TxUrl_GotFocus,Sub,TxUrl.GotFocus,DownloadProject.vb:340,none,,Divergence,WinForms event/progress/UI plumbing refactored into controller/vault + bounded viewer (search/copy-paste/nav). Owner-confirm candidates: StartScreen export/copy-paste/search.
DownloadProject.vb,DownloadProject,TxUrl_LostFocus,Sub,TxUrl.LostFocus,DownloadProject.vb:348,none,,Divergence,WinForms event/progress/UI plumbing refactored into controller/vault + bounded viewer (search/copy-paste/nav). Owner-confirm candidates: StartScreen export/copy-paste/search.
DownloadProject.vb,DownloadProject,TxUrl_TextChanged,Sub,TxUrl.TextChanged,DownloadProject.vb:358,none,,Divergence,WinForms event/progress/UI plumbing refactored into controller/vault + bounded viewer (search/copy-paste/nav). Owner-confirm candidates: StartScreen export/copy-paste/search.
DownloadProject.vb,DownloadProject,BlClear_Click,Sub,BlClear.Click,DownloadProject.vb:368,none,,Divergence,WinForms event/progress/UI plumbing refactored into controller/vault + bounded viewer (search/copy-paste/nav). Owner-confirm candidates: StartScreen export/copy-paste/search.
DownloadProject.vb,DownloadProject,BtRetrieve_Click,Sub,BtRetrieve.Click,DownloadProject.vb:379,none,,Divergence,WinForms event/progress/UI plumbing refactored into controller/vault + bounded viewer (search/copy-paste/nav). Owner-confirm candidates: StartScreen export/copy-paste/search.
DownloadProject.vb,DownloadProject,Lk_LinkClicked,Sub,"LkProject.LinkClicked, LkRequiredProject.LinkClicked",DownloadProject.vb:416,none,,Divergence,WinForms event/progress/UI plumbing refactored into controller/vault + bounded viewer (search/copy-paste/nav). Owner-confirm candidates: StartScreen export/copy-paste/search.
DownloadProject.vb,DownloadProject,TsOpenRulesFile_Click,Sub,TsOpenRulesFile.Click,DownloadProject.vb:436,none,,Divergence,WinForms event/progress/UI plumbing refactored into controller/vault + bounded viewer (search/copy-paste/nav). Owner-confirm candidates: StartScreen export/copy-paste/search.
DownloadProject.vb,DownloadProject,TsReloadDownloadRulesFile_Click,Sub,TsReloadDownloadRulesFile.Click,DownloadProject.vb:446,none,,Divergence,WinForms event/progress/UI plumbing refactored into controller/vault + bounded viewer (search/copy-paste/nav). Owner-confirm candidates: StartScreen export/copy-paste/search.
DownloadProject.vb,DownloadProject,BhDownloadProject_Click,Sub,BhDownloadProject.Click,DownloadProject.vb:485,none,,Divergence,WinForms event/progress/UI plumbing refactored into controller/vault + bounded viewer (search/copy-paste/nav). Owner-confirm candidates: StartScreen export/copy-paste/search.
DownloadProject.vb,DownloadProject,BtDownload_Click,Sub,BtDownload.Click,DownloadProject.vb:493,none,,Divergence,WinForms event/progress/UI plumbing refactored into controller/vault + bounded viewer (search/copy-paste/nav). Owner-confirm candidates: StartScreen export/copy-paste/search.
DownloadProject.vb,DownloadProject,BtInstall_Click,Sub,BtInstall.Click,DownloadProject.vb:503,none,,Divergence,WinForms event/progress/UI plumbing refactored into controller/vault + bounded viewer (search/copy-paste/nav). Owner-confirm candidates: StartScreen export/copy-paste/search.
DownloadProject.vb,DownloadProject,BtCancel_Click,Sub,BtCancel.Click,DownloadProject.vb:528,none,,Divergence,WinForms event/progress/UI plumbing refactored into controller/vault + bounded viewer (search/copy-paste/nav). Owner-confirm candidates: StartScreen export/copy-paste/search.
DownloadProject.vb,DownloadProject,CmCopyFilename_Click,Sub,CmCopyFilename.Click,DownloadProject.vb:540,none,,Divergence,WinForms event/progress/UI plumbing refactored into controller/vault + bounded viewer (search/copy-paste/nav). Owner-confirm candidates: StartScreen export/copy-paste/search.
DownloadProject.vb,DownloadProject,CmCopyLink_Click,Sub,CmCopyLink.Click,DownloadProject.vb:551,none,,Divergence,WinForms event/progress/UI plumbing refactored into controller/vault + bounded viewer (search/copy-paste/nav). Owner-confirm candidates: StartScreen export/copy-paste/search.
DownloadProject.vb,DownloadProject,Lv_KeyDown,Sub,"LvProject.KeyDown, LvRequirements.KeyDown",DownloadProject.vb:576,none,,Divergence,WinForms event/progress/UI plumbing refactored into controller/vault + bounded viewer (search/copy-paste/nav). Owner-confirm candidates: StartScreen export/copy-paste/search.
DownloadProject.vb,DownloadProject,Lv_KeyPress,Sub,"LvProject.KeyPress, LvRequirements.KeyPress",DownloadProject.vb:591,none,,Divergence,WinForms event/progress/UI plumbing refactored into controller/vault + bounded viewer (search/copy-paste/nav). Owner-confirm candidates: StartScreen export/copy-paste/search.
DownloadProject.vb,DownloadProject,Lv_ItemClicked,Sub,"LvRequirements.ItemClicked, LvProject.ItemClicked",DownloadProject.vb:622,none,,Divergence,WinForms event/progress/UI plumbing refactored into controller/vault + bounded viewer (search/copy-paste/nav). Owner-confirm candidates: StartScreen export/copy-paste/search.
DownloadProject.vb,DownloadProject,LbProjectFiles_MouseEnter,Sub,LbProjectFiles.MouseEnter,DownloadProject.vb:657,none,,Divergence,WinForms event/progress/UI plumbing refactored into controller/vault + bounded viewer (search/copy-paste/nav). Owner-confirm candidates: StartScreen export/copy-paste/search.
DownloadProject.vb,DownloadProject,LvProject_ItemCheck,Sub,LvProject.ItemCheck,DownloadProject.vb:667,none,,Divergence,WinForms event/progress/UI plumbing refactored into controller/vault + bounded viewer (search/copy-paste/nav). Owner-confirm candidates: StartScreen export/copy-paste/search.
DownloadProject.vb,DownloadProject,LvProject_SelectedIndexChanged,Sub,LvProject.SelectedIndexChanged,DownloadProject.vb:700,none,,Divergence,WinForms event/progress/UI plumbing refactored into controller/vault + bounded viewer (search/copy-paste/nav). Owner-confirm candidates: StartScreen export/copy-paste/search.
DownloadProject.vb,DownloadProject,LbRequiredProjects_MouseEnter,Sub,LbRequiredProjects.MouseEnter,DownloadProject.vb:722,none,,Divergence,WinForms event/progress/UI plumbing refactored into controller/vault + bounded viewer (search/copy-paste/nav). Owner-confirm candidates: StartScreen export/copy-paste/search.
DownloadProject.vb,DownloadProject,LvRequirements_ItemCheck,Sub,LvRequirements.ItemCheck,DownloadProject.vb:732,none,,Divergence,WinForms event/progress/UI plumbing refactored into controller/vault + bounded viewer (search/copy-paste/nav). Owner-confirm candidates: StartScreen export/copy-paste/search.
DownloadProject.vb,DownloadProject,LvRequirements_SelectedIndexChanged,Sub,LvRequirements.SelectedIndexChanged,DownloadProject.vb:765,none,,Divergence,WinForms event/progress/UI plumbing refactored into controller/vault + bounded viewer (search/copy-paste/nav). Owner-confirm candidates: StartScreen export/copy-paste/search.
DownloadProject.vb,DownloadProject,Tx_KeyPress,Sub,"TxModName.KeyPress, TxRequiredModName.KeyPress",DownloadProject.vb:831,none,,Divergence,WinForms event/progress/UI plumbing refactored into controller/vault + bounded viewer (search/copy-paste/nav). Owner-confirm candidates: StartScreen export/copy-paste/search.
DownloadProject.vb,DownloadProject,TxModName_TextChanged,Sub,TxModName.TextChanged,DownloadProject.vb:839,none,,Divergence,WinForms event/progress/UI plumbing refactored into controller/vault + bounded viewer (search/copy-paste/nav). Owner-confirm candidates: StartScreen export/copy-paste/search.
DownloadProject.vb,DownloadProject,TxRequiredModName_TextChanged,Sub,TxRequiredModName.TextChanged,DownloadProject.vb:953,none,,Divergence,WinForms event/progress/UI plumbing refactored into controller/vault + bounded viewer (search/copy-paste/nav). Owner-confirm candidates: StartScreen export/copy-paste/search.
DownloadProject.vb,DownloadProject,MbGroup_MenuItemChecked,Sub,MbGroup.MenuItemChecked,DownloadProject.vb:1076,none,,Divergence,WinForms event/progress/UI plumbing refactored into controller/vault + bounded viewer (search/copy-paste/nav). Owner-confirm candidates: StartScreen export/copy-paste/search.
DownloadProject.vb,DownloadProject,MbRequiredGroup_MenuItemChecked,Sub,MbRequiredGroup.MenuItemChecked,DownloadProject.vb:1094,none,,Divergence,WinForms event/progress/UI plumbing refactored into controller/vault + bounded viewer (search/copy-paste/nav). Owner-confirm candidates: StartScreen export/copy-paste/search.
DownloadProject.vb,DownloadProject,BgScanner_DoWork,Sub,BgScanner.DoWork,DownloadProject.vb:1175,none,,Divergence,WinForms event/progress/UI plumbing refactored into controller/vault + bounded viewer (search/copy-paste/nav). Owner-confirm candidates: StartScreen export/copy-paste/search.
DownloadProject.vb,DownloadProject,BgScanner_ProgressChanged,Sub,BgScanner.ProgressChanged,DownloadProject.vb:1198,none,,Divergence,WinForms event/progress/UI plumbing refactored into controller/vault + bounded viewer (search/copy-paste/nav). Owner-confirm candidates: StartScreen export/copy-paste/search.
DownloadProject.vb,DownloadProject,BgWebFileSize_DoWork,Sub,BgWebFileSize.DoWork,DownloadProject.vb:1216,none,,Divergence,WinForms event/progress/UI plumbing refactored into controller/vault + bounded viewer (search/copy-paste/nav). Owner-confirm candidates: StartScreen export/copy-paste/search.
DownloadProject.vb,DownloadProject,BgWebFileSize_ProgressChanged,Sub,BgWebFileSize.ProgressChanged,DownloadProject.vb:1294,none,,Divergence,WinForms event/progress/UI plumbing refactored into controller/vault + bounded viewer (search/copy-paste/nav). Owner-confirm candidates: StartScreen export/copy-paste/search.
ExtendedEditionDialogue.vb,ExtendedEditionDialogue,ExtendedDialogue_Load,Sub,MyBase.Load,ExtendedEditionDialogue.vb:102,none,,Deferred,CrashDumpManager (Windows crash dumps); ExtendedEditionDialogue (EE user-folder prompt; editions detection ported in editions.py/locations.py); AliasSectionEditor BOUNDED tail (reset-to-standard + game-saves shared/per-profile toggle) — the view/edit/save core is Ported (see alias_editor_ported).
ExtendedEditionDialogue.vb,ExtendedEditionDialogue,ExtendedEditionDialogue_Shown,Sub,Me.Shown,ExtendedEditionDialogue.vb:177,none,,Deferred,CrashDumpManager (Windows crash dumps); ExtendedEditionDialogue (EE user-folder prompt; editions detection ported in editions.py/locations.py); AliasSectionEditor BOUNDED tail (reset-to-standard + game-saves shared/per-profile toggle) — the view/edit/save core is Ported (see alias_editor_ported).
ExtendedEditionDialogue.vb,ExtendedEditionDialogue,BtSave_Click,Sub,BtSave.Click,ExtendedEditionDialogue.vb:202,strong,vaultkeeper/ui/controller.py,Ported,DocOrganiser/ModPlayViewer/WizardBuilder core report/view/save logic (subagent+orchestrator).
ExtendedEditionDialogue.vb,ExtendedEditionDialogue,BtCancel_Click,Sub,BtCancel.Click,ExtendedEditionDialogue.vb:211,none,,Divergence,WinForms event/progress/UI plumbing refactored into controller/vault + bounded viewer (search/copy-paste/nav). Owner-confirm candidates: StartScreen export/copy-paste/search.
ExtendedEditionDialogue.vb,ExtendedEditionDialogue,BuBrowse_Click,Sub,"BuUser.Click, BuLibrary.Click",ExtendedEditionDialogue.vb:220,none,,Deferred,CrashDumpManager (Windows crash dumps); ExtendedEditionDialogue (EE user-folder prompt; editions detection ported in editions.py/locations.py); AliasSectionEditor BOUNDED tail (reset-to-standard + game-saves shared/per-profile toggle) — the view/edit/save core is Ported (see alias_editor_ported).
ExtendedEditionDialogue.vb,ExtendedEditionDialogue,Tx_Enter,Sub,"TxUserFolder.Enter, TxLibrary.Enter",ExtendedEditionDialogue.vb:251,none,,Deferred,CrashDumpManager (Windows crash dumps); ExtendedEditionDialogue (EE user-folder prompt; editions detection ported in editions.py/locations.py); AliasSectionEditor BOUNDED tail (reset-to-standard + game-saves shared/per-profile toggle) — the view/edit/save core is Ported (see alias_editor_ported).
ExtendedEditionDialogue.vb,ExtendedEditionDialogue,TxUserFolder_TextChanged,Sub,TxUserFolder.TextChanged,ExtendedEditionDialogue.vb:262,none,,Deferred,CrashDumpManager (Windows crash dumps); ExtendedEditionDialogue (EE user-folder prompt; editions detection ported in editions.py/locations.py); AliasSectionEditor BOUNDED tail (reset-to-standard + game-saves shared/per-profile toggle) — the view/edit/save core is Ported (see alias_editor_ported).
ExtendedEditionDialogue.vb,ExtendedEditionDialogue,TxLibrary_TextChanged,Sub,TxLibrary.TextChanged,ExtendedEditionDialogue.vb:278,none,,Deferred,CrashDumpManager (Windows crash dumps); ExtendedEditionDialogue (EE user-folder prompt; editions detection ported in editions.py/locations.py); AliasSectionEditor BOUNDED tail (reset-to-standard + game-saves shared/per-profile toggle) — the view/edit/save core is Ported (see alias_editor_ported).
ExtendedEditionDialogue.vb,ExtendedEditionDialogue,CbDisable_CheckedChanged,Sub,CbDisable.CheckedChanged,ExtendedEditionDialogue.vb:299,none,,Deferred,CrashDumpManager (Windows crash dumps); ExtendedEditionDialogue (EE user-folder prompt; editions detection ported in editions.py/locations.py); AliasSectionEditor BOUNDED tail (reset-to-standard + game-saves shared/per-profile toggle) — the view/edit/save core is Ported (see alias_editor_ported).
FileConflictsViewer.vb,FileConflictsViewer,FileConflictsViewer_Load,Sub,MyBase.Load,FileConflictsViewer.vb:74,none,,Divergence,WinForms lifecycle/event/virtual-list/background-worker/mouse-hover plumbing.
FileConflictsViewer.vb,FileConflictsViewer,FileConflictsViewer_Shown,Sub,Me.Shown,FileConflictsViewer.vb:101,none,,Divergence,WinForms lifecycle/event/virtual-list/background-worker/mouse-hover plumbing.
FileConflictsViewer.vb,FileConflictsViewer,BtSelected_Click,Sub,BtSelected.Click,FileConflictsViewer.vb:123,none,,Ported,"port view/domain layer (details/contents/status/paste/recent/profile views, hak-patch, play-data viewer, find-files, conflicts, workshop, publish)."
FileConflictsViewer.vb,FileConflictsViewer,BtInstalled_Click,Sub,BtInstalled.Click,FileConflictsViewer.vb:133,none,,Ported,"port view/domain layer (details/contents/status/paste/recent/profile views, hak-patch, play-data viewer, find-files, conflicts, workshop, publish)."
FileConflictsViewer.vb,FileConflictsViewer,BtAll_Click,Sub,BtAll.Click,FileConflictsViewer.vb:143,none,,Ported,"port view/domain layer (details/contents/status/paste/recent/profile views, hak-patch, play-data viewer, find-files, conflicts, workshop, publish)."
FileConflictsViewer.vb,FileConflictsViewer,BtClose_Click,Sub,BtClose.Click,FileConflictsViewer.vb:153,none,,Divergence,"bounded read-only viewer port: VB filters/navigation/editors/bg-workers/Windows-shell handlers intentionally not ported (PARITY.md recurring pattern). SOME are owner-confirm candidates: ModExplorer filter subsystem, PortraitManager prev/next navigation."
FileConflictsViewer.vb,FileConflictsViewer,FileConflictsViewer_FormClosing,Sub,Me.FormClosing,FileConflictsViewer.vb:163,none,,Divergence,WinForms lifecycle/event/virtual-list/background-worker/mouse-hover plumbing.
FileConflictsViewer.vb,FileConflictsViewer,LvFiles_SelectedIndexChanged,Sub,LvFiles.SelectedIndexChanged,FileConflictsViewer.vb:180,none,,Ported,install engine + rename + analyser browser report (subagent-swept).
FileConflictsViewer.vb,FileConflictsViewer,BgProcessModFiles_DoWork,Sub,BgProcessModFiles.DoWork,FileConflictsViewer.vb:278,none,,Divergence,WinForms lifecycle/event/virtual-list/background-worker/mouse-hover plumbing.
FileConflictsViewer.vb,FileConflictsViewer,BgProcessModFiles_ProgressChanged,Sub,BgProcessModFiles.ProgressChanged,FileConflictsViewer.vb:328,none,,Divergence,WinForms lifecycle/event/virtual-list/background-worker/mouse-hover plumbing.
FileConflictsViewer.vb,FileConflictsViewer,BgProcessModFiles_RunWorkerCompleted,Sub,BgProcessModFiles.RunWorkerCompleted,FileConflictsViewer.vb:343,none,,Divergence,WinForms lifecycle/event/virtual-list/background-worker/mouse-hover plumbing.
FindDialogue.vb,FindDialogue,FindDialogue_Load,Sub,MyBase.Load,FindDialogue.vb:85,none,,Divergence,WinForms app-lifecycle/exception + dialog events + ListView map/web editors + bg-worker + colour constants + Windows taskbar.
FindDialogue.vb,FindDialogue,FindDialogue_Shown,Sub,Me.Shown,FindDialogue.vb:137,none,,Divergence,WinForms app-lifecycle/exception + dialog events + ListView map/web editors + bg-worker + colour constants + Windows taskbar.
FindDialogue.vb,FindDialogue,BtClose_Click,Sub,BtClose.Click,FindDialogue.vb:150,none,,Divergence,"bounded read-only viewer port: VB filters/navigation/editors/bg-workers/Windows-shell handlers intentionally not ported (PARITY.md recurring pattern). SOME are owner-confirm candidates: ModExplorer filter subsystem, PortraitManager prev/next navigation."
FindDialogue.vb,FindDialogue,CbxFind_TextChanged,Sub,CbxFind.TextChanged,FindDialogue.vb:162,none,,Divergence,WinForms lifecycle/event/virtual-list/background-worker/mouse-hover plumbing.
FindDialogue.vb,FindDialogue,CbMatch_CheckedChanged,Sub,"CbMatchWord.CheckedChanged, CbMatchCase.CheckedChanged",FindDialogue.vb:172,none,,Divergence,WinForms lifecycle/event/virtual-list/background-worker/mouse-hover plumbing.
FindDialogue.vb,FindDialogue,BtFindNext_Click,Sub,BtFindNext.Click,FindDialogue.vb:203,none,,Ported,"helper logic ported in its parent module (IFO/module decode, state text/colour, bic skills/feats, char filter, workshop, vault rules, find dialogue, eq/hash, crc info)."
FindDialogue.vb,FindDialogue,BtFindPrevious_Click,Sub,BtFindPrevious.Click,FindDialogue.vb:213,none,,Ported,"helper logic ported in its parent module (IFO/module decode, state text/colour, bic skills/feats, char filter, workshop, vault rules, find dialogue, eq/hash, crc info)."
FindProfileFilesDialogue.vb,FindProfileFilesDialogue,FindModFilesDialogue_Load,Sub,MyBase.Load,FindProfileFilesDialogue.vb:161,none,,Divergence,WinForms lifecycle/event/virtual-list/background-worker/mouse-hover plumbing.
FindProfileFilesDialogue.vb,FindProfileFilesDialogue,BtSelect_Click,Sub,BtSelect.Click,FindProfileFilesDialogue.vb:208,none,,Divergence,"bounded read-only viewer port: VB filters/navigation/editors/bg-workers/Windows-shell handlers intentionally not ported (PARITY.md recurring pattern). SOME are owner-confirm candidates: ModExplorer filter subsystem, PortraitManager prev/next navigation."
FindProfileFilesDialogue.vb,FindProfileFilesDialogue,BtClose_Click,Sub,BtClose.Click,FindProfileFilesDialogue.vb:253,none,,Divergence,"bounded read-only viewer port: VB filters/navigation/editors/bg-workers/Windows-shell handlers intentionally not ported (PARITY.md recurring pattern). SOME are owner-confirm candidates: ModExplorer filter subsystem, PortraitManager prev/next navigation."
FindProfileFilesDialogue.vb,FindProfileFilesDialogue,FindProfileFilesDialogue_FormClosed,Sub,Me.FormClosed,FindProfileFilesDialogue.vb:261,none,,Divergence,WinForms lifecycle/event/virtual-list/background-worker/mouse-hover plumbing.
FindProfileFilesDialogue.vb,FindProfileFilesDialogue,CbMatch_CheckedChanged,Sub,"CbMatchWord.CheckedChanged, CbMatchCase.CheckedChanged",FindProfileFilesDialogue.vb:293,none,,Divergence,WinForms lifecycle/event/virtual-list/background-worker/mouse-hover plumbing.
FindProfileFilesDialogue.vb,FindProfileFilesDialogue,CmDisplayInfo_Click,Sub,CmDisplayInfo.Click,FindProfileFilesDialogue.vb:314,none,,Divergence,WinForms lifecycle/event/virtual-list/background-worker/mouse-hover plumbing.
FindProfileFilesDialogue.vb,FindProfileFilesDialogue,CmProperties_Click,Sub,CmProperties.Click,FindProfileFilesDialogue.vb:346,none,,Deferred,ModFindAndRename (dead MsFindAndRename) + DocOrganiser Properties/Reset + wizard file-threshold.
FindProfileFilesDialogue.vb,FindProfileFilesDialogue,LvFound_ItemClicked,Sub,LvFound.ItemClicked,FindProfileFilesDialogue.vb:356,none,,Divergence,WinForms lifecycle/event/virtual-list/background-worker/mouse-hover plumbing.
FindProfileFilesDialogue.vb,FindProfileFilesDialogue,LvFound_SelectedIndexChanged,Sub,LvFound.SelectedIndexChanged,FindProfileFilesDialogue.vb:366,none,,Divergence,WinForms lifecycle/event/virtual-list/background-worker/mouse-hover plumbing.
FindProfileFilesDialogue.vb,FindProfileFilesDialogue,LvFound_RetrieveVirtualItem,Sub,LvFound.RetrieveVirtualItem,FindProfileFilesDialogue.vb:391,none,,Divergence,WinForms lifecycle/event/virtual-list/background-worker/mouse-hover plumbing.
FindProfileFilesDialogue.vb,FindProfileFilesDialogue,BgGetFiles_DoWork,Sub,BgGetFiles.DoWork,FindProfileFilesDialogue.vb:525,none,,Divergence,WinForms lifecycle/event/virtual-list/background-worker/mouse-hover plumbing.
FindProfileFilesDialogue.vb,FindProfileFilesDialogue,BgGetFiles_RunWorkerCompleted,Sub,BgGetFiles.RunWorkerCompleted,FindProfileFilesDialogue.vb:544,none,,Divergence,WinForms lifecycle/event/virtual-list/background-worker/mouse-hover plumbing.
GameManager.vb,GameManager,GameManager_Load,Sub,MyBase.Load,GameManager.vb:72,none,,Divergence,"WinForms lifecycle/event/virtual-list/bg-worker + bounded-viewer extras (owner-confirm: ModPlayViewer end-level filter/recent, DocOrganiser rtf/properties)."
GameManager.vb,GameManager,GameManager_Shown,Sub,Me.Shown,GameManager.vb:166,none,,Divergence,"WinForms lifecycle/event/virtual-list/bg-worker + bounded-viewer extras (owner-confirm: ModPlayViewer end-level filter/recent, DocOrganiser rtf/properties)."
GameManager.vb,GameManager,GameManager_KeyUp,Sub,Me.KeyUp,GameManager.vb:202,none,,Divergence,"WinForms lifecycle/event/virtual-list/bg-worker + bounded-viewer extras (owner-confirm: ModPlayViewer end-level filter/recent, DocOrganiser rtf/properties)."
GameManager.vb,GameManager,BtClose_Click,Sub,BtClose.Click,GameManager.vb:218,none,,Divergence,"bounded read-only viewer port: VB filters/navigation/editors/bg-workers/Windows-shell handlers intentionally not ported (PARITY.md recurring pattern). SOME are owner-confirm candidates: ModExplorer filter subsystem, PortraitManager prev/next navigation."
GameManager.vb,GameManager,LvGames_Enter,Sub,LvGames.Enter,GameManager.vb:255,none,,Divergence,"WinForms lifecycle/event/virtual-list/bg-worker + bounded-viewer extras (owner-confirm: ModPlayViewer end-level filter/recent, DocOrganiser rtf/properties)."
GameManager.vb,GameManager,LvGames_SelectedIndexChanged,Sub,LvGames.SelectedIndexChanged,GameManager.vb:271,none,,Divergence,"WinForms lifecycle/event/virtual-list/bg-worker + bounded-viewer extras (owner-confirm: ModPlayViewer end-level filter/recent, DocOrganiser rtf/properties)."
GameManager.vb,GameManager,LvGames_ItemClicked,Sub,LvGames.ItemClicked,GameManager.vb:304,none,,Divergence,"WinForms lifecycle/event/virtual-list/bg-worker + bounded-viewer extras (owner-confirm: ModPlayViewer end-level filter/recent, DocOrganiser rtf/properties)."
GameManager.vb,GameManager,LvGames_ItemChecked,Sub,LvGames.ItemChecked,GameManager.vb:332,none,,Divergence,"WinForms lifecycle/event/virtual-list/bg-worker + bounded-viewer extras (owner-confirm: ModPlayViewer end-level filter/recent, DocOrganiser rtf/properties)."
GameManager.vb,GameManager,FvGameSaves_Enter,Sub,FvGameSaves.Enter,GameManager.vb:357,none,,Divergence,"WinForms lifecycle/event/virtual-list/bg-worker + bounded-viewer extras (owner-confirm: ModPlayViewer end-level filter/recent, DocOrganiser rtf/properties)."
GameManager.vb,GameManager,FvGameSaves_SelectedIndexChanged,Sub,FvGameSaves.SelectedIndexChanged,GameManager.vb:374,none,,Divergence,"WinForms lifecycle/event/virtual-list/bg-worker + bounded-viewer extras (owner-confirm: ModPlayViewer end-level filter/recent, DocOrganiser rtf/properties)."
GameManager.vb,GameManager,FvGameSaves_Leave,Sub,FvGameSaves.Leave,GameManager.vb:399,none,,Divergence,"WinForms lifecycle/event/virtual-list/bg-worker + bounded-viewer extras (owner-confirm: ModPlayViewer end-level filter/recent, DocOrganiser rtf/properties)."
GameManager.vb,GameManager,CmOpen_Click,Sub,"CmOpen.Click, TsOpen.Click",GameManager.vb:407,none,,Divergence,"WinForms lifecycle/event/virtual-list/bg-worker + bounded-viewer extras (owner-confirm: ModPlayViewer end-level filter/recent, DocOrganiser rtf/properties)."
GameManager.vb,GameManager,CmCharacterSummary_Click,Sub,"CmCharacterSummary.Click, TsCharacterSummary.Click",GameManager.vb:441,none,,Divergence,"WinForms lifecycle/event/virtual-list/bg-worker + bounded-viewer extras (owner-confirm: ModPlayViewer end-level filter/recent, DocOrganiser rtf/properties)."
GameManager.vb,GameManager,LpGameList_MouseHover,Sub,"LpGameList.MouseHover, LbLocation.MouseHover",GameManager.vb:454,none,,Divergence,"WinForms lifecycle/event/virtual-list/bg-worker + bounded-viewer extras (owner-confirm: ModPlayViewer end-level filter/recent, DocOrganiser rtf/properties)."
GameManager.vb,GameManager,LpGameList_MouseLeave,Sub,LpGameList.MouseLeave,GameManager.vb:469,none,,Divergence,"WinForms lifecycle/event/virtual-list/bg-worker + bounded-viewer extras (owner-confirm: ModPlayViewer end-level filter/recent, DocOrganiser rtf/properties)."
GameManager.vb,GameManager,BhGameManager_Click,Sub,BhGameManager.Click,GameManager.vb:486,none,,Divergence,"WinForms lifecycle/event/virtual-list/bg-worker + bounded-viewer extras (owner-confirm: ModPlayViewer end-level filter/recent, DocOrganiser rtf/properties)."
GameManager.vb,GameManager,TsArchive_Click,Sub,TsArchive.Click,GameManager.vb:495,none,,Partial,"WizardBuilder transfer/display + GameManager archive/restore/activate/deactivate/delete actions (core ported, VB wiring divergent)."
GameManager.vb,GameManager,TsRestore_Click,Sub,TsRestore.Click,GameManager.vb:508,none,,Partial,"WizardBuilder transfer/display + GameManager archive/restore/activate/deactivate/delete actions (core ported, VB wiring divergent)."
GameManager.vb,GameManager,TsActivate_Click,Sub,TsActivate.Click,GameManager.vb:549,none,,Partial,"WizardBuilder transfer/display + GameManager archive/restore/activate/deactivate/delete actions (core ported, VB wiring divergent)."
GameManager.vb,GameManager,TsActivate_MouseUp,Sub,TsActivate.MouseUp,GameManager.vb:572,none,,Divergence,"WinForms lifecycle/event/virtual-list/bg-worker + bounded-viewer extras (owner-confirm: ModPlayViewer end-level filter/recent, DocOrganiser rtf/properties)."
GameManager.vb,GameManager,TsDeactivate_Click,Sub,TsDeactivate.Click,GameManager.vb:638,none,,Partial,"WizardBuilder transfer/display + GameManager archive/restore/activate/deactivate/delete actions (core ported, VB wiring divergent)."
GameManager.vb,GameManager,TsDeactivate_MouseUp,Sub,TsDeactivate.MouseUp,GameManager.vb:654,none,,Divergence,"WinForms lifecycle/event/virtual-list/bg-worker + bounded-viewer extras (owner-confirm: ModPlayViewer end-level filter/recent, DocOrganiser rtf/properties)."
GameManager.vb,GameManager,TsDelete_Click,Sub,TsDelete.Click,GameManager.vb:681,none,,Partial,"WizardBuilder transfer/display + GameManager archive/restore/activate/deactivate/delete actions (core ported, VB wiring divergent)."
GameManager.vb,GameManager,TsFinished_Click,Sub,TsFinished.Click,GameManager.vb:703,none,,Divergence,"WinForms lifecycle/event/virtual-list/bg-worker + bounded-viewer extras (owner-confirm: ModPlayViewer end-level filter/recent, DocOrganiser rtf/properties)."
GameManagerRestore.vb,GameManagerRestore,GameManagerRestore_Load,Sub,MyBase.Load,GameManagerRestore.vb:88,none,,Divergence,WinForms list/cursor/notification/bg-progress/lifecycle/mouse-hover plumbing + display-only props.
GameManagerRestore.vb,GameManagerRestore,BtDelete_Click,Sub,BtDelete.Click,GameManagerRestore.vb:166,none,,Partial,"WizardBuilder transfer/display + GameManager archive/restore/activate/deactivate/delete actions (core ported, VB wiring divergent)."
GameManagerRestore.vb,GameManagerRestore,BtRestore_Click,Sub,BtRestore.Click,GameManagerRestore.vb:218,none,,Divergence,WinForms list/cursor/notification/bg-progress/lifecycle/mouse-hover plumbing + display-only props.
GameManagerRestore.vb,GameManagerRestore,BtClose_Click,Sub,BtClose.Click,GameManagerRestore.vb:230,none,,Divergence,"bounded read-only viewer port: VB filters/navigation/editors/bg-workers/Windows-shell handlers intentionally not ported (PARITY.md recurring pattern). SOME are owner-confirm candidates: ModExplorer filter subsystem, PortraitManager prev/next navigation."
GameManagerRestore.vb,GameManagerRestore,FvRanges_ItemSelectionChanged,Sub,FvRanges.ItemSelectionChanged,GameManagerRestore.vb:240,none,,Divergence,WinForms list/cursor/notification/bg-progress/lifecycle/mouse-hover plumbing + display-only props.
GameManagerRestore.vb,GameManagerRestore,FvGameSaves_Enter,Sub,FvGameSaves.Enter,GameManagerRestore.vb:252,none,,Divergence,"WinForms lifecycle/event/virtual-list/bg-worker + bounded-viewer extras (owner-confirm: ModPlayViewer end-level filter/recent, DocOrganiser rtf/properties)."
GameManagerRestore.vb,GameManagerRestore,FvGameSaves_ItemSelectionChanged,Sub,FvGameSaves.ItemSelectionChanged,GameManagerRestore.vb:263,none,,Divergence,WinForms list/cursor/notification/bg-progress/lifecycle/mouse-hover plumbing + display-only props.
GameManagerRestore.vb,GameManagerRestore,FvGameSaves_KeyPress,Sub,FvGameSaves.KeyPress,GameManagerRestore.vb:278,none,,Divergence,WinForms list/cursor/notification/bg-progress/lifecycle/mouse-hover plumbing + display-only props.
GameManagerRestore.vb,GameManagerRestore,FvGameSaves_Leave,Sub,FvGameSaves.Leave,GameManagerRestore.vb:289,none,,Divergence,"WinForms lifecycle/event/virtual-list/bg-worker + bounded-viewer extras (owner-confirm: ModPlayViewer end-level filter/recent, DocOrganiser rtf/properties)."
GameManagerRestore.vb,GameManagerRestore,LbLocation_MouseHover,Sub,"LbLocation.MouseHover, LbRange.MouseHover, LbLocationHdg.MouseHover,",GameManagerRestore.vb:297,none,,Divergence,WinForms list/cursor/notification/bg-progress/lifecycle/mouse-hover plumbing + display-only props.
GameManagerRestore.vb,GameManagerRestore,LbLocation_MouseLeave,Sub,"LbLocation.MouseLeave, LbRange.MouseLeave, LbLocationHdg.MouseLeave,",GameManagerRestore.vb:323,none,,Divergence,WinForms list/cursor/notification/bg-progress/lifecycle/mouse-hover plumbing + display-only props.
GameManagerRestore.vb,GameManagerRestore,LpActions_MouseMove,Sub,LpActions.MouseMove,GameManagerRestore.vb:337,none,,Divergence,WinForms lifecycle/event/virtual-list/background-worker/mouse-hover plumbing.
GameManagerRestore.vb,GameManagerRestore,CmOpen_Click,Sub,"CmOpen.Click, TsOpen.Click",GameManagerRestore.vb:350,none,,Divergence,"WinForms lifecycle/event/virtual-list/bg-worker + bounded-viewer extras (owner-confirm: ModPlayViewer end-level filter/recent, DocOrganiser rtf/properties)."
GameManagerRestore.vb,GameManagerRestore,CmCharacterSummary_Click,Sub,"CmCharacterSummary.Click, TsCharacterSummary.Click",GameManagerRestore.vb:359,none,,Divergence,"WinForms lifecycle/event/virtual-list/bg-worker + bounded-viewer extras (owner-confirm: ModPlayViewer end-level filter/recent, DocOrganiser rtf/properties)."
GameMapper.Workers.vb,GameMapper,BgModScanner_DoWork,Sub,BgModScanner.DoWork,GameMapper.Workers.vb:27,none,,Divergence,WinForms app-lifecycle/exception + dialog events + ListView map/web editors + bg-worker + colour constants + Windows taskbar.
GameMapper.Workers.vb,GameMapper,BgModScanner_ProgressChanged,Sub,BgModScanner.ProgressChanged,GameMapper.Workers.vb:55,none,,Divergence,WinForms app-lifecycle/exception + dialog events + ListView map/web editors + bg-worker + colour constants + Windows taskbar.
GameSaves.vb,GameSaves,BgSaveScanner_DoWork,Sub,BgSaveScanner.DoWork,GameSaves.vb:479,none,,Partial,bg-worker scan/size merged into sync refresh; backup-folder merge + archive-size + display-name bounded.
GameSaves.vb,GameSaves,BgSaveScanner_ProgressChanged,Sub,BgSaveScanner.ProgressChanged,GameSaves.vb:525,none,,Divergence,WinForms list/cursor/notification/bg-progress/lifecycle/mouse-hover plumbing + display-only props.
GameSaves.vb,GameSaves,BgFolderSizes_DoWork,Sub,BgFolderSizes.DoWork,GameSaves.vb:543,none,,Partial,bg-worker scan/size merged into sync refresh; backup-folder merge + archive-size + display-name bounded.
GameSaves.vb,GameSaves,BgFolderSizes_ProgressChanged,Sub,BgFolderSizes.ProgressChanged,GameSaves.vb:580,none,,Divergence,WinForms list/cursor/notification/bg-progress/lifecycle/mouse-hover plumbing + display-only props.
GameSavesPathDialogue.vb,GameSavesPathDialogue,GameSavesPathDialogue_Load,Sub,MyBase.Load,GameSavesPathDialogue.vb:59,none,,Divergence,WinForms list/cursor/notification/bg-progress/lifecycle/mouse-hover plumbing + display-only props.
GameSavesPathDialogue.vb,GameSavesPathDialogue,TxGameSaves_KeyPress,Sub,TxGameSaves.KeyPress,GameSavesPathDialogue.vb:148,none,,Divergence,WinForms list/cursor/notification/bg-progress/lifecycle/mouse-hover plumbing + display-only props.
GameSavesPathDialogue.vb,GameSavesPathDialogue,TxGameSaves_TextChanged,Sub,TxGameSaves.TextChanged,GameSavesPathDialogue.vb:156,none,,Divergence,WinForms list/cursor/notification/bg-progress/lifecycle/mouse-hover plumbing + display-only props.
GameSavesPathDialogue.vb,GameSavesPathDialogue,BuBrowse_Click,Sub,BuBrowse.Click,GameSavesPathDialogue.vb:174,none,,Deferred,CrashDumpManager (Windows crash dumps); ExtendedEditionDialogue (EE user-folder prompt; editions detection ported in editions.py/locations.py); AliasSectionEditor BOUNDED tail (reset-to-standard + game-saves shared/per-profile toggle) — the view/edit/save core is Ported (see alias_editor_ported).
GameSavesPathDialogue.vb,GameSavesPathDialogue,LvGameSaves_ItemClicked,Sub,LvGameSaves.ItemClicked,GameSavesPathDialogue.vb:197,none,,Divergence,WinForms list/cursor/notification/bg-progress/lifecycle/mouse-hover plumbing + display-only props.
GameSavesPathDialogue.vb,GameSavesPathDialogue,LvGameSaves_SelectedIndexChanged,Sub,LvGameSaves.SelectedIndexChanged,GameSavesPathDialogue.vb:210,none,,Divergence,WinForms list/cursor/notification/bg-progress/lifecycle/mouse-hover plumbing + display-only props.
GameSavesPathDialogue.vb,GameSavesPathDialogue,BtSave_Click,Sub,BtSave.Click,GameSavesPathDialogue.vb:222,strong,vaultkeeper/ui/controller.py,Ported,DocOrganiser/ModPlayViewer/WizardBuilder core report/view/save logic (subagent+orchestrator).
GameSavesPathDialogue.vb,GameSavesPathDialogue,BtCancel_Click,Sub,BtCancel.Click,GameSavesPathDialogue.vb:237,none,,Divergence,WinForms event/progress/UI plumbing refactored into controller/vault + bounded viewer (search/copy-paste/nav). Owner-confirm candidates: StartScreen export/copy-paste/search.
HakPatchEditor.vb,HakPatchEditor,HakPatchEditor_Load,Sub,MyBase.Load,HakPatchEditor.vb:30,none,,Ported,"Hak Patch editor ported: controller.patch_hak_sequence/save_patch_hak_sequence (reorder PatchFileSequence.txt + regenerate nwnpatch.ini) + ui/dialogs/hak_patch_editor.py (list + Move Up/Down + Save), wired MsHakPatchEditor."
HakPatchEditor.vb,HakPatchEditor,HakPatchEditor_Shown,Sub,Me.Shown,HakPatchEditor.vb:102,none,,Ported,"Hak Patch editor ported: controller.patch_hak_sequence/save_patch_hak_sequence (reorder PatchFileSequence.txt + regenerate nwnpatch.ini) + ui/dialogs/hak_patch_editor.py (list + Move Up/Down + Save), wired MsHakPatchEditor."
HakPatchEditor.vb,HakPatchEditor,LvPatchList_ItemClicked,Sub,LvPatchList.ItemClicked,HakPatchEditor.vb:114,none,,Divergence,HakPatchEditor WinForms virtual-list selection plumbing (port uses QListWidget currentRowChanged).
HakPatchEditor.vb,HakPatchEditor,LvPatchList_SelectedIndexChanged,Sub,LvPatchList.SelectedIndexChanged,HakPatchEditor.vb:126,none,,Divergence,HakPatchEditor WinForms virtual-list selection plumbing (port uses QListWidget currentRowChanged).
HakPatchEditor.vb,HakPatchEditor,MsMoveUp_Click,Sub,MsMoveUp.Click,HakPatchEditor.vb:143,none,,Ported,"Hak Patch editor ported: controller.patch_hak_sequence/save_patch_hak_sequence (reorder PatchFileSequence.txt + regenerate nwnpatch.ini) + ui/dialogs/hak_patch_editor.py (list + Move Up/Down + Save), wired MsHakPatchEditor."
HakPatchEditor.vb,HakPatchEditor,MsMoveDown_Click,Sub,MsMoveDown.Click,HakPatchEditor.vb:151,none,,Ported,"Hak Patch editor ported: controller.patch_hak_sequence/save_patch_hak_sequence (reorder PatchFileSequence.txt + regenerate nwnpatch.ini) + ui/dialogs/hak_patch_editor.py (list + Move Up/Down + Save), wired MsHakPatchEditor."
HakPatchEditor.vb,HakPatchEditor,CmMoveUp_Click,Sub,CmMoveUp.Click,HakPatchEditor.vb:159,none,,Ported,"Hak Patch editor ported: controller.patch_hak_sequence/save_patch_hak_sequence (reorder PatchFileSequence.txt + regenerate nwnpatch.ini) + ui/dialogs/hak_patch_editor.py (list + Move Up/Down + Save), wired MsHakPatchEditor."
HakPatchEditor.vb,HakPatchEditor,CmMoveDown_Click,Sub,CmMoveDown.Click,HakPatchEditor.vb:167,none,,Ported,"Hak Patch editor ported: controller.patch_hak_sequence/save_patch_hak_sequence (reorder PatchFileSequence.txt + regenerate nwnpatch.ini) + ui/dialogs/hak_patch_editor.py (list + Move Up/Down + Save), wired MsHakPatchEditor."
HakPatchEditor.vb,HakPatchEditor,BtSave_Click,Sub,BtSave.Click,HakPatchEditor.vb:202,strong,vaultkeeper/ui/controller.py,Ported,DocOrganiser/ModPlayViewer/WizardBuilder core report/view/save logic (subagent+orchestrator).
HakPatchEditor.vb,HakPatchEditor,BhHelp_Click,Sub,BhHelp.Click,HakPatchEditor.vb:222,none,,Ported,"Hak Patch editor ported: controller.patch_hak_sequence/save_patch_hak_sequence (reorder PatchFileSequence.txt + regenerate nwnpatch.ini) + ui/dialogs/hak_patch_editor.py (list + Move Up/Down + Save), wired MsHakPatchEditor."
InstallationAnalyser.vb,InstallationAnalyser,InstallationAnalyser_Load,Sub,MyBase.Load,InstallationAnalyser.vb:106,none,,Divergence,WinForms lifecycle/virtual-list/shell-integration/key plumbing.
InstallationAnalyser.vb,InstallationAnalyser,InstallationAnalyser_Shown,Sub,Me.Shown,InstallationAnalyser.vb:198,none,,Divergence,WinForms lifecycle/virtual-list/shell-integration/key plumbing.
InstallationAnalyser.vb,InstallationAnalyser,TsMiniDumpInfo_Click,Sub,TsMiniDumpInfo.Click,InstallationAnalyser.vb:213,none,,Deferred,"installation-sets editor BOUNDED tail (group add/remove selector, prune, sort-by-date, virtual-list plumbing) + nwm-convert + crash-dump. The manager core + apply + create/rename/delete are Ported (see install_sets_ported)."
InstallationAnalyser.vb,InstallationAnalyser,BtConvert_Click,Sub,BtConvert.Click,InstallationAnalyser.vb:249,none,,Deferred,"installation-sets editor BOUNDED tail (group add/remove selector, prune, sort-by-date, virtual-list plumbing) + nwm-convert + crash-dump. The manager core + apply + create/rename/delete are Ported (see install_sets_ported)."
InstallationAnalyser.vb,InstallationAnalyser,BtRefresh_Click,Sub,BtRefresh.Click,InstallationAnalyser.vb:270,none,,Divergence,WinForms lifecycle/virtual-list/shell-integration/key plumbing.
InstallationAnalyser.vb,InstallationAnalyser,BtSelect_Click,Sub,BtSelect.Click,InstallationAnalyser.vb:300,none,,Divergence,"bounded read-only viewer port: VB filters/navigation/editors/bg-workers/Windows-shell handlers intentionally not ported (PARITY.md recurring pattern). SOME are owner-confirm candidates: ModExplorer filter subsystem, PortraitManager prev/next navigation."
InstallationAnalyser.vb,InstallationAnalyser,BtClose_Click,Sub,BtClose.Click,InstallationAnalyser.vb:312,none,,Divergence,"bounded read-only viewer port: VB filters/navigation/editors/bg-workers/Windows-shell handlers intentionally not ported (PARITY.md recurring pattern). SOME are owner-confirm candidates: ModExplorer filter subsystem, PortraitManager prev/next navigation."
InstallationAnalyser.vb,InstallationAnalyser,CmOpenFolder_Click,Sub,CmOpenFolder.Click,InstallationAnalyser.vb:325,none,,Divergence,WinForms lifecycle/virtual-list/shell-integration/key plumbing.
InstallationAnalyser.vb,InstallationAnalyser,CmProperties_Click,Sub,CmProperties.Click,InstallationAnalyser.vb:334,none,,Deferred,ModFindAndRename (dead MsFindAndRename) + DocOrganiser Properties/Reset + wizard file-threshold.
InstallationAnalyser.vb,InstallationAnalyser,CmCharacterSummary_Click,Sub,CmCharacterSummary.Click,InstallationAnalyser.vb:348,none,,Divergence,"WinForms lifecycle/event/virtual-list/bg-worker + bounded-viewer extras (owner-confirm: ModPlayViewer end-level filter/recent, DocOrganiser rtf/properties)."
InstallationAnalyser.vb,InstallationAnalyser,LbFilesInFolder_Click,Sub,LbFilesInFolder.Click,InstallationAnalyser.vb:365,none,,Divergence,WinForms lifecycle/virtual-list/shell-integration/key plumbing.
InstallationAnalyser.vb,InstallationAnalyser,MiDetails_Click,Sub,MiDetails.Click,InstallationAnalyser.vb:373,none,,Divergence,WinForms lifecycle/virtual-list/shell-integration/key plumbing.
InstallationAnalyser.vb,InstallationAnalyser,Lv_ItemClicked,Sub,"LvFolders.ItemClicked, LvFiles.ItemClicked",InstallationAnalyser.vb:391,none,,Divergence,WinForms event/progress/UI plumbing refactored into controller/vault + bounded viewer (search/copy-paste/nav). Owner-confirm candidates: StartScreen export/copy-paste/search.
InstallationAnalyser.vb,InstallationAnalyser,LvFolders_SelectedIndexChanged,Sub,LvFolders.SelectedIndexChanged,InstallationAnalyser.vb:414,none,,Ported,install engine + rename + analyser browser report (subagent-swept).
InstallationAnalyser.vb,InstallationAnalyser,LvFolders_MouseDoubleClick,Sub,LvFolders.MouseDoubleClick,InstallationAnalyser.vb:431,none,,Divergence,WinForms lifecycle/virtual-list/shell-integration/key plumbing.
InstallationAnalyser.vb,InstallationAnalyser,LvFiles_Enter,Sub,LvFiles.Enter,InstallationAnalyser.vb:439,none,,Divergence,WinForms lifecycle/virtual-list/shell-integration/key plumbing.
InstallationAnalyser.vb,InstallationAnalyser,LvFiles_Leave,Sub,LvFiles.Leave,InstallationAnalyser.vb:450,none,,Divergence,WinForms lifecycle/virtual-list/shell-integration/key plumbing.
InstallationAnalyser.vb,InstallationAnalyser,LvFiles_RetrieveVirtualItem,Sub,LvFiles.RetrieveVirtualItem,InstallationAnalyser.vb:460,none,,Divergence,WinForms lifecycle/virtual-list/shell-integration/key plumbing.
InstallationAnalyser.vb,InstallationAnalyser,LvFiles_SelectedIndexChanged,Sub,LvFiles.SelectedIndexChanged,InstallationAnalyser.vb:504,none,,Ported,install engine + rename + analyser browser report (subagent-swept).
InstallationAnalyser.vb,InstallationAnalyser,LvFiles_MouseDoubleClick,Sub,LvFiles.MouseDoubleClick,InstallationAnalyser.vb:519,none,,Divergence,WinForms lifecycle/virtual-list/shell-integration/key plumbing.
InstallationAnalyser.vb,InstallationAnalyser,BhInstallationAnalyser_Click,Sub,BhInstallationAnalyser.Click,InstallationAnalyser.vb:721,none,,Divergence,WinForms lifecycle/virtual-list/shell-integration/key plumbing.
InstallationManagerEditor.vb,InstallationManagerEditor,InstallationManager_Load,Sub,MyBase.Load,InstallationManagerEditor.vb:110,none,,Divergence,WinForms lifecycle/virtual-list/shell-integration/key plumbing.
InstallationManagerEditor.vb,InstallationManagerEditor,InstallationManager_Shown,Sub,Me.Shown,InstallationManagerEditor.vb:232,none,,Divergence,WinForms lifecycle/virtual-list/shell-integration/key plumbing.
InstallationManagerEditor.vb,InstallationManagerEditor,InstallationManagerEditor_FormClosing,Sub,Me.FormClosing,InstallationManagerEditor.vb:244,none,,Divergence,WinForms lifecycle/virtual-list/shell-integration/key plumbing.
InstallationManagerEditor.vb,InstallationManagerEditor,BtApply_Click,Sub,BtApply.Click,InstallationManagerEditor.vb:268,strong,vaultkeeper/ui/dialogs/character_filter.py,Deferred,ModFindAndRename (dead MsFindAndRename) + DocOrganiser Properties/Reset + wizard file-threshold.
InstallationManagerEditor.vb,InstallationManagerEditor,BtSave_Click,Sub,BtSave.Click,InstallationManagerEditor.vb:320,strong,vaultkeeper/ui/controller.py,Ported,DocOrganiser/ModPlayViewer/WizardBuilder core report/view/save logic (subagent+orchestrator).
InstallationManagerEditor.vb,InstallationManagerEditor,BtCancel_Click,Sub,BtCancel.Click,InstallationManagerEditor.vb:332,none,,Divergence,WinForms event/progress/UI plumbing refactored into controller/vault + bounded viewer (search/copy-paste/nav). Owner-confirm candidates: StartScreen export/copy-paste/search.
InstallationManagerEditor.vb,InstallationManagerEditor,TsCheckpoint_Click,Sub,TsCheckpoint.Click,InstallationManagerEditor.vb:347,none,,Ported,"Installation sets ported: game/installation_sets.py (data model + apply-diff + validate + JSON) + controller load/save/create_checkpoint/create_set/rename/delete/apply + ui/dialogs/installation_manager.py editor, wired MsInstallationManager/RbnInstallationManager."
InstallationManagerEditor.vb,InstallationManagerEditor,TsCreateSet_Click,Sub,TsCreateSet.Click,InstallationManagerEditor.vb:359,none,,Ported,"Installation sets ported: game/installation_sets.py (data model + apply-diff + validate + JSON) + controller load/save/create_checkpoint/create_set/rename/delete/apply + ui/dialogs/installation_manager.py editor, wired MsInstallationManager/RbnInstallationManager."
InstallationManagerEditor.vb,InstallationManagerEditor,TsRename_Click,Sub,TsRename.Click,InstallationManagerEditor.vb:381,none,,Ported,"Installation sets ported: game/installation_sets.py (data model + apply-diff + validate + JSON) + controller load/save/create_checkpoint/create_set/rename/delete/apply + ui/dialogs/installation_manager.py editor, wired MsInstallationManager/RbnInstallationManager."
InstallationManagerEditor.vb,InstallationManagerEditor,TsPrune_Click,Sub,TsPrune.Click,InstallationManagerEditor.vb:398,none,,Deferred,"installation-sets editor BOUNDED tail (group add/remove selector, prune, sort-by-date, virtual-list plumbing) + nwm-convert + crash-dump. The manager core + apply + create/rename/delete are Ported (see install_sets_ported)."
InstallationManagerEditor.vb,InstallationManagerEditor,TsDelete_Click,Sub,TsDelete.Click,InstallationManagerEditor.vb:424,none,,Partial,"WizardBuilder transfer/display + GameManager archive/restore/activate/deactivate/delete actions (core ported, VB wiring divergent)."
InstallationManagerEditor.vb,InstallationManagerEditor,TsSortBy_Click,Sub,"TsUpdated.Click, TsCreated.Click, TsSetName.Click",InstallationManagerEditor.vb:440,none,,Deferred,"installation-sets editor BOUNDED tail (group add/remove selector, prune, sort-by-date, virtual-list plumbing) + nwm-convert + crash-dump. The manager core + apply + create/rename/delete are Ported (see install_sets_ported)."
InstallationManagerEditor.vb,InstallationManagerEditor,TsSortOrder_Click,Sub,"TsAscending.Click, TsDescending.Click",InstallationManagerEditor.vb:476,none,,Deferred,"installation-sets editor BOUNDED tail (group add/remove selector, prune, sort-by-date, virtual-list plumbing) + nwm-convert + crash-dump. The manager core + apply + create/rename/delete are Ported (see install_sets_ported)."
InstallationManagerEditor.vb,InstallationManagerEditor,TsGroupSelector_Click,Sub,TsGroupSelector.Click,InstallationManagerEditor.vb:500,none,,Deferred,"installation-sets editor BOUNDED tail (group add/remove selector, prune, sort-by-date, virtual-list plumbing) + nwm-convert + crash-dump. The manager core + apply + create/rename/delete are Ported (see install_sets_ported)."
InstallationManagerEditor.vb,InstallationManagerEditor,BhInstallationManager_Click,Sub,BhInstallationManager.Click,InstallationManagerEditor.vb:515,none,,Divergence,WinForms lifecycle/virtual-list/shell-integration/key plumbing.
InstallationManagerEditor.vb,InstallationManagerEditor,LvSets_Enter,Sub,LvSets.Enter,InstallationManagerEditor.vb:528,none,,Deferred,"installation-sets editor BOUNDED tail (group add/remove selector, prune, sort-by-date, virtual-list plumbing) + nwm-convert + crash-dump. The manager core + apply + create/rename/delete are Ported (see install_sets_ported)."
InstallationManagerEditor.vb,InstallationManagerEditor,LvSets_RetrieveVirtualItem,Sub,LvSets.RetrieveVirtualItem,InstallationManagerEditor.vb:538,none,,Deferred,"installation-sets editor BOUNDED tail (group add/remove selector, prune, sort-by-date, virtual-list plumbing) + nwm-convert + crash-dump. The manager core + apply + create/rename/delete are Ported (see install_sets_ported)."
InstallationManagerEditor.vb,InstallationManagerEditor,LvSets_ItemClicked,Sub,LvSets.ItemClicked,InstallationManagerEditor.vb:563,none,,Deferred,"installation-sets editor BOUNDED tail (group add/remove selector, prune, sort-by-date, virtual-list plumbing) + nwm-convert + crash-dump. The manager core + apply + create/rename/delete are Ported (see install_sets_ported)."
InstallationManagerEditor.vb,InstallationManagerEditor,LvSets_SelectedIndexChanged,Sub,LvSets.SelectedIndexChanged,InstallationManagerEditor.vb:608,none,,Deferred,"installation-sets editor BOUNDED tail (group add/remove selector, prune, sort-by-date, virtual-list plumbing) + nwm-convert + crash-dump. The manager core + apply + create/rename/delete are Ported (see install_sets_ported)."
InstallationManagerEditor.vb,InstallationManagerEditor,LvSets_Leave,Sub,LvSets.Leave,InstallationManagerEditor.vb:635,none,,Divergence,WinForms lifecycle/virtual-list/shell-integration/key plumbing.
InstallationManagerEditor.vb,InstallationManagerEditor,LvGroups_RetrieveVirtualItem,Sub,LvGroups.RetrieveVirtualItem,InstallationManagerEditor.vb:649,none,,Deferred,"installation-sets editor BOUNDED tail (group add/remove selector, prune, sort-by-date, virtual-list plumbing) + nwm-convert + crash-dump. The manager core + apply + create/rename/delete are Ported (see install_sets_ported)."
InstallationManagerEditor.vb,InstallationManagerEditor,LvGroups_SelectedIndexChanged,Sub,LvGroups.SelectedIndexChanged,InstallationManagerEditor.vb:670,none,,Deferred,"installation-sets editor BOUNDED tail (group add/remove selector, prune, sort-by-date, virtual-list plumbing) + nwm-convert + crash-dump. The manager core + apply + create/rename/delete are Ported (see install_sets_ported)."
InstallationManagerEditor.vb,InstallationManagerEditor,LvGroups_ItemClicked,Sub,LvGroups.ItemClicked,InstallationManagerEditor.vb:687,none,,Deferred,"installation-sets editor BOUNDED tail (group add/remove selector, prune, sort-by-date, virtual-list plumbing) + nwm-convert + crash-dump. The manager core + apply + create/rename/delete are Ported (see install_sets_ported)."
InstallationManagerEditor.vb,InstallationManagerEditor,LvMods_RetrieveVirtualItem,Sub,LvMods.RetrieveVirtualItem,InstallationManagerEditor.vb:726,none,,Deferred,ModFindAndRename (dead MsFindAndRename) + DocOrganiser Properties/Reset + wizard file-threshold.
InstallationManagerEditor.vb,InstallationManagerEditor,LvMods_ItemClicked,Sub,LvMods.ItemClicked,InstallationManagerEditor.vb:746,none,,Deferred,ModFindAndRename (dead MsFindAndRename) + DocOrganiser Properties/Reset + wizard file-threshold.
InstallationManagerEditor.vb,InstallationManagerEditor,LvGroupSelector_ItemCheck,Sub,LvGroupSelector.ItemCheck,InstallationManagerEditor.vb:779,none,,Deferred,"installation-sets editor BOUNDED tail (group add/remove selector, prune, sort-by-date, virtual-list plumbing) + nwm-convert + crash-dump. The manager core + apply + create/rename/delete are Ported (see install_sets_ported)."
MenuItemEditor.vb,MenuItemEditor,MenuItemEditor_Load,Sub,MyBase.Load,MenuItemEditor.vb:188,none,,Divergence,WinForms lifecycle/event/virtual-list/background-worker/mouse-hover plumbing.
MenuItemEditor.vb,MenuItemEditor,MenuItemEditor_Shown,Sub,Me.Shown,MenuItemEditor.vb:295,none,,Divergence,WinForms lifecycle/event/virtual-list/background-worker/mouse-hover plumbing.
MenuItemEditor.vb,MenuItemEditor,BtCancel_Click,Sub,BtCancel.Click,MenuItemEditor.vb:309,none,,Divergence,WinForms event/progress/UI plumbing refactored into controller/vault + bounded viewer (search/copy-paste/nav). Owner-confirm candidates: StartScreen export/copy-paste/search.
MenuItemEditor.vb,MenuItemEditor,BtSave_Click,Sub,BtSave.Click,MenuItemEditor.vb:320,strong,vaultkeeper/ui/controller.py,Ported,DocOrganiser/ModPlayViewer/WizardBuilder core report/view/save logic (subagent+orchestrator).
MenuItemEditor.vb,MenuItemEditor,TxMenuText_KeyPress,Sub,TxMenuText.KeyPress,MenuItemEditor.vb:482,none,,Divergence,WinForms lifecycle/event/virtual-list/background-worker/mouse-hover plumbing.
MenuItemEditor.vb,MenuItemEditor,TxMenuText_TextChanged,Sub,TxMenuText.TextChanged,MenuItemEditor.vb:500,none,,Divergence,WinForms lifecycle/event/virtual-list/background-worker/mouse-hover plumbing.
ModExplorer.ListManager.vb,ModExplorer,BgPopulate_DoWork,Sub,BgPopulate.DoWork,ModExplorer.ListManager.vb:45,none,,Divergence,"VB per-preference ListView-editor plumbing (Preferences/Advanced/MenuCommon/MapExceptions pages), ModExplorer rating/prefix/operand filters + virtual-list/bg-worker, and ModView WinForms events / cosmetic icons+tooltips. Bounded port = tabbed Settings dialog + name/state/completed ModExplorer filter."
ModExplorer.ListManager.vb,ModExplorer,BgPopulate_ProgressChanged,Sub,BgPopulate.ProgressChanged,ModExplorer.ListManager.vb:77,none,,Divergence,"VB per-preference ListView-editor plumbing (Preferences/Advanced/MenuCommon/MapExceptions pages), ModExplorer rating/prefix/operand filters + virtual-list/bg-worker, and ModView WinForms events / cosmetic icons+tooltips. Bounded port = tabbed Settings dialog + name/state/completed ModExplorer filter."
ModExplorer.ListManager.vb,ModExplorer,LvExplorer_RetrieveVirtualItem,Sub,LvExplorer.RetrieveVirtualItem,ModExplorer.ListManager.vb:326,none,,Divergence,"VB per-preference ListView-editor plumbing (Preferences/Advanced/MenuCommon/MapExceptions pages), ModExplorer rating/prefix/operand filters + virtual-list/bg-worker, and ModView WinForms events / cosmetic icons+tooltips. Bounded port = tabbed Settings dialog + name/state/completed ModExplorer filter."
ModExplorer.ListManager.vb,ModExplorer,LvExplorer_SelectedIndexChanged,Sub,LvExplorer.SelectedIndexChanged,ModExplorer.ListManager.vb:352,none,,Divergence,"VB per-preference ListView-editor plumbing (Preferences/Advanced/MenuCommon/MapExceptions pages), ModExplorer rating/prefix/operand filters + virtual-list/bg-worker, and ModView WinForms events / cosmetic icons+tooltips. Bounded port = tabbed Settings dialog + name/state/completed ModExplorer filter."
ModExplorer.vb,ModExplorer,ModExplorer_Load,Sub,MyBase.Load,ModExplorer.vb:42,none,,Partial,"viewer shell + core present; VB richness simplified (haiku swept, orchestrator-verified)."
ModExplorer.vb,ModExplorer,ModExplorer_Shown,Sub,Me.Shown,ModExplorer.vb:365,none,,Partial,"viewer shell + core present; VB richness simplified (haiku swept, orchestrator-verified)."
ModExplorer.vb,ModExplorer,TsCharacter_Click,Sub,TsCharacter.Click,ModExplorer.vb:377,none,,Divergence,"bounded read-only viewer port: VB filters/navigation/editors/bg-workers/Windows-shell handlers intentionally not ported (PARITY.md recurring pattern). SOME are owner-confirm candidates: ModExplorer filter subsystem, PortraitManager prev/next navigation."
ModExplorer.vb,ModExplorer,BtSelect_Click,Sub,BtSelect.Click,ModExplorer.vb:394,none,,Divergence,"bounded read-only viewer port: VB filters/navigation/editors/bg-workers/Windows-shell handlers intentionally not ported (PARITY.md recurring pattern). SOME are owner-confirm candidates: ModExplorer filter subsystem, PortraitManager prev/next navigation."
ModExplorer.vb,ModExplorer,BtClose_Click,Sub,BtClose.Click,ModExplorer.vb:408,none,,Divergence,"bounded read-only viewer port: VB filters/navigation/editors/bg-workers/Windows-shell handlers intentionally not ported (PARITY.md recurring pattern). SOME are owner-confirm candidates: ModExplorer filter subsystem, PortraitManager prev/next navigation."
ModExplorer.vb,ModExplorer,ModExplorer_FormClosing,Sub,Me.FormClosing,ModExplorer.vb:416,none,,Divergence,"bounded read-only viewer port: VB filters/navigation/editors/bg-workers/Windows-shell handlers intentionally not ported (PARITY.md recurring pattern). SOME are owner-confirm candidates: ModExplorer filter subsystem, PortraitManager prev/next navigation."
ModExplorer.vb,ModExplorer,ScMain_SplitterMoved,Sub,ScMain.SplitterMoved,ModExplorer.vb:477,none,,Divergence,"bounded read-only viewer port: VB filters/navigation/editors/bg-workers/Windows-shell handlers intentionally not ported (PARITY.md recurring pattern). SOME are owner-confirm candidates: ModExplorer filter subsystem, PortraitManager prev/next navigation."
ModExplorer.vb,ModExplorer,RttNotes_RichTextContentSaved,Sub,RttNotes.RichTextContentSaved,ModExplorer.vb:502,none,,Divergence,"bounded read-only viewer port: VB filters/navigation/editors/bg-workers/Windows-shell handlers intentionally not ported (PARITY.md recurring pattern). SOME are owner-confirm candidates: ModExplorer filter subsystem, PortraitManager prev/next navigation."
ModExplorer.vb,ModExplorer,LvExplorer_KeyPress,Sub,LvExplorer.KeyPress,ModExplorer.vb:512,none,,Divergence,"bounded read-only viewer port: VB filters/navigation/editors/bg-workers/Windows-shell handlers intentionally not ported (PARITY.md recurring pattern). SOME are owner-confirm candidates: ModExplorer filter subsystem, PortraitManager prev/next navigation."
ModExplorer.vb,ModExplorer,TsModStateFilter_MouseEnter,Sub,TsModStateFilter.MouseEnter,ModExplorer.vb:645,none,,Divergence,"bounded read-only viewer port: VB filters/navigation/editors/bg-workers/Windows-shell handlers intentionally not ported (PARITY.md recurring pattern). SOME are owner-confirm candidates: ModExplorer filter subsystem, PortraitManager prev/next navigation."
ModExplorer.vb,ModExplorer,TsModStateFilter_MouseLeave,Sub,TsModStateFilter.MouseLeave,ModExplorer.vb:653,none,,Divergence,"bounded read-only viewer port: VB filters/navigation/editors/bg-workers/Windows-shell handlers intentionally not ported (PARITY.md recurring pattern). SOME are owner-confirm candidates: ModExplorer filter subsystem, PortraitManager prev/next navigation."
ModExplorer.vb,ModExplorer,TsStateClear_Click,Sub,TsStateClear.Click,ModExplorer.vb:661,none,,Divergence,"bounded read-only viewer port: VB filters/navigation/editors/bg-workers/Windows-shell handlers intentionally not ported (PARITY.md recurring pattern). SOME are owner-confirm candidates: ModExplorer filter subsystem, PortraitManager prev/next navigation."
ModExplorer.vb,ModExplorer,TsStateOperand_Click,Sub,"TsStateGreater.Click, TsStateLess.Click, TsStateEqual.Click",ModExplorer.vb:678,none,,Divergence,"bounded read-only viewer port: VB filters/navigation/editors/bg-workers/Windows-shell handlers intentionally not ported (PARITY.md recurring pattern). SOME are owner-confirm candidates: ModExplorer filter subsystem, PortraitManager prev/next navigation."
ModExplorer.vb,ModExplorer,CmClear_Click,Sub,CmClear.Click,ModExplorer.vb:741,none,,Divergence,"bounded read-only viewer port: VB filters/navigation/editors/bg-workers/Windows-shell handlers intentionally not ported (PARITY.md recurring pattern). SOME are owner-confirm candidates: ModExplorer filter subsystem, PortraitManager prev/next navigation."
ModExplorer.vb,ModExplorer,CmOperand_Click,Sub,"CmGreater.Click, CmLess.Click, CmEqual.Click",ModExplorer.vb:754,none,,Divergence,"bounded read-only viewer port: VB filters/navigation/editors/bg-workers/Windows-shell handlers intentionally not ported (PARITY.md recurring pattern). SOME are owner-confirm candidates: ModExplorer filter subsystem, PortraitManager prev/next navigation."
ModExplorer.vb,ModExplorer,TxRating_KeyDown,Sub,TxRating.KeyDown,ModExplorer.vb:811,none,,Divergence,"bounded read-only viewer port: VB filters/navigation/editors/bg-workers/Windows-shell handlers intentionally not ported (PARITY.md recurring pattern). SOME are owner-confirm candidates: ModExplorer filter subsystem, PortraitManager prev/next navigation."
ModExplorer.vb,ModExplorer,TxRating_Click,Sub,TxRating.Click,ModExplorer.vb:821,none,,Divergence,"bounded read-only viewer port: VB filters/navigation/editors/bg-workers/Windows-shell handlers intentionally not ported (PARITY.md recurring pattern). SOME are owner-confirm candidates: ModExplorer filter subsystem, PortraitManager prev/next navigation."
ModExplorer.vb,ModExplorer,TsClearTextFilters_Click,Sub,TsClearTextFilters.Click,ModExplorer.vb:833,none,,Divergence,"bounded read-only viewer port: VB filters/navigation/editors/bg-workers/Windows-shell handlers intentionally not ported (PARITY.md recurring pattern). SOME are owner-confirm candidates: ModExplorer filter subsystem, PortraitManager prev/next navigation."
ModExplorer.vb,ModExplorer,TsClearNotesFilter_Click,Sub,TsClearNotesFilter.Click,ModExplorer.vb:863,none,,Divergence,"bounded read-only viewer port: VB filters/navigation/editors/bg-workers/Windows-shell handlers intentionally not ported (PARITY.md recurring pattern). SOME are owner-confirm candidates: ModExplorer filter subsystem, PortraitManager prev/next navigation."
ModExplorer.vb,ModExplorer,TsHelpExplorer_Click,Sub,TsHelpExplorer.Click,ModExplorer.vb:889,none,,Divergence,"bounded read-only viewer port: VB filters/navigation/editors/bg-workers/Windows-shell handlers intentionally not ported (PARITY.md recurring pattern). SOME are owner-confirm candidates: ModExplorer filter subsystem, PortraitManager prev/next navigation."
ModExplorer.vb,ModExplorer,TsCopyNames_Click,Sub,"TsCopyNames.Click, CmCopyNames.Click",ModExplorer.vb:897,none,,Divergence,"bounded read-only viewer port: VB filters/navigation/editors/bg-workers/Windows-shell handlers intentionally not ported (PARITY.md recurring pattern). SOME are owner-confirm candidates: ModExplorer filter subsystem, PortraitManager prev/next navigation."
ModExplorer.vb,ModExplorer,TsAddToRecentMods_Click,Sub,"TsAddToRecentMods.Click, CmAddToRecentMods.Click",ModExplorer.vb:913,none,,Divergence,"bounded read-only viewer port: VB filters/navigation/editors/bg-workers/Windows-shell handlers intentionally not ported (PARITY.md recurring pattern). SOME are owner-confirm candidates: ModExplorer filter subsystem, PortraitManager prev/next navigation."
ModExplorer.vb,ModExplorer,LvGroupFilters_ColumnClick,Sub,LvGroupFilters.ColumnClick,ModExplorer.vb:934,none,,Divergence,"bounded read-only viewer port: VB filters/navigation/editors/bg-workers/Windows-shell handlers intentionally not ported (PARITY.md recurring pattern). SOME are owner-confirm candidates: ModExplorer filter subsystem, PortraitManager prev/next navigation."
ModExplorer.vb,ModExplorer,TsUndoGroups_Click,Sub,TsUndoGroups.Click,ModExplorer.vb:942,none,,Divergence,"bounded read-only viewer port: VB filters/navigation/editors/bg-workers/Windows-shell handlers intentionally not ported (PARITY.md recurring pattern). SOME are owner-confirm candidates: ModExplorer filter subsystem, PortraitManager prev/next navigation."
ModExplorer.vb,ModExplorer,LvPrefixFilters_ColumnClick,Sub,LvPrefixFilters.ColumnClick,ModExplorer.vb:955,none,,Divergence,"bounded read-only viewer port: VB filters/navigation/editors/bg-workers/Windows-shell handlers intentionally not ported (PARITY.md recurring pattern). SOME are owner-confirm candidates: ModExplorer filter subsystem, PortraitManager prev/next navigation."
ModExplorer.vb,ModExplorer,TsAddPrefix_Click,Sub,TsAddPrefix.Click,ModExplorer.vb:964,none,,Divergence,"bounded read-only viewer port: VB filters/navigation/editors/bg-workers/Windows-shell handlers intentionally not ported (PARITY.md recurring pattern). SOME are owner-confirm candidates: ModExplorer filter subsystem, PortraitManager prev/next navigation."
ModExplorer.vb,ModExplorer,TsEditPrefix_Click,Sub,TsEditPrefix.Click,ModExplorer.vb:975,none,,Divergence,"bounded read-only viewer port: VB filters/navigation/editors/bg-workers/Windows-shell handlers intentionally not ported (PARITY.md recurring pattern). SOME are owner-confirm candidates: ModExplorer filter subsystem, PortraitManager prev/next navigation."
ModExplorer.vb,ModExplorer,TsUndoPrefix_Click,Sub,TsUndoPrefix.Click,ModExplorer.vb:991,none,,Divergence,"bounded read-only viewer port: VB filters/navigation/editors/bg-workers/Windows-shell handlers intentionally not ported (PARITY.md recurring pattern). SOME are owner-confirm candidates: ModExplorer filter subsystem, PortraitManager prev/next navigation."
ModExplorer.vb,ModExplorer,LvPrefixFilters_Enter,Sub,LvPrefixFilters.Enter,ModExplorer.vb:1005,none,,Divergence,"bounded read-only viewer port: VB filters/navigation/editors/bg-workers/Windows-shell handlers intentionally not ported (PARITY.md recurring pattern). SOME are owner-confirm candidates: ModExplorer filter subsystem, PortraitManager prev/next navigation."
ModExplorer.vb,ModExplorer,LvPrefixFilters_Leave,Sub,LvPrefixFilters.Leave,ModExplorer.vb:1015,none,,Divergence,"bounded read-only viewer port: VB filters/navigation/editors/bg-workers/Windows-shell handlers intentionally not ported (PARITY.md recurring pattern). SOME are owner-confirm candidates: ModExplorer filter subsystem, PortraitManager prev/next navigation."
ModExplorer.vb,ModExplorer,TsRemovePrefix_Click,Sub,TsRemovePrefix.Click,ModExplorer.vb:1025,none,,Divergence,"bounded read-only viewer port: VB filters/navigation/editors/bg-workers/Windows-shell handlers intentionally not ported (PARITY.md recurring pattern). SOME are owner-confirm candidates: ModExplorer filter subsystem, PortraitManager prev/next navigation."
ModExplorer.vb,ModExplorer,BgNotes_DoWork,Sub,BgNotes.DoWork,ModExplorer.vb:1099,none,,Divergence,"bounded read-only viewer port: VB filters/navigation/editors/bg-workers/Windows-shell handlers intentionally not ported (PARITY.md recurring pattern). SOME are owner-confirm candidates: ModExplorer filter subsystem, PortraitManager prev/next navigation."
ModExplorer.vb,ModExplorer,BgNotes_ProgressChanged,Sub,BgNotes.ProgressChanged,ModExplorer.vb:1131,none,,Divergence,"bounded read-only viewer port: VB filters/navigation/editors/bg-workers/Windows-shell handlers intentionally not ported (PARITY.md recurring pattern). SOME are owner-confirm candidates: ModExplorer filter subsystem, PortraitManager prev/next navigation."
ModExplorer.vb,ModExplorer,BgNotes_RunWorkerCompleted,Sub,BgNotes.RunWorkerCompleted,ModExplorer.vb:1141,none,,Divergence,"bounded read-only viewer port: VB filters/navigation/editors/bg-workers/Windows-shell handlers intentionally not ported (PARITY.md recurring pattern). SOME are owner-confirm candidates: ModExplorer filter subsystem, PortraitManager prev/next navigation."
ModFindAndRename.vb,ModFindAndRename,ModFindAndReplace_Load,Sub,MyBase.Load,ModFindAndRename.vb:53,none,,Deferred,ModFindAndRename (dead MsFindAndRename) + DocOrganiser Properties/Reset + wizard file-threshold.
ModFindAndRename.vb,ModFindAndRename,BtApply_Click,Sub,BtApply.Click,ModFindAndRename.vb:133,strong,vaultkeeper/ui/dialogs/character_filter.py,Deferred,ModFindAndRename (dead MsFindAndRename) + DocOrganiser Properties/Reset + wizard file-threshold.
ModFindAndRename.vb,ModFindAndRename,LvMods_RetrieveVirtualItem,Sub,LvMods.RetrieveVirtualItem,ModFindAndRename.vb:241,none,,Deferred,ModFindAndRename (dead MsFindAndRename) + DocOrganiser Properties/Reset + wizard file-threshold.
ModFindAndRename.vb,ModFindAndRename,LvMods_SelectedIndexChanged,Sub,LvMods.SelectedIndexChanged,ModFindAndRename.vb:262,none,,Deferred,ModFindAndRename (dead MsFindAndRename) + DocOrganiser Properties/Reset + wizard file-threshold.
ModFindAndRename.vb,ModFindAndRename,LvMods_ItemClicked,Sub,LvMods.ItemClicked,ModFindAndRename.vb:278,none,,Deferred,ModFindAndRename (dead MsFindAndRename) + DocOrganiser Properties/Reset + wizard file-threshold.
ModFindAndRename.vb,ModFindAndRename,LvMods_MouseDoubleClick,Sub,LvMods.MouseDoubleClick,ModFindAndRename.vb:292,none,,Deferred,ModFindAndRename (dead MsFindAndRename) + DocOrganiser Properties/Reset + wizard file-threshold.
ModFindAndRename.vb,ModFindAndRename,BuClearFind_Click,Sub,BuClearFind.Click,ModFindAndRename.vb:308,none,,Deferred,ModFindAndRename (dead MsFindAndRename) + DocOrganiser Properties/Reset + wizard file-threshold.
ModFindAndRename.vb,ModFindAndRename,BuClearReplace_Click,Sub,BuClearReplace.Click,ModFindAndRename.vb:317,none,,Deferred,ModFindAndRename (dead MsFindAndRename) + DocOrganiser Properties/Reset + wizard file-threshold.
ModFindAndRename.vb,ModFindAndRename,CbMatchStart_CheckedChanged,Sub,CbMatchStart.CheckedChanged,ModFindAndRename.vb:326,none,,Deferred,ModFindAndRename (dead MsFindAndRename) + DocOrganiser Properties/Reset + wizard file-threshold.
ModFindAndRename.vb,ModFindAndRename,CbMatchCase_CheckedChanged,Sub,CbMatchCase.CheckedChanged,ModFindAndRename.vb:339,none,,Deferred,ModFindAndRename (dead MsFindAndRename) + DocOrganiser Properties/Reset + wizard file-threshold.
ModFindAndRename.vb,ModFindAndRename,TxFind_KeyDown,Sub,TxFind.KeyDown,ModFindAndRename.vb:352,none,,Deferred,ModFindAndRename (dead MsFindAndRename) + DocOrganiser Properties/Reset + wizard file-threshold.
ModFindAndRename.vb,ModFindAndRename,TxFind_TextChanged,Sub,TxFind.TextChanged,ModFindAndRename.vb:366,none,,Deferred,ModFindAndRename (dead MsFindAndRename) + DocOrganiser Properties/Reset + wizard file-threshold.
ModFindAndRename.vb,ModFindAndRename,TxReplace_KeyPress,Sub,"TxFind.KeyPress, TxReplace.KeyPress",ModFindAndRename.vb:407,none,,Deferred,ModFindAndRename (dead MsFindAndRename) + DocOrganiser Properties/Reset + wizard file-threshold.
ModFindAndRename.vb,ModFindAndRename,TxReplace_TextChanged,Sub,TxReplace.TextChanged,ModFindAndRename.vb:417,none,,Deferred,ModFindAndRename (dead MsFindAndRename) + DocOrganiser Properties/Reset + wizard file-threshold.
ModFindAndRename.vb,ModFindAndRename,TxReplace_KeyDown,Sub,TxReplace.KeyDown,ModFindAndRename.vb:427,none,,Deferred,ModFindAndRename (dead MsFindAndRename) + DocOrganiser Properties/Reset + wizard file-threshold.
ModFindAndRename.vb,ModFindAndRename,TsFindNext_Click,Sub,TsFindNext.Click,ModFindAndRename.vb:449,none,,Deferred,ModFindAndRename (dead MsFindAndRename) + DocOrganiser Properties/Reset + wizard file-threshold.
ModFindAndRename.vb,ModFindAndRename,TsReplace_Click,Sub,TsReplace.Click,ModFindAndRename.vb:466,none,,Deferred,ModFindAndRename (dead MsFindAndRename) + DocOrganiser Properties/Reset + wizard file-threshold.
ModFindAndRename.vb,ModFindAndRename,TsReplaceAll_Click,Sub,TsReplaceAll.Click,ModFindAndRename.vb:487,none,,Deferred,ModFindAndRename (dead MsFindAndRename) + DocOrganiser Properties/Reset + wizard file-threshold.
ModFindAndRename.vb,ModFindAndRename,TsUndo_Click,Sub,TsUndo.Click,ModFindAndRename.vb:509,none,,Deferred,ModFindAndRename (dead MsFindAndRename) + DocOrganiser Properties/Reset + wizard file-threshold.
ModFindAndRename.vb,ModFindAndRename,TsUndoAll_Click,Sub,TsUndoAll.Click,ModFindAndRename.vb:534,none,,Deferred,ModFindAndRename (dead MsFindAndRename) + DocOrganiser Properties/Reset + wizard file-threshold.
ModFindAndRename.vb,ModFindAndRename,TsHelpFindAndRename_Click,Sub,TsHelpFindAndRename.Click,ModFindAndRename.vb:570,none,,Deferred,ModFindAndRename (dead MsFindAndRename) + DocOrganiser Properties/Reset + wizard file-threshold.
ModFindAndRename.vb,ModFindAndRename,BgReplaceAll_DoWork,Sub,BgReplaceAll.DoWork,ModFindAndRename.vb:685,none,,Deferred,ModFindAndRename (dead MsFindAndRename) + DocOrganiser Properties/Reset + wizard file-threshold.
ModFindAndRename.vb,ModFindAndRename,BgReplaceAll_ProgressChanged,Sub,BgReplaceAll.ProgressChanged,ModFindAndRename.vb:693,none,,Deferred,ModFindAndRename (dead MsFindAndRename) + DocOrganiser Properties/Reset + wizard file-threshold.
ModPlayViewer.vb,ModPlayViewer,ModPlayViewer_Load,Sub,MyBase.Load,ModPlayViewer.vb:124,none,,Divergence,"WinForms lifecycle/event/virtual-list/bg-worker + bounded-viewer extras (owner-confirm: ModPlayViewer end-level filter/recent, DocOrganiser rtf/properties)."
ModPlayViewer.vb,ModPlayViewer,ModPlayViewer_Shown,Sub,Me.Shown,ModPlayViewer.vb:260,none,,Divergence,"WinForms lifecycle/event/virtual-list/bg-worker + bounded-viewer extras (owner-confirm: ModPlayViewer end-level filter/recent, DocOrganiser rtf/properties)."
ModPlayViewer.vb,ModPlayViewer,TsCharacter_Click,Sub,TsCharacter.Click,ModPlayViewer.vb:277,none,,Divergence,"bounded read-only viewer port: VB filters/navigation/editors/bg-workers/Windows-shell handlers intentionally not ported (PARITY.md recurring pattern). SOME are owner-confirm candidates: ModExplorer filter subsystem, PortraitManager prev/next navigation."
ModPlayViewer.vb,ModPlayViewer,BhModsPlayed_Click,Sub,BhModsPlayed.Click,ModPlayViewer.vb:293,none,,Divergence,"WinForms lifecycle/event/virtual-list/bg-worker + bounded-viewer extras (owner-confirm: ModPlayViewer end-level filter/recent, DocOrganiser rtf/properties)."
ModPlayViewer.vb,ModPlayViewer,BtRecent_Click,Sub,"BtRecent.Click, CmAddToRecentMods.Click",ModPlayViewer.vb:302,none,,Divergence,"WinForms lifecycle/event/virtual-list/bg-worker + bounded-viewer extras (owner-confirm: ModPlayViewer end-level filter/recent, DocOrganiser rtf/properties)."
ModPlayViewer.vb,ModPlayViewer,BtSelect_Click,Sub,"BtSelect.Click, CmSelect.Click",ModPlayViewer.vb:321,none,,Divergence,"bounded read-only viewer port: VB filters/navigation/editors/bg-workers/Windows-shell handlers intentionally not ported (PARITY.md recurring pattern). SOME are owner-confirm candidates: ModExplorer filter subsystem, PortraitManager prev/next navigation."
ModPlayViewer.vb,ModPlayViewer,CmCopyName_Click,Sub,CmCopyName.Click,ModPlayViewer.vb:339,none,,Divergence,"WinForms lifecycle/event/virtual-list/bg-worker + bounded-viewer extras (owner-confirm: ModPlayViewer end-level filter/recent, DocOrganiser rtf/properties)."
ModPlayViewer.vb,ModPlayViewer,BtClose_Click,Sub,BtClose.Click,ModPlayViewer.vb:349,none,,Divergence,"bounded read-only viewer port: VB filters/navigation/editors/bg-workers/Windows-shell handlers intentionally not ported (PARITY.md recurring pattern). SOME are owner-confirm candidates: ModExplorer filter subsystem, PortraitManager prev/next navigation."
ModPlayViewer.vb,ModPlayViewer,ModPlayViewer_FormClosing,Sub,Me.FormClosing,ModPlayViewer.vb:357,none,,Divergence,"WinForms lifecycle/event/virtual-list/bg-worker + bounded-viewer extras (owner-confirm: ModPlayViewer end-level filter/recent, DocOrganiser rtf/properties)."
ModPlayViewer.vb,ModPlayViewer,LvModInfo_RetrieveVirtualItem,Sub,LvModInfo.RetrieveVirtualItem,ModPlayViewer.vb:397,none,,Divergence,"WinForms lifecycle/event/virtual-list/bg-worker + bounded-viewer extras (owner-confirm: ModPlayViewer end-level filter/recent, DocOrganiser rtf/properties)."
ModPlayViewer.vb,ModPlayViewer,LvModInfo_SelectedIndexChanged,Sub,LvModInfo.SelectedIndexChanged,ModPlayViewer.vb:423,none,,Ported,DocOrganiser/ModPlayViewer/WizardBuilder core report/view/save logic (subagent+orchestrator).
ModPlayViewer.vb,ModPlayViewer,LvModInfo_ItemClicked,Sub,LvModInfo.ItemClicked,ModPlayViewer.vb:502,none,,Divergence,"WinForms lifecycle/event/virtual-list/bg-worker + bounded-viewer extras (owner-confirm: ModPlayViewer end-level filter/recent, DocOrganiser rtf/properties)."
ModPlayViewer.vb,ModPlayViewer,TsEndFilter_Click,Sub,TsEndFilter.Click,ModPlayViewer.vb:534,none,,Divergence,"WinForms lifecycle/event/virtual-list/bg-worker + bounded-viewer extras (owner-confirm: ModPlayViewer end-level filter/recent, DocOrganiser rtf/properties)."
ModPlayViewer.vb,ModPlayViewer,TsFilters_Click,Sub,TsFilters.Click,ModPlayViewer.vb:559,none,,Divergence,"bounded read-only viewer port: VB filters/navigation/editors/bg-workers/Windows-shell handlers intentionally not ported (PARITY.md recurring pattern). SOME are owner-confirm candidates: ModExplorer filter subsystem, PortraitManager prev/next navigation."
ModPlayViewer.vb,ModPlayViewer,BgGetPlayedInfo_DoWork,Sub,BgGetPlayedInfo.DoWork,ModPlayViewer.vb:615,none,,Divergence,"WinForms lifecycle/event/virtual-list/bg-worker + bounded-viewer extras (owner-confirm: ModPlayViewer end-level filter/recent, DocOrganiser rtf/properties)."
ModPlayViewer.vb,ModPlayViewer,BgGetPlayedInfo_RunWorkerCompleted,Sub,BgGetPlayedInfo.RunWorkerCompleted,ModPlayViewer.vb:656,none,,Divergence,"WinForms lifecycle/event/virtual-list/bg-worker + bounded-viewer extras (owner-confirm: ModPlayViewer end-level filter/recent, DocOrganiser rtf/properties)."
ModPlayViewer.vb,ModPlayViewer,ModPlayViewer_LocationChanged,Sub,Me.LocationChanged,ModPlayViewer.vb:831,none,,Divergence,"WinForms lifecycle/event/virtual-list/bg-worker + bounded-viewer extras (owner-confirm: ModPlayViewer end-level filter/recent, DocOrganiser rtf/properties)."
ModPlayViewer.vb,ModPlayViewer,RttNotes_RichTextContentSaved,Sub,RttNotes.RichTextContentSaved,ModPlayViewer.vb:847,none,,Divergence,"bounded read-only viewer port: VB filters/navigation/editors/bg-workers/Windows-shell handlers intentionally not ported (PARITY.md recurring pattern). SOME are owner-confirm candidates: ModExplorer filter subsystem, PortraitManager prev/next navigation."
MsgPicture.vb,MsgPicture,MsgPicture_Load,Sub,MyBase.Load,MsgPicture.vb:191,none,,Divergence,WinForms lifecycle/event/virtual-list/background-worker/mouse-hover plumbing.
MsgPicture.vb,MsgPicture,MsgPicture_Shown,Sub,Me.Shown,MsgPicture.vb:279,none,,Divergence,WinForms lifecycle/event/virtual-list/background-worker/mouse-hover plumbing.
MsgPicture.vb,MsgPicture,LpActions_MouseMove,Sub,LpActions.MouseMove,MsgPicture.vb:321,none,,Divergence,WinForms lifecycle/event/virtual-list/background-worker/mouse-hover plumbing.
MsgPicture.vb,MsgPicture,BtOpen_Click,Sub,"PicFile.Click, BtOpen.Click",MsgPicture.vb:335,none,,Divergence,WinForms lifecycle/event/virtual-list/background-worker/mouse-hover plumbing.
MsgPicture.vb,MsgPicture,PicFullscreen_Click,Sub,PicFullscreen.Click,MsgPicture.vb:350,none,,Divergence,WinForms lifecycle/event/virtual-list/background-worker/mouse-hover plumbing.
MsgPicture.vb,MsgPicture,PicBox_MouseHover,Sub,"PicClose.MouseHover, PicFullscreen.MouseHover",MsgPicture.vb:438,none,,Divergence,WinForms lifecycle/event/virtual-list/background-worker/mouse-hover plumbing.
MsgPicture.vb,MsgPicture,PicFullscreen_MouseEnter,Sub,PicFullscreen.MouseEnter,MsgPicture.vb:452,none,,Divergence,WinForms lifecycle/event/virtual-list/background-worker/mouse-hover plumbing.
MsgPicture.vb,MsgPicture,PicFullscreen_MouseLeave,Sub,PicFullscreen.MouseLeave,MsgPicture.vb:462,none,,Divergence,WinForms lifecycle/event/virtual-list/background-worker/mouse-hover plumbing.
MsgPicture.vb,MsgPicture,PicClose_Click,Sub,PicClose.Click,MsgPicture.vb:471,none,,Deferred,BackupManager + NetworkManager shared-store/sync + SlideShow + find-rename + original-restorers + prefix editor + legacy migrate.
MsgPicture.vb,MsgPicture,PicClose_MouseEnter,Sub,PicClose.MouseEnter,MsgPicture.vb:480,none,,Deferred,BackupManager + NetworkManager shared-store/sync + SlideShow + find-rename + original-restorers + prefix editor + legacy migrate.
MsgPicture.vb,MsgPicture,PicClose_MouseLeave,Sub,PicClose.MouseLeave,MsgPicture.vb:490,none,,Deferred,BackupManager + NetworkManager shared-store/sync + SlideShow + find-rename + original-restorers + prefix editor + legacy migrate.
MsgPicture.vb,MsgPicture,MsgPicture_FormClosing,Sub,Me.FormClosing,MsgPicture.vb:499,none,,Divergence,WinForms lifecycle/event/virtual-list/background-worker/mouse-hover plumbing.
NIT.ContentsView.vb,NIT,FvContents_SelectedIndexChanged,Sub,FvContents.SelectedIndexChanged,NIT.ContentsView.vb:61,none,,Divergence,WinForms lifecycle/event/virtual-list/background-worker/mouse-hover plumbing.
NIT.ContentsView.vb,NIT,FvContents_VirtualItemsSelectionRangeChanged,Sub,FvContents.VirtualItemsSelectionRangeChanged,NIT.ContentsView.vb:81,none,,Divergence,WinForms lifecycle/event/virtual-list/background-worker/mouse-hover plumbing.
NIT.ContentsView.vb,NIT,FvContents_ShownCountZero,Sub,FvContents.ShownCountZero,NIT.ContentsView.vb:98,none,,Divergence,WinForms lifecycle/event/virtual-list/background-worker/mouse-hover plumbing.
NIT.DetailsView.vb,NIT,FvDetails_SelectedIndexChanged,Sub,FvDetails.SelectedIndexChanged,NIT.DetailsView.vb:194,none,,Divergence,WinForms lifecycle/event/virtual-list/background-worker/mouse-hover plumbing.
NIT.DetailsView.vb,NIT,FvDetails_VirtualItemsSelectionRangeChanged,Sub,FvDetails.VirtualItemsSelectionRangeChanged,NIT.DetailsView.vb:212,none,,Divergence,WinForms lifecycle/event/virtual-list/background-worker/mouse-hover plumbing.
NIT.DetailsView.vb,NIT,LbProperties_TextChanged,Sub,LbProperties.TextChanged,NIT.DetailsView.vb:391,none,,Divergence,WinForms lifecycle/event/virtual-list/background-worker/mouse-hover plumbing.
NIT.DragDrop.vb,NIT,Fv_DragDrop,Sub,"FvMods.DragDrop, FvContents.DragDrop, FvDetails.DragDrop",NIT.DragDrop.vb:22,none,,Ported,"port view/domain layer (details/contents/status/paste/recent/profile views, hak-patch, play-data viewer, find-files, conflicts, workshop, publish)."
NIT.Menu.vb,NIT,Fv_ItemClicked,Sub,"FvContents.ItemClicked, FvDetails.ItemClicked",NIT.Menu.vb:593,none,,Divergence,NIT.Menu UI plumbing: the Db* debug-options menu (intentional cross-platform omission) + WinForms mouse/key/click/form-lifecycle event handlers + status-button handlers.
NIT.Menu.vb,NIT,MsGetUpdate_Click,Sub,MsGetUpdate.Click,NIT.Menu.vb:1086,none,,Deferred,run-menu / shared-nit / original-restorers / original-portraits / auto-update / debug-menu / select-game-mod.
NIT.Menu.vb,NIT,MsPlayedInfo_Click,Sub,MsPlayedInfo.Click,NIT.Menu.vb:1142,none,,Ported,menu construction + wired command handlers (menu_bar/help/ribbon-toggle/play-viewer/create-installer).
NIT.Menu.vb,NIT,TsbModSelector_SearchBoxClosed,Sub,TsbModSelector.ItemSelected,NIT.Menu.vb:1163,none,,Ported,"Ported in the visual/help-parity pass: the menu-bar Mod Selector combo selects the chosen mod (VB TsbModSelector.ItemSelected -> SelectMod), wired via MainWindow._on_mod_selector_activated."
NIT.Menu.vb,NIT,RbnPlay_Click,Sub,RbnPlay.Click,NIT.Menu.vb:1181,none,,Ported,menu command handler whose command is wired in port _command_handlers().
NIT.Menu.vb,NIT,RbnPlay_MouseUp,Sub,RbnPlay.MouseUp,NIT.Menu.vb:1191,none,,Ported,menu command handler whose command is wired in port _command_handlers().
NIT.Menu.vb,NIT,RbnInstallUninstall_Click,Sub,RbnInstallUninstall.Click,NIT.Menu.vb:1219,none,,Ported,menu command handler whose command is wired in port _command_handlers().
NIT.Menu.vb,NIT,RbnToolset_Click,Sub,RbnToolset.Click,NIT.Menu.vb:1258,none,,Ported,menu command handler whose command is wired in port _command_handlers().
NIT.Menu.vb,NIT,RbnMapFolders_Click,Sub,RbnMapFolders.Click,NIT.Menu.vb:1270,none,,Ported,menu command handler whose command is wired in port _command_handlers().
NIT.Menu.vb,NIT,RbnMapFiles_Click,Sub,RbnMapFiles.Click,NIT.Menu.vb:1282,none,,Ported,menu command handler whose command is wired in port _command_handlers().
NIT.Menu.vb,NIT,RbnNwnIni_Click,Sub,RbnNwnIni.Click,NIT.Menu.vb:1298,none,,Ported,menu command handler whose command is wired in port _command_handlers().
NIT.Menu.vb,NIT,RbnExportSettings_Click,Sub,RbnExportSettings.Click,NIT.Menu.vb:1310,none,,Deferred,handler for a command in the tracked deferred set.
NIT.Menu.vb,NIT,RbnBackupData_Click,Sub,RbnBackupData.Click,NIT.Menu.vb:1360,none,,Ported,menu command handler whose command is wired in port _command_handlers().
NIT.Menu.vb,NIT,RbnButtonLabel_MouseLeave,Sub,"RbnExportSettings.MouseLeave, RbnBackupData.MouseLeave",NIT.Menu.vb:1375,none,,Divergence,NIT.Menu UI plumbing: the Db* debug-options menu (intentional cross-platform omission) + WinForms mouse/key/click/form-lifecycle event handlers + status-button handlers.
NIT.Menu.vb,NIT,RbnFontAndColour_Click,Sub,"RbnFontAndColour.Click, MsFontAndColour.Click",NIT.Menu.vb:1385,strong,vaultkeeper/ui/theme.py,Ported,verified: wired command handlers
NIT.Menu.vb,NIT,RbnManageWorkshop_Click,Sub,RbnManageWorkshop.Click,NIT.Menu.vb:1427,none,,Deferred,handler for a command in the tracked deferred set.
NIT.Menu.vb,NIT,RbnAdvancedSettings_Click,Sub,RbnAdvancedSettings.Click,NIT.Menu.vb:1463,none,,Ported,menu command handler whose command is wired in port _command_handlers().
NIT.Menu.vb,NIT,MsOpen_Click,Sub,MsOpen.Click,NIT.Menu.vb:1477,none,,Ported,menu command handler whose command is wired in port _command_handlers().
NIT.Menu.vb,NIT,MsDownloadProject_Click,Sub,"MsDownloadProject.Click, RbnDownloadProject.Click",NIT.Menu.vb:1499,none,,Ported,menu command handler whose command is wired in port _command_handlers().
NIT.Menu.vb,NIT,MsAddFiles_Click,Sub,"MsAddFiles.Click, RbnAddFiles.Click",NIT.Menu.vb:1567,none,,Ported,menu command handler whose command is wired in port _command_handlers().
NIT.Menu.vb,NIT,MsAddMods_Click,Sub,MsAddMods.Click,NIT.Menu.vb:1619,none,,Ported,menu command handler whose command is wired in port _command_handlers().
NIT.Menu.vb,NIT,MsUpdateDownloads_Click,Sub,"MsUpdateDownloads.Click, RbnUpdateDownloads.Click",NIT.Menu.vb:1661,none,,Ported,menu command handler whose command is wired in port _command_handlers().
NIT.Menu.vb,NIT,MsMoveToFolder_Click,Sub,"MsMoveToFolder.Click, MsMoveToDev.Click",NIT.Menu.vb:1698,none,,Deferred,handler for a command in the tracked deferred set.
NIT.Menu.vb,NIT,MsMoveToHistory_Click,Sub,MsMoveToHistory.Click,NIT.Menu.vb:1730,none,,Deferred,handler for a command in the tracked deferred set.
NIT.Menu.vb,NIT,MsNewFolder_Click,Sub,MsNewFolder.Click,NIT.Menu.vb:1782,none,,Deferred,handler for a command in the tracked deferred set.
NIT.Menu.vb,NIT,MsNewTextFile_Click,Sub,MsNewTextFile.Click,NIT.Menu.vb:1839,none,,Deferred,handler for a command in the tracked deferred set.
NIT.Menu.vb,NIT,MsNewRtfFile_Click,Sub,MsNewRtfFile.Click,NIT.Menu.vb:1859,none,,Deferred,handler for a command in the tracked deferred set.
NIT.Menu.vb,NIT,MsBackupData_Click,Sub,MsBackupData.Click,NIT.Menu.vb:1879,none,,Ported,menu command handler whose command is wired in port _command_handlers().
NIT.Menu.vb,NIT,MsRestoreData_Click,Sub,MsRestoreData.Click,NIT.Menu.vb:1927,none,,Ported,menu command handler whose command is wired in port _command_handlers().
NIT.Menu.vb,NIT,MsExportMods_Click,Sub,MsExportMods.Click,NIT.Menu.vb:1954,none,,Deferred,handler for a command in the tracked deferred set.
NIT.Menu.vb,NIT,MsImportMods_Click,Sub,MsImportMods.Click,NIT.Menu.vb:1984,none,,Deferred,handler for a command in the tracked deferred set.
NIT.Menu.vb,NIT,MsOpenSharedStore_Click,Sub,MsOpenSharedStore.Click,NIT.Menu.vb:2027,none,,Deferred,handler for a command in the tracked deferred set.
NIT.Menu.vb,NIT,MsConnect_Click,Sub,MsConnect.Click,NIT.Menu.vb:2053,none,,Divergence,handler for a command that is an intentional cross-platform divergence.
NIT.Menu.vb,NIT,MsExtractPortraits_Click,Sub,MsExtractPortraits.Click,NIT.Menu.vb:2084,none,,Ported,menu command handler whose command is wired in port _command_handlers().
NIT.Menu.vb,NIT,MsDisplayInfo_Click,Sub,MsDisplayInfo.Click,NIT.Menu.vb:2220,none,,Ported,menu command handler whose command is wired in port _command_handlers().
NIT.Menu.vb,NIT,MsProperties_Click,Sub,MsProperties.Click,NIT.Menu.vb:2277,none,,Ported,menu command handler whose command is wired in port _command_handlers().
NIT.Menu.vb,NIT,MsRestart_Click,Sub,MsRestart.Click,NIT.Menu.vb:2303,none,,Ported,menu command handler whose command is wired in port _command_handlers().
NIT.Menu.vb,NIT,MsExit_Click,Sub,MsExit.Click,NIT.Menu.vb:2319,none,,Ported,menu command handler whose command is wired in port _command_handlers().
NIT.Menu.vb,NIT,MsSelectAll_Click,Sub,MsSelectAll.Click,NIT.Menu.vb:2374,none,,Ported,menu command handler whose command is wired in port _command_handlers().
NIT.Menu.vb,NIT,MsCopy_Click,Sub,"MsCut.Click, MsCopy.Click",NIT.Menu.vb:2425,none,,Ported,menu command handler whose command is wired in port _command_handlers().
NIT.Menu.vb,NIT,MsCopyName_Click,Sub,MsCopyName.Click,NIT.Menu.vb:2489,none,,Ported,menu command handler whose command is wired in port _command_handlers().
NIT.Menu.vb,NIT,MsPaste_Click,Sub,MsPaste.Click,NIT.Menu.vb:2517,none,,Ported,menu command handler whose command is wired in port _command_handlers().
NIT.Menu.vb,NIT,MsDelete_Click,Sub,MsDelete.Click,NIT.Menu.vb:2578,none,,Ported,menu command handler whose command is wired in port _command_handlers().
NIT.Menu.vb,NIT,MsRename_Click,Sub,MsRename.Click,NIT.Menu.vb:2620,none,,Ported,menu command handler whose command is wired in port _command_handlers().
NIT.Menu.vb,NIT,MsFind_Click,Sub,MsFind.Click,NIT.Menu.vb:2648,none,,Ported,menu command handler whose command is wired in port _command_handlers().
NIT.Menu.vb,NIT,MsFindAndRename_Click,Sub,MsFindAndRename.Click,NIT.Menu.vb:2713,none,,Deferred,handler for a command in the tracked deferred set.
NIT.Menu.vb,NIT,MsConvertRestorer_Click,Sub,MsConvertRestorer.Click,NIT.Menu.vb:2738,strong,vaultkeeper/ui/controller.py,Ported,verified: wired command handlers
NIT.Menu.vb,NIT,MsEditWebLink_Click,Sub,MsEditWebLink.Click,NIT.Menu.vb:2812,none,,Ported,menu command handler whose command is wired in port _command_handlers().
NIT.Menu.vb,NIT,MsCopyWebLink_Click,Sub,MsCopyWebLink.Click,NIT.Menu.vb:2847,none,,Ported,menu command handler whose command is wired in port _command_handlers().
NIT.Menu.vb,NIT,MsEditStartScreenPrefixes_Click,Sub,MsEditStartScreenPrefixes.Click,NIT.Menu.vb:2866,none,,Ported,"Start-Screen prefix editor ported: controller.loadscreen_prefix_text/save_loadscreen_prefixes + ui/dialogs/prefix_editor.py (edit LoadscreenPrefixes.txt), wired MsEditStartScreenPrefixes. (StartScreen slideshow timer stays deferred = low-value.)"
NIT.Menu.vb,NIT,MsCollapseAllGroups_Click,Sub,MsCollapseAllGroups.Click,NIT.Menu.vb:2891,none,,Ported,menu command handler whose command is wired in port _command_handlers().
NIT.Menu.vb,NIT,MsExpandAllGroups_Click,Sub,MsExpandAllGroups.Click,NIT.Menu.vb:2912,none,,Ported,menu command handler whose command is wired in port _command_handlers().
NIT.Menu.vb,NIT,MsCharacterSummary_Click,Sub,MsCharacterSummary.Click,NIT.Menu.vb:2933,none,,Ported,menu command handler whose command is wired in port _command_handlers().
NIT.Menu.vb,NIT,MsConflicts_Click,Sub,MsConflicts.Click,NIT.Menu.vb:2979,none,,Ported,menu command handler whose command is wired in port _command_handlers().
NIT.Menu.vb,NIT,MsModsPlayed_Click,Sub,MsModsPlayed.Click,NIT.Menu.vb:3014,none,,Ported,menu command handler whose command is wired in port _command_handlers().
NIT.Menu.vb,NIT,MsWorkshopViewer_Click,Sub,MsWorkshopViewer.Click,NIT.Menu.vb:3042,none,,Ported,menu command handler whose command is wired in port _command_handlers().
NIT.Menu.vb,NIT,MsLogFile_Click,Sub,"MsLogFile.Click, RbnNitLog.Click",NIT.Menu.vb:3059,none,,Ported,menu command handler whose command is wired in port _command_handlers().
NIT.Menu.vb,NIT,MsDisplaySettings_Click,Sub,"MsDisplaySettings.Click, RbnDisplaySettings.Click",NIT.Menu.vb:3077,none,,Divergence,handler for a command that is an intentional cross-platform divergence.
NIT.Menu.vb,NIT,MsOpenRulesFile_Click,Sub,MsOpenRulesFile.Click,NIT.Menu.vb:3099,none,,Divergence,handler for a command that is an intentional cross-platform divergence.
NIT.Menu.vb,NIT,MsNwnClientLogFile_Click,Sub,"MsNwnClientLogFile.Click, RbnNwnLog.Click",NIT.Menu.vb:3124,none,,Ported,menu command handler whose command is wired in port _command_handlers().
NIT.Menu.vb,NIT,MsNwnEngineLogFile_Click,Sub,"MsNwnEngineLogFile.Click, RbnNwnEngineLog.Click",NIT.Menu.vb:3141,none,,Ported,menu command handler whose command is wired in port _command_handlers().
NIT.Menu.vb,NIT,ViewIniFile_Click,Sub,"MsNWNIniFile.Click,",NIT.Menu.vb:3189,none,,Ported,menu construction + wired command handlers (menu_bar/help/ribbon-toggle/play-viewer/create-installer).
NIT.Menu.vb,NIT,MsNwnSettingsFile_Click,Sub,"MsNwnSettingsFile.Click, RbnNwnSettingsFile.Click",NIT.Menu.vb:3228,none,,Ported,menu command handler whose command is wired in port _command_handlers().
NIT.Menu.vb,NIT,MsViewClipboard_Click,Sub,MsViewClipboard.Click,NIT.Menu.vb:3245,none,,Divergence,handler for a command that is an intentional cross-platform divergence.
NIT.Menu.vb,NIT,MsNewGroup_Click,Sub,MsNewGroup.Click,NIT.Menu.vb:3267,none,,Ported,menu command handler whose command is wired in port _command_handlers().
NIT.Menu.vb,NIT,MsNewMod_Click,Sub,"MsNewMod.Click, RbnNewMod.Click",NIT.Menu.vb:3296,none,,Ported,menu command handler whose command is wired in port _command_handlers().
NIT.Menu.vb,NIT,MsCreateInstaller_Click,Sub,"MsCreateInstaller.Click, RbnCreateInstaller.Click,",NIT.Menu.vb:3329,none,,Ported,menu command handler whose command is wired in port _command_handlers().
NIT.Menu.vb,NIT,MsCreateMissingInstallers_Click,Sub,MsCreateMissingInstallers.Click,NIT.Menu.vb:3401,none,,Ported,menu command handler whose command is wired in port _command_handlers().
NIT.Menu.vb,NIT,MsChangeInstaller_Click,Sub,"MsChangeInstaller.Click, RbnChangeInstaller.Click",NIT.Menu.vb:3527,none,,Ported,menu command handler whose command is wired in port _command_handlers().
NIT.Menu.vb,NIT,MsCreateRestorer_Click,Sub,"MsCreateRestorer.Click, RbnCreateRestorer.Click",NIT.Menu.vb:3542,none,,Ported,menu command handler whose command is wired in port _command_handlers().
NIT.Menu.vb,NIT,MsCreateOriginalRestorers_Click,Sub,MsCreateOriginalRestorers.Click,NIT.Menu.vb:3624,none,,Ported,"Original restorers ported: game/original_files.py (bundled OriginalFiles/OriginalEeFiles CRC tables -> original_crc_table; original_source_files; validate_originals; restorer_buckets) + controller.create_original_restorers (group + copy pristine originals into Core/INI/Character + per-module restorer mods), wired MsCreateOriginalRestorers."
NIT.Menu.vb,NIT,MsPublishMod_Click,Sub,MsPublishMod.Click,NIT.Menu.vb:3654,none,,Ported,menu command handler whose command is wired in port _command_handlers().
NIT.Menu.vb,NIT,MsLoadscreens_Click,Sub,MsLoadscreens.Click,NIT.Menu.vb:3699,none,,Ported,menu command handler whose command is wired in port _command_handlers().
NIT.Menu.vb,NIT,MsHakPatchEditor_Click,Sub,MsHakPatchEditor.Click,NIT.Menu.vb:3732,none,,Ported,"Hak Patch editor ported: controller.patch_hak_sequence/save_patch_hak_sequence (reorder PatchFileSequence.txt + regenerate nwnpatch.ini) + ui/dialogs/hak_patch_editor.py (list + Move Up/Down + Save), wired MsHakPatchEditor."
NIT.Menu.vb,NIT,MsAliasSection_Click,Sub,MsAliasSection.Click,NIT.Menu.vb:3754,none,,Ported,"Alias section editor ported (bounded): game/nwn_folders.read_alias_section/write_alias_section (targeted [Alias] writer + nwn.ini.bak backup) + controller.alias_locations_report/save_alias_locations + ui/dialogs/alias_section_editor.py (view/edit + config-isolation confirm), wired MsAliasSection; re-opens the profile on change (VB Restart)."
NIT.Menu.vb,NIT,MsRemoveLetoLogFiles_Click,Sub,MsRemoveLetoLogFiles.Click,NIT.Menu.vb:3779,strong,vaultkeeper/ui/controller.py | vaultkeeper/ui/main_window.py,Ported,menu command handler whose command is wired in port _command_handlers().
NIT.Menu.vb,NIT,MsSynchroniseMods_Click,Sub,MsSynchroniseMods.Click,NIT.Menu.vb:3816,none,,Deferred,handler for a command in the tracked deferred set.
NIT.Menu.vb,NIT,MsCompact_Click,Sub,MsCompact.Click,NIT.Menu.vb:3857,none,,Ported,menu command handler whose command is wired in port _command_handlers().
NIT.Menu.vb,NIT,MsRemoveIllegalModFiles_Click,Sub,MsRemoveIllegalModFiles.Click,NIT.Menu.vb:3918,none,,Ported,menu command handler whose command is wired in port _command_handlers().
NIT.Menu.vb,NIT,MsAnneal_Click,Sub,MsAnneal.Click,NIT.Menu.vb:3954,none,,Ported,menu command handler whose command is wired in port _command_handlers().
NIT.Menu.vb,NIT,MsInstall_Click,Sub,MsInstall.Click,NIT.Menu.vb:4002,none,,Ported,menu command handler whose command is wired in port _command_handlers().
NIT.Menu.vb,NIT,MsUninstall_Click,Sub,MsUninstall.Click,NIT.Menu.vb:4024,none,,Ported,menu command handler whose command is wired in port _command_handlers().
NIT.Menu.vb,NIT,MsModExplorer_Click,Sub,"MsModExplorer.Click, RbnModExplorer.Click",NIT.Menu.vb:4050,none,,Ported,menu command handler whose command is wired in port _command_handlers().
NIT.Menu.vb,NIT,MsCharacterExplorer_Click,Sub,"MsCharacterExplorer.Click, RbnCharacterExplorer.Click",NIT.Menu.vb:4076,none,,Ported,menu command handler whose command is wired in port _command_handlers().
NIT.Menu.vb,NIT,MsDocOrganiser_Click,Sub,"MsDocOrganiser.Click, RbnDocOrganise.Click",NIT.Menu.vb:4108,none,,Ported,menu command handler whose command is wired in port _command_handlers().
NIT.Menu.vb,NIT,MsGameSaves_Click,Sub,"MsGameSaves.Click, RbnGameSaves.Click",NIT.Menu.vb:4131,none,,Ported,menu command handler whose command is wired in port _command_handlers().
NIT.Menu.vb,NIT,MsBackupManager_Click,Sub,"MsBackupManager.Click, RbnRestoreData.Click",NIT.Menu.vb:4283,none,,Deferred,handler for a command in the tracked deferred set.
NIT.Menu.vb,NIT,MsInstallationManager_Click,Sub,"MsInstallationManager.Click, RbnInstallationManager.Click",NIT.Menu.vb:4317,none,,Ported,"Installation sets ported: game/installation_sets.py (data model + apply-diff + validate + JSON) + controller load/save/create_checkpoint/create_set/rename/delete/apply + ui/dialogs/installation_manager.py editor, wired MsInstallationManager/RbnInstallationManager."
NIT.Menu.vb,NIT,MsInstallationAnalyser_Click,Sub,MsInstallationAnalyser.Click,NIT.Menu.vb:4347,none,,Ported,menu command handler whose command is wired in port _command_handlers().
NIT.Menu.vb,NIT,MsWizardBuilder_Click,Sub,"MsWizardBuilder.Click, RbnWizardBuilder.Click",NIT.Menu.vb:4373,none,,Ported,menu command handler whose command is wired in port _command_handlers().
NIT.Menu.vb,NIT,MsDependencyManager_Click,Sub,"MsDependencyManager.Click, RbnDependencyManager.Click",NIT.Menu.vb:4435,none,,Ported,menu command handler whose command is wired in port _command_handlers().
NIT.Menu.vb,NIT,MsPortraitManager_Click,Sub,"MsPortraitManager.Click, RbnPortraitManager.Click",NIT.Menu.vb:4462,none,,Ported,menu command handler whose command is wired in port _command_handlers().
NIT.Menu.vb,NIT,MsPortraitManager_MouseUp,Sub,"MsPortraitManager.MouseUp, RbnPortraitManager.MouseUp",NIT.Menu.vb:4514,none,,Ported,menu command handler whose command is wired in port _command_handlers().
NIT.Menu.vb,NIT,MsUpdateEeFiles_Click,Sub,MsUpdateEeFiles.Click,NIT.Menu.vb:4530,none,,Divergence,handler for a command that is an intentional cross-platform divergence.
NIT.Menu.vb,NIT,MsRefreshWorkshopFiles_Click,Sub,MsRefreshWorkshopFiles.Click,NIT.Menu.vb:4583,none,,Deferred,handler for a command in the tracked deferred set.
NIT.Menu.vb,NIT,MsValidateMovieFiles_Click,Sub,MsValidateMovieFiles.Click,NIT.Menu.vb:4614,none,,Ported,menu command handler whose command is wired in port _command_handlers().
NIT.Menu.vb,NIT,MsValidateProfileData_Click,Sub,MsValidateProfileData.Click,NIT.Menu.vb:4680,none,,Ported,menu command handler whose command is wired in port _command_handlers().
NIT.Menu.vb,NIT,MsValidateMods_Click,Sub,MsValidateMods.Click,NIT.Menu.vb:4722,none,,Ported,menu command handler whose command is wired in port _command_handlers().
NIT.Menu.vb,NIT,MsValidateInstalledData_Click,Sub,MsValidateInstalledData.Click,NIT.Menu.vb:4756,none,,Deferred,handler for a command in the tracked deferred set.
NIT.Menu.vb,NIT,MsValidate_Click,Sub,MsValidate.Click,NIT.Menu.vb:4811,none,,Deferred,handler for a command in the tracked deferred set.
NIT.Menu.vb,NIT,MsRecoverGroups_Click,Sub,MsRecoverGroups.Click,NIT.Menu.vb:4898,strong,vaultkeeper/game/recovery.py | vaultkeeper/ui/controller.py,Ported,verified: wired command handlers
NIT.Menu.vb,NIT,MsRecoverModProperties_Click,Sub,MsRecoverModProperties.Click,NIT.Menu.vb:5077,strong,vaultkeeper/game/recovery.py | vaultkeeper/ui/controller.py,Ported,verified: wired command handlers
NIT.Menu.vb,NIT,MsRepairCrcs_Click,Sub,MsRepairCrcs.Click,NIT.Menu.vb:5131,none,,Ported,menu command handler whose command is wired in port _command_handlers().
NIT.Menu.vb,NIT,MsRebuildDatabase_Click,Sub,MsRebuildDatabase.Click,NIT.Menu.vb:5209,none,,Ported,menu command handler whose command is wired in port _command_handlers().
NIT.Menu.vb,NIT,RunMenu_Click,Sub,"MsPlayNeverwinterNights.Click, MsToolset.Click",NIT.Menu.vb:5260,strong,vaultkeeper/ui/main_window.py,Ported,Run Menu (external launch programs) ported: Settings.run_links + menu_bar.populate_run_menu (SetRunMenu) + main_window._on_run_program launch (RunMenu_Click Case Else) + settings dialog Run Menu tab (Reset restores the empty default = SetDefaultRunMenu/ResetRunMenu).
NIT.Menu.vb,NIT,BimLink_MouseClick,Sub,"BimLink.MouseClick, lbModState.MouseClick",NIT.Menu.vb:5436,none,,Divergence,NIT.Menu UI plumbing: the Db* debug-options menu (intentional cross-platform omission) + WinForms mouse/key/click/form-lifecycle event handlers + status-button handlers.
NIT.Menu.vb,NIT,MsBasicSettings_Click,Sub,"MsBasicSettings.Click, RbnBasicSettings.Click",NIT.Menu.vb:5463,none,,Ported,menu command handler whose command is wired in port _command_handlers().
NIT.Menu.vb,NIT,MsSettings_Click,Sub,MsSettings.Click,NIT.Menu.vb:5496,none,,Ported,menu command handler whose command is wired in port _command_handlers().
NIT.Menu.vb,NIT,MsOriginalPortraits_CheckedChanged,Sub,MsOriginalPortraits.CheckedChanged,NIT.Menu.vb:5766,none,,Deferred,handler for a command in the tracked deferred set.
NIT.Menu.vb,NIT,MsPropertiesHeight_Click,Sub,MsPropertiesHeight.Click,NIT.Menu.vb:5872,none,,Divergence,handler for a command that is an intentional cross-platform divergence.
NIT.Menu.vb,NIT,MsResetWindow_Click,Sub,MsResetWindow.Click,NIT.Menu.vb:5904,none,,Divergence,handler for a command that is an intentional cross-platform divergence.
NIT.Menu.vb,NIT,MsResetWebMenu_Click,Sub,MsResetWebMenu.Click,NIT.Menu.vb:5928,none,,Deferred,handler for a command in the tracked deferred set.
NIT.Menu.vb,NIT,MsResetTaskbarIcon_Click,Sub,MsResetTaskbarIcon.Click,NIT.Menu.vb:5980,none,,Divergence,handler for a command that is an intentional cross-platform divergence.
NIT.Menu.vb,NIT,MsClearWaitCursors_Click,Sub,MsClearWaitCursors.Click,NIT.Menu.vb:6004,none,,Divergence,handler for a command that is an intentional cross-platform divergence.
NIT.Menu.vb,NIT,MsEnableClosing_Click,Sub,MsEnableClosing.Click,NIT.Menu.vb:6018,none,,Divergence,handler for a command that is an intentional cross-platform divergence.
NIT.Menu.vb,NIT,MsClearScrollInfo_Click,Sub,MsClearScrollInfo.Click,NIT.Menu.vb:6034,none,,Divergence,handler for a command that is an intentional cross-platform divergence.
NIT.Menu.vb,NIT,MsClearSelectionHistory_Click,Sub,MsClearSelectionHistory.Click,NIT.Menu.vb:6079,none,,Divergence,handler for a command that is an intentional cross-platform divergence.
NIT.Menu.vb,NIT,MsClearHakPortraits_Click,Sub,MsClearHakPortraits.Click,NIT.Menu.vb:6095,none,,Ported,menu command handler whose command is wired in port _command_handlers().
NIT.Menu.vb,NIT,MsShowRibbon_Clicked,Sub,MsShowRibbon.Click,NIT.Menu.vb:6149,none,,Ported,menu construction + wired command handlers (menu_bar/help/ribbon-toggle/play-viewer/create-installer).
NIT.Menu.vb,NIT,MsShowToolbar_Clicked,Sub,MsShowToolbar.Click,NIT.Menu.vb:6174,none,,Ported,menu construction + wired command handlers (menu_bar/help/ribbon-toggle/play-viewer/create-installer).
NIT.Menu.vb,NIT,MsShowText_Click,Sub,MsShowText.Click,NIT.Menu.vb:6191,none,,Deferred,handler for a command in the tracked deferred set.
NIT.Menu.vb,NIT,MsCustomise_Click,Sub,MsCustomise.Click,NIT.Menu.vb:6213,none,,Divergence,handler for a command that is an intentional cross-platform divergence.
NIT.Menu.vb,NIT,MsRemoveErfs_Click,Sub,MsRemoveErfs.Click,NIT.Menu.vb:6241,none,,Ported,menu command handler whose command is wired in port _command_handlers().
NIT.Menu.vb,NIT,DbEnableDevelopmentFolder_Click,Sub,DbEnableDevelopmentFolder.Click,NIT.Menu.vb:6267,none,,Divergence,NIT.Menu UI plumbing: the Db* debug-options menu (intentional cross-platform omission) + WinForms mouse/key/click/form-lifecycle event handlers + status-button handlers.
NIT.Menu.vb,NIT,DbRedoDateCompleted_Click,Sub,DbRedoDateCompleted.Click,NIT.Menu.vb:6322,none,,Divergence,NIT.Menu UI plumbing: the Db* debug-options menu (intentional cross-platform omission) + WinForms mouse/key/click/form-lifecycle event handlers + status-button handlers.
NIT.Menu.vb,NIT,DbSetPlayTimeValue_Click,Sub,DbSetPlayTimeValue.Click,NIT.Menu.vb:6333,none,,Divergence,NIT.Menu UI plumbing: the Db* debug-options menu (intentional cross-platform omission) + WinForms mouse/key/click/form-lifecycle event handlers + status-button handlers.
NIT.Menu.vb,NIT,MsSaveNwnInfo_Click,Sub,MsSaveNwnInfo.Click,NIT.Menu.vb:6393,none,,Divergence,NIT.Menu UI plumbing: the Db* debug-options menu (intentional cross-platform omission) + WinForms mouse/key/click/form-lifecycle event handlers + status-button handlers.
NIT.Menu.vb,NIT,DbOriginalFilesReport_Click,Sub,DbOriginalFilesReport.Click,NIT.Menu.vb:6428,none,,Divergence,NIT.Menu UI plumbing: the Db* debug-options menu (intentional cross-platform omission) + WinForms mouse/key/click/form-lifecycle event handlers + status-button handlers.
NIT.Menu.vb,NIT,DbInstalledFilesReport_Click,Sub,DbInstalledFilesReport.Click,NIT.Menu.vb:6444,none,,Divergence,NIT.Menu UI plumbing: the Db* debug-options menu (intentional cross-platform omission) + WinForms mouse/key/click/form-lifecycle event handlers + status-button handlers.
NIT.Menu.vb,NIT,DbModDataReport_Click,Sub,DbModDataReport.Click,NIT.Menu.vb:6465,none,,Divergence,NIT.Menu UI plumbing: the Db* debug-options menu (intentional cross-platform omission) + WinForms mouse/key/click/form-lifecycle event handlers + status-button handlers.
NIT.Menu.vb,NIT,DbModFileReport_Click,Sub,DbModFileReport.Click,NIT.Menu.vb:6485,none,,Divergence,NIT.Menu UI plumbing: the Db* debug-options menu (intentional cross-platform omission) + WinForms mouse/key/click/form-lifecycle event handlers + status-button handlers.
NIT.Menu.vb,NIT,DbGameMapDataReport_Click,Sub,DbGameMapDataReport.Click,NIT.Menu.vb:6506,none,,Divergence,NIT.Menu UI plumbing: the Db* debug-options menu (intentional cross-platform omission) + WinForms mouse/key/click/form-lifecycle event handlers + status-button handlers.
NIT.Menu.vb,NIT,DbGameMapUserReport_Click,Sub,DbGameMapUserReport.Click,NIT.Menu.vb:6527,none,,Ported,menu command handler whose command is wired in port _command_handlers().
NIT.Menu.vb,NIT,DbBlankFilesReport_Click,Sub,DbBlankFilesReport.Click,NIT.Menu.vb:6545,none,,Divergence,NIT.Menu UI plumbing: the Db* debug-options menu (intentional cross-platform omission) + WinForms mouse/key/click/form-lifecycle event handlers + status-button handlers.
NIT.Menu.vb,NIT,DbSyncReport_Click,Sub,DbSyncReport.Click,NIT.Menu.vb:6623,none,,Divergence,NIT.Menu UI plumbing: the Db* debug-options menu (intentional cross-platform omission) + WinForms mouse/key/click/form-lifecycle event handlers + status-button handlers.
NIT.Menu.vb,NIT,DbScrollReport_Click,Sub,DbScrollReport.Click,NIT.Menu.vb:6661,none,,Divergence,NIT.Menu UI plumbing: the Db* debug-options menu (intentional cross-platform omission) + WinForms mouse/key/click/form-lifecycle event handlers + status-button handlers.
NIT.Menu.vb,NIT,DbSelectionHistory_Click,Sub,DbSelectionHistory.Click,NIT.Menu.vb:6793,none,,Divergence,NIT.Menu UI plumbing: the Db* debug-options menu (intentional cross-platform omission) + WinForms mouse/key/click/form-lifecycle event handlers + status-button handlers.
NIT.Menu.vb,NIT,DbExtractedPortraits_Click,Sub,DbExtractedPortraits.Click,NIT.Menu.vb:6867,none,,Divergence,NIT.Menu UI plumbing: the Db* debug-options menu (intentional cross-platform omission) + WinForms mouse/key/click/form-lifecycle event handlers + status-button handlers.
NIT.Menu.vb,NIT,DbStartScreenInfo_Click,Sub,DbStartScreenInfo.Click,NIT.Menu.vb:6949,none,,Divergence,NIT.Menu UI plumbing: the Db* debug-options menu (intentional cross-platform omission) + WinForms mouse/key/click/form-lifecycle event handlers + status-button handlers.
NIT.Menu.vb,NIT,DbMethod_Click,Sub,DbMethod.Click,NIT.Menu.vb:6977,none,,Divergence,NIT.Menu UI plumbing: the Db* debug-options menu (intentional cross-platform omission) + WinForms mouse/key/click/form-lifecycle event handlers + status-button handlers.
NIT.Menu.vb,NIT,DbColourSettings_Click,Sub,DbColourSettings.Click,NIT.Menu.vb:7000,none,,Divergence,NIT.Menu UI plumbing: the Db* debug-options menu (intentional cross-platform omission) + WinForms mouse/key/click/form-lifecycle event handlers + status-button handlers.
NIT.Menu.vb,NIT,DbChangedColours_Click,Sub,DbChangedColours.Click,NIT.Menu.vb:7010,none,,Divergence,NIT.Menu UI plumbing: the Db* debug-options menu (intentional cross-platform omission) + WinForms mouse/key/click/form-lifecycle event handlers + status-button handlers.
NIT.Menu.vb,NIT,DbActionList_Click,Sub,DbActionList.Click,NIT.Menu.vb:7020,none,,Divergence,NIT.Menu UI plumbing: the Db* debug-options menu (intentional cross-platform omission) + WinForms mouse/key/click/form-lifecycle event handlers + status-button handlers.
NIT.Menu.vb,NIT,DbEnableVaultDownloadCounter_Click,Sub,DbEnableVaultDownloadCounter.Click,NIT.Menu.vb:7036,none,,Divergence,NIT.Menu UI plumbing: the Db* debug-options menu (intentional cross-platform omission) + WinForms mouse/key/click/form-lifecycle event handlers + status-button handlers.
NIT.Menu.vb,NIT,DbHelpLayout_Click,Sub,DbHelpLayout.Click,NIT.Menu.vb:7048,none,,Divergence,NIT.Menu UI plumbing: the Db* debug-options menu (intentional cross-platform omission) + WinForms mouse/key/click/form-lifecycle event handlers + status-button handlers.
NIT.Menu.vb,NIT,DbSetSize_Click,Sub,DbSetSize.Click,NIT.Menu.vb:7089,none,,Divergence,NIT.Menu UI plumbing: the Db* debug-options menu (intentional cross-platform omission) + WinForms mouse/key/click/form-lifecycle event handlers + status-button handlers.
NIT.Menu.vb,NIT,DbDisableAltKey_Click,Sub,DbDisableAltKey.Click,NIT.Menu.vb:7144,none,,Divergence,NIT.Menu UI plumbing: the Db* debug-options menu (intentional cross-platform omission) + WinForms mouse/key/click/form-lifecycle event handlers + status-button handlers.
NIT.Menu.vb,NIT,DbShowNitAvailable_Click,Sub,DbShowNitAvailable.Click,NIT.Menu.vb:7161,none,,Divergence,NIT.Menu UI plumbing: the Db* debug-options menu (intentional cross-platform omission) + WinForms mouse/key/click/form-lifecycle event handlers + status-button handlers.
NIT.Menu.vb,NIT,DbAppDefsReport_Click,Sub,DbAppDefsReport.Click,NIT.Menu.vb:7172,none,,Divergence,NIT.Menu UI plumbing: the Db* debug-options menu (intentional cross-platform omission) + WinForms mouse/key/click/form-lifecycle event handlers + status-button handlers.
NIT.Menu.vb,NIT,DbOriginalFiles_Click,Sub,DbOriginalFiles.Click,NIT.Menu.vb:7219,none,,Divergence,NIT.Menu UI plumbing: the Db* debug-options menu (intentional cross-platform omission) + WinForms mouse/key/click/form-lifecycle event handlers + status-button handlers.
NIT.Menu.vb,NIT,DbEeOriginalFiles_Click,Sub,DbEeOriginalFiles.Click,NIT.Menu.vb:7258,none,,Divergence,NIT.Menu UI plumbing: the Db* debug-options menu (intentional cross-platform omission) + WinForms mouse/key/click/form-lifecycle event handlers + status-button handlers.
NIT.Menu.vb,NIT,MsValidateOnActivateStatus_Click,Sub,MsValidateOnActivateStatus.Click,NIT.Menu.vb:7315,none,,Divergence,NIT.Menu UI plumbing: the Db* debug-options menu (intentional cross-platform omission) + WinForms mouse/key/click/form-lifecycle event handlers + status-button handlers.
NIT.Menu.vb,NIT,MsUpdateNow_Click,Sub,MsUpdateNow.Click,NIT.Menu.vb:7329,none,,Divergence,handler for a command that is an intentional cross-platform divergence.
NIT.Menu.vb,NIT,MsSendFeedback_Click,Sub,MsSendFeedback.Click,NIT.Menu.vb:7352,none,,Ported,menu command handler whose command is wired in port _command_handlers().
NIT.Menu.vb,NIT,MsSendDiagInfo_Click,Sub,MsSendDiagInfo.Click,NIT.Menu.vb:7370,none,,Divergence,handler for a command that is an intentional cross-platform divergence.
NIT.Menu.vb,NIT,MsSkillsAndFeats_Click,Sub,MsClassesSkillsAndFeats.Click,NIT.Menu.vb:7399,none,,Ported,menu construction + wired command handlers (menu_bar/help/ribbon-toggle/play-viewer/create-installer).
NIT.Menu.vb,NIT,MsAbout_Click,Sub,MsAbout.Click,NIT.Menu.vb:7422,strong,vaultkeeper/ui/dialogs/about.py,Ported,verified: wired command handlers
NIT.Menu.vb,NIT,Help_Click,Sub,"MsViewHelp.Click, MsGetStarted.Click, MsFAQ.Click, MsWhatsNew.Click, MsHistory.Click",NIT.Menu.vb:7503,none,,Divergence,"VB per-preference ListView-editor framework (Preferences/Config/Profiles/Locations pages, Import/Export/Reset/Undo). Bounded port = tabbed dialog + FolderMapping + status-bar profile menu. Subagent verdict: 0 MISSING user prefs (see FINDING_3_SETTINGS.md for the pref-level gap = 10 add-a-setting items)."
NIT.Menu.vb,NIT,MsHelpContents_Click,Sub,MsHelpContents.Click,NIT.Menu.vb:7513,none,,Ported,menu construction + wired command handlers (menu_bar/help/ribbon-toggle/play-viewer/create-installer).
NIT.Menu.vb,NIT,LbMods_Click,Sub,BtMods.Click,NIT.Menu.vb:7527,none,,Divergence,NIT.Menu UI plumbing: the Db* debug-options menu (intentional cross-platform omission) + WinForms mouse/key/click/form-lifecycle event handlers + status-button handlers.
NIT.Menu.vb,NIT,CmRecentMods_Opened,Sub,CmRecentMods.Opened,NIT.Menu.vb:7539,none,,Divergence,NIT.Menu UI plumbing: the Db* debug-options menu (intentional cross-platform omission) + WinForms mouse/key/click/form-lifecycle event handlers + status-button handlers.
NIT.Menu.vb,NIT,BtModCount_Click,Sub,BtModCount.Click,NIT.Menu.vb:7564,none,,Divergence,NIT.Menu UI plumbing: the Db* debug-options menu (intentional cross-platform omission) + WinForms mouse/key/click/form-lifecycle event handlers + status-button handlers.
NIT.Menu.vb,NIT,BtModCount_MouseEnter,Sub,BtModCount.MouseEnter,NIT.Menu.vb:7585,none,,Divergence,NIT.Menu UI plumbing: the Db* debug-options menu (intentional cross-platform omission) + WinForms mouse/key/click/form-lifecycle event handlers + status-button handlers.
NIT.Menu.vb,NIT,BtGroupHdg_Click,Sub,BtGroupHdg.Click,NIT.Menu.vb:7599,none,,Ported,menu construction + wired command handlers (menu_bar/help/ribbon-toggle/play-viewer/create-installer).
NIT.Menu.vb,NIT,MgInfo_Click,Sub,MgInfo.Click,NIT.Menu.vb:7611,none,,Divergence,NIT.Menu UI plumbing: the Db* debug-options menu (intentional cross-platform omission) + WinForms mouse/key/click/form-lifecycle event handlers + status-button handlers.
NIT.Menu.vb,NIT,BtFileCheckInfo_Click,Sub,BtFileCheckInfo.Click,NIT.Menu.vb:7626,none,,Divergence,NIT.Menu UI plumbing: the Db* debug-options menu (intentional cross-platform omission) + WinForms mouse/key/click/form-lifecycle event handlers + status-button handlers.
NIT.Menu.vb,NIT,BtHealth_Click,Sub,BtHealth.Click,NIT.Menu.vb:7649,none,,Ported,menu construction + wired command handlers (menu_bar/help/ribbon-toggle/play-viewer/create-installer).
NIT.Menu.vb,NIT,BtWizardReport_Click,Sub,BtWizardReport.Click,NIT.Menu.vb:7682,none,,Divergence,NIT.Menu UI plumbing: the Db* debug-options menu (intentional cross-platform omission) + WinForms mouse/key/click/form-lifecycle event handlers + status-button handlers.
NIT.Menu.vb,NIT,BtWizardReport_MouseUp,Sub,BtWizardReport.MouseUp,NIT.Menu.vb:7720,none,,Divergence,NIT.Menu UI plumbing: the Db* debug-options menu (intentional cross-platform omission) + WinForms mouse/key/click/form-lifecycle event handlers + status-button handlers.
NIT.Menu.vb,NIT,BtCharacter_Click,Sub,BtCharacter.Click,NIT.Menu.vb:7732,none,,Ported,menu command handler whose command is wired in port _command_handlers().
NIT.Menu.vb,NIT,BtCharacter_MouseUp,Sub,BtCharacter.MouseUp,NIT.Menu.vb:7788,none,,Ported,menu command handler whose command is wired in port _command_handlers().
NIT.Menu.vb,NIT,BtSelectTextFile_MouseUp,Sub,BtSelectTextFile.MouseUp,NIT.Menu.vb:7800,none,,Divergence,NIT.Menu UI plumbing: the Db* debug-options menu (intentional cross-platform omission) + WinForms mouse/key/click/form-lifecycle event handlers + status-button handlers.
NIT.Menu.vb,NIT,BtRecycleToggle_MouseUp,Sub,BtRecycleToggle.MouseUp,NIT.Menu.vb:7812,none,,Divergence,NIT.Menu UI plumbing: the Db* debug-options menu (intentional cross-platform omission) + WinForms mouse/key/click/form-lifecycle event handlers + status-button handlers.
NIT.ModView.vb,NIT,FvMods_KeyPress,Sub,FvMods.KeyPress,NIT.ModView.vb:204,none,,Divergence,"VB per-preference ListView-editor plumbing (Preferences/Advanced/MenuCommon/MapExceptions pages), ModExplorer rating/prefix/operand filters + virtual-list/bg-worker, and ModView WinForms events / cosmetic icons+tooltips. Bounded port = tabbed Settings dialog + name/state/completed ModExplorer filter."
NIT.ModView.vb,NIT,FvMods_MouseDoubleClick,Sub,FvMods.MouseDoubleClick,NIT.ModView.vb:219,none,,Divergence,"VB per-preference ListView-editor plumbing (Preferences/Advanced/MenuCommon/MapExceptions pages), ModExplorer rating/prefix/operand filters + virtual-list/bg-worker, and ModView WinForms events / cosmetic icons+tooltips. Bounded port = tabbed Settings dialog + name/state/completed ModExplorer filter."
NIT.ModView.vb,NIT,FvMods_SelectedIndexChanged,Sub,FvMods.SelectedIndexChanged,NIT.ModView.vb:235,none,,Ported,Verified present in port under different name/structure (grep-confirmed 2026-07-15).
NIT.ModView.vb,NIT,FvMods_VirtualItemsSelectionRangeChanged,Sub,FvMods.VirtualItemsSelectionRangeChanged,NIT.ModView.vb:285,none,,Divergence,"VB per-preference ListView-editor plumbing (Preferences/Advanced/MenuCommon/MapExceptions pages), ModExplorer rating/prefix/operand filters + virtual-list/bg-worker, and ModView WinForms events / cosmetic icons+tooltips. Bounded port = tabbed Settings dialog + name/state/completed ModExplorer filter."
NIT.ModView.vb,NIT,FvMods_ItemClicked,Sub,FvMods.ItemClicked,NIT.ModView.vb:302,none,,Divergence,"VB per-preference ListView-editor plumbing (Preferences/Advanced/MenuCommon/MapExceptions pages), ModExplorer rating/prefix/operand filters + virtual-list/bg-worker, and ModView WinForms events / cosmetic icons+tooltips. Bounded port = tabbed Settings dialog + name/state/completed ModExplorer filter."
NIT.ModView.vb,NIT,SbRating_MenuItemChecked,Sub,SbRating.MenuItemChecked,NIT.ModView.vb:365,none,,Divergence,VB edits Rating/Weapon/props inline in the details pane; port moved them to ModPropertiesDialog (intended). Per-widget notes font = app-level theme.
NIT.ModView.vb,NIT,SbWeapon_ItemSelected,Sub,SbWeapon.ItemSelected,NIT.ModView.vb:377,none,,Divergence,VB edits Rating/Weapon/props inline in the details pane; port moved them to ModPropertiesDialog (intended). Per-widget notes font = app-level theme.
NIT.RecentMods.vb,NIT,MsRecentMods_RecentItemClicked,Sub,MsRecentMods.RecentItemClicked,NIT.RecentMods.vb:107,none,,Ported,"port view/domain layer (details/contents/status/paste/recent/profile views, hak-patch, play-data viewer, find-files, conflicts, workshop, publish)."
NIT.StatusBar.vb,NIT,BtGroup_Click,Sub,BtGroup.Click,NIT.StatusBar.vb:24,none,,Ported,"port view/domain layer (details/contents/status/paste/recent/profile views, hak-patch, play-data viewer, find-files, conflicts, workshop, publish)."
NIT.StatusBar.vb,NIT,BtRecycleToggle_Click,Sub,BtRecycleToggle.Click,NIT.StatusBar.vb:59,none,,Ported,"port view/domain layer (details/contents/status/paste/recent/profile views, hak-patch, play-data viewer, find-files, conflicts, workshop, publish)."
NIT.StatusBar.vb,NIT,BtOverwrite_Click,Sub,BtOverwrite.Click,NIT.StatusBar.vb:73,none,,Ported,"port view/domain layer (details/contents/status/paste/recent/profile views, hak-patch, play-data viewer, find-files, conflicts, workshop, publish)."
NIT.StatusBar.vb,NIT,BtSelectTextFile_Click,Sub,BtSelectTextFile.Click,NIT.StatusBar.vb:87,none,,Ported,"port view/domain layer (details/contents/status/paste/recent/profile views, hak-patch, play-data viewer, find-files, conflicts, workshop, publish)."
NIT.Workers.vb,NIT,BgTasks_DoWork,Sub,BgTasks.DoWork,NIT.Workers.vb:173,none,,Divergence,WinForms lifecycle/event/virtual-list/background-worker plumbing; N/A in Qt.
NIT.Workers.vb,NIT,BgTasks_ProgressChanged,Sub,BgTasks.ProgressChanged,NIT.Workers.vb:193,none,,Divergence,WinForms lifecycle/event/virtual-list/background-worker plumbing; N/A in Qt.
NIT.Workers.vb,NIT,BgRunNwn_DoWork,Sub,BgRunNwn.DoWork,NIT.Workers.vb:880,none,,Ported,verified present in port (subagent/orchestrator swept 2026-07-15).
NIT.Workers.vb,NIT,BgRunNwn_ProgressChanged,Sub,BgRunNwn.ProgressChanged,NIT.Workers.vb:947,none,,Divergence,WinForms lifecycle/event/virtual-list/background-worker plumbing; N/A in Qt.
NIT.Workers.vb,NIT,BgRunNwnToolset_DoWork,Sub,BgRunNwnToolset.DoWork,NIT.Workers.vb:1118,none,,Ported,verified present in port (subagent/orchestrator swept 2026-07-15).
NIT.Workers.vb,NIT,BgRunNwnToolset_ProgressChanged,Sub,BgRunNwnToolset.ProgressChanged,NIT.Workers.vb:1134,none,,Divergence,WinForms lifecycle/event/virtual-list/background-worker plumbing; N/A in Qt.
NIT.vb,NIT,NIT_Load,Sub,MyBase.Load,NIT.vb:270,none,,Divergence,WinForms lifecycle/event/virtual-list/background-worker plumbing; N/A in Qt.
NIT.vb,NIT,NIT_Shown,Sub,Me.Shown,NIT.vb:868,none,,Divergence,WinForms lifecycle/event/virtual-list/background-worker plumbing; N/A in Qt.
NIT.vb,NIT,NIT_ResizeBegin,Sub,Me.ResizeBegin,NIT.vb:1292,none,,Divergence,WinForms lifecycle/event/virtual-list/background-worker plumbing; N/A in Qt.
NIT.vb,NIT,NIT_ResizeEnd,Sub,Me.ResizeEnd,NIT.vb:1318,none,,Divergence,WinForms lifecycle/event/virtual-list/background-worker plumbing; N/A in Qt.
NIT.vb,NIT,NIT_ClientSizeChanged,Sub,Me.ClientSizeChanged,NIT.vb:1334,none,,Divergence,WinForms lifecycle/event/virtual-list/background-worker plumbing; N/A in Qt.
NIT.vb,NIT,TlContents_SizeChanged,Sub,TlContents.SizeChanged,NIT.vb:1374,none,,Divergence,WinForms lifecycle/event/virtual-list/background-worker plumbing; N/A in Qt.
NIT.vb,NIT,RtModNotes_SizeChanged,Sub,RtModNotes.SizeChanged,NIT.vb:1387,none,,Divergence,WinForms lifecycle/event/virtual-list/background-worker plumbing; N/A in Qt.
NIT.vb,NIT,FvMods_SizeChanged,Sub,FvMods.SizeChanged,NIT.vb:1409,none,,Divergence,WinForms lifecycle/event/virtual-list/background-worker plumbing; N/A in Qt.
NIT.vb,NIT,ScContents_SplitterMoved,Sub,ScContents.SplitterMoved,NIT.vb:1422,none,,Divergence,WinForms lifecycle/event/virtual-list/background-worker plumbing; N/A in Qt.
NIT.vb,NIT,Fv_GotFocus,Sub,"FvMods.GotFocus, FvContents.GotFocus, FvDetails.GotFocus",NIT.vb:1440,none,,Divergence,WinForms lifecycle/event/virtual-list/background-worker plumbing; N/A in Qt.
NIT.vb,NIT,TsbModSelector_GotFocus,Sub,TsbModSelector.GotFocus,NIT.vb:1457,none,,Divergence,WinForms lifecycle/event/virtual-list/background-worker plumbing; N/A in Qt.
NIT.vb,NIT,Ribbon_GotFocus,Sub,TbRibbon.GotFocus,NIT.vb:1512,none,,Divergence,WinForms lifecycle/event/virtual-list/background-worker plumbing; N/A in Qt.
NIT.vb,NIT,RttNotes_RichTextContentSaved,Sub,RttNotes.RichTextContentSaved,NIT.vb:1528,none,,Divergence,"bounded read-only viewer port: VB filters/navigation/editors/bg-workers/Windows-shell handlers intentionally not ported (PARITY.md recurring pattern). SOME are owner-confirm candidates: ModExplorer filter subsystem, PortraitManager prev/next navigation."
NIT.vb,NIT,RttDetails_RichTextContentSaved,Sub,RttDetails.RichTextContentSaved,NIT.vb:1541,none,,Divergence,WinForms lifecycle/event/virtual-list/background-worker plumbing; N/A in Qt.
NIT.vb,NIT,LbProfile_MouseEnter,Sub,"LbProfile.MouseEnter, LbContents.MouseEnter, LbDetails.MouseEnter",NIT.vb:1563,none,,Divergence,WinForms lifecycle/event/virtual-list/background-worker plumbing; N/A in Qt.
NIT.vb,NIT,AppDefs_VersionChecked,Sub,AppDefs.VersionChecked,NIT.vb:1602,none,,Divergence,WinForms lifecycle/event/virtual-list/background-worker plumbing; N/A in Qt.
NIT.vb,NIT,Fv_OpenImage,Sub,"FvContents.OpenImage, FvDetails.OpenImage",NIT.vb:1627,none,,Ported,verified present in port (subagent/orchestrator swept 2026-07-15).
NetworkManager.vb,NetworkManager,BgNetwork_DoWork,Sub,BgNetwork.DoWork,NetworkManager.vb:474,none,,Deferred,BackupManager + NetworkManager shared-store/sync + SlideShow + find-rename + original-restorers + prefix editor + legacy migrate.
NetworkManager.vb,NetworkManager,BgSync_DoWork,Sub,BgSync.DoWork,NetworkManager.vb:553,none,,Deferred,BackupManager + NetworkManager shared-store/sync + SlideShow + find-rename + original-restorers + prefix editor + legacy migrate.
NitDownload.vb,NitDownload,NitDownload_Load,Sub,MyBase.Load,NitDownload.vb:55,none,,Divergence,WinForms app-lifecycle/exception + dialog events + ListView map/web editors + bg-worker + colour constants + Windows taskbar.
NitDownload.vb,NitDownload,NitDownload_Shown,Sub,Me.Shown,NitDownload.vb:122,none,,Divergence,WinForms app-lifecycle/exception + dialog events + ListView map/web editors + bg-worker + colour constants + Windows taskbar.
NitDownload.vb,NitDownload,BhNitDownload_Click,Sub,BhNitDownload.Click,NitDownload.vb:135,none,,Divergence,WinForms app-lifecycle/exception + dialog events + ListView map/web editors + bg-worker + colour constants + Windows taskbar.
NitDownload.vb,NitDownload,BtOpen_Click,Sub,BtOpen.Click,NitDownload.vb:146,none,,Divergence,WinForms lifecycle/event/virtual-list/background-worker/mouse-hover plumbing.
PlayDataViewPending.vb,PlayDataViewPending,PlayDataViewPending_Load,Sub,MyBase.Load,PlayDataViewPending.vb:50,none,,Divergence,WinForms app-lifecycle/exception + dialog events + ListView map/web editors + bg-worker + colour constants + Windows taskbar.
PlayDataViewPending.vb,PlayDataViewPending,BtClear_Click,Sub,BtClear.Click,PlayDataViewPending.vb:85,none,,Divergence,WinForms app-lifecycle/exception + dialog events + ListView map/web editors + bg-worker + colour constants + Windows taskbar.
PlayDataViewer.vb,PlayDataViewer,PlayDataViewer_Load,Sub,MyBase.Load,PlayDataViewer.vb:101,none,,Divergence,WinForms lifecycle/event/virtual-list/background-worker/mouse-hover plumbing.
PlayDataViewer.vb,PlayDataViewer,PlayDataViewer_FormClosing,Sub,Me.FormClosing,PlayDataViewer.vb:356,none,,Divergence,WinForms lifecycle/event/virtual-list/background-worker/mouse-hover plumbing.
PlayDataViewer.vb,PlayDataViewer,BtReport_Click,Sub,BtReport.Click,PlayDataViewer.vb:369,none,,Ported,"port view/domain layer (details/contents/status/paste/recent/profile views, hak-patch, play-data viewer, find-files, conflicts, workshop, publish)."
PlayDataViewer.vb,PlayDataViewer,BtPending_Click,Sub,BtPending.Click,PlayDataViewer.vb:513,none,,Ported,"port view/domain layer (details/contents/status/paste/recent/profile views, hak-patch, play-data viewer, find-files, conflicts, workshop, publish)."
PlayDataViewer.vb,PlayDataViewer,LvGameTimes_MouseDown,Sub,LvGameTimes.MouseDown,PlayDataViewer.vb:532,none,,Divergence,WinForms lifecycle/event/virtual-list/background-worker/mouse-hover plumbing.
PlayDataViewer.vb,PlayDataViewer,LvGameTimes_ItemClicked,Sub,LvGameTimes.ItemClicked,PlayDataViewer.vb:541,none,,Divergence,WinForms lifecycle/event/virtual-list/background-worker/mouse-hover plumbing.
PlayDataViewer.vb,PlayDataViewer,LvGameTimes_MouseUp,Sub,LvGameTimes.MouseUp,PlayDataViewer.vb:560,none,,Divergence,WinForms lifecycle/event/virtual-list/background-worker/mouse-hover plumbing.
PlayDataViewer.vb,PlayDataViewer,LbGameTime_MouseUp,Sub,"LbGameTime.MouseUp, LbGameHdg.MouseUp",PlayDataViewer.vb:643,none,,Divergence,WinForms lifecycle/event/virtual-list/background-worker/mouse-hover plumbing.
PortraitManager.vb,PortraitManager,PortraitManager_Load,Sub,Me.Load,PortraitManager.vb:189,none,,Partial,"viewer shell + core present; VB richness simplified (haiku swept, orchestrator-verified)."
PortraitManager.vb,PortraitManager,PortraitManager_Shown,Sub,Me.Shown,PortraitManager.vb:268,none,,Partial,"viewer shell + core present; VB richness simplified (haiku swept, orchestrator-verified)."
PortraitManager.vb,PortraitManager,PortraitManager_FormClosing,Sub,Me.FormClosing,PortraitManager.vb:375,none,,Divergence,"bounded read-only viewer port: VB filters/navigation/editors/bg-workers/Windows-shell handlers intentionally not ported (PARITY.md recurring pattern). SOME are owner-confirm candidates: ModExplorer filter subsystem, PortraitManager prev/next navigation."
PortraitManager.vb,PortraitManager,RbPrevious_Click,Sub,RbPrevious.Click,PortraitManager.vb:393,none,,Divergence,"bounded read-only viewer port: VB filters/navigation/editors/bg-workers/Windows-shell handlers intentionally not ported (PARITY.md recurring pattern). SOME are owner-confirm candidates: ModExplorer filter subsystem, PortraitManager prev/next navigation."
PortraitManager.vb,PortraitManager,RbNext_Click,Sub,RbNext.Click,PortraitManager.vb:401,none,,Divergence,"bounded read-only viewer port: VB filters/navigation/editors/bg-workers/Windows-shell handlers intentionally not ported (PARITY.md recurring pattern). SOME are owner-confirm candidates: ModExplorer filter subsystem, PortraitManager prev/next navigation."
PortraitManager.vb,PortraitManager,RbExclude_Click,Sub,RbExclude.Click,PortraitManager.vb:409,none,,Divergence,"bounded read-only viewer port: VB filters/navigation/editors/bg-workers/Windows-shell handlers intentionally not ported (PARITY.md recurring pattern). SOME are owner-confirm candidates: ModExplorer filter subsystem, PortraitManager prev/next navigation."
PortraitManager.vb,PortraitManager,RbApplyExcludes_Click,Sub,RbApplyExcludes.Click,PortraitManager.vb:435,none,,Divergence,"bounded read-only viewer port: VB filters/navigation/editors/bg-workers/Windows-shell handlers intentionally not ported (PARITY.md recurring pattern). SOME are owner-confirm candidates: ModExplorer filter subsystem, PortraitManager prev/next navigation."
PortraitManager.vb,PortraitManager,RbEditPortrait_Click,Sub,RbEditPortrait.Click,PortraitManager.vb:492,none,,Divergence,"bounded read-only viewer port: VB filters/navigation/editors/bg-workers/Windows-shell handlers intentionally not ported (PARITY.md recurring pattern). SOME are owner-confirm candidates: ModExplorer filter subsystem, PortraitManager prev/next navigation."
PortraitManager.vb,PortraitManager,RbCreateInstaller_Click,Sub,RbCreateInstaller.Click,PortraitManager.vb:516,none,,Divergence,"bounded read-only viewer port: VB filters/navigation/editors/bg-workers/Windows-shell handlers intentionally not ported (PARITY.md recurring pattern). SOME are owner-confirm candidates: ModExplorer filter subsystem, PortraitManager prev/next navigation."
PortraitManager.vb,PortraitManager,RbSelect_Click,Sub,RbSelect.Click,PortraitManager.vb:538,none,,Divergence,"bounded read-only viewer port: VB filters/navigation/editors/bg-workers/Windows-shell handlers intentionally not ported (PARITY.md recurring pattern). SOME are owner-confirm candidates: ModExplorer filter subsystem, PortraitManager prev/next navigation."
PortraitManager.vb,PortraitManager,TsbSearch_ItemSelected,Sub,TsbSearch.ItemSelected,PortraitManager.vb:562,none,,Divergence,"bounded read-only viewer port: VB filters/navigation/editors/bg-workers/Windows-shell handlers intentionally not ported (PARITY.md recurring pattern). SOME are owner-confirm candidates: ModExplorer filter subsystem, PortraitManager prev/next navigation."
PortraitManager.vb,PortraitManager,RbLink_Click,Sub,RbLink.Click,PortraitManager.vb:589,none,,Divergence,"bounded read-only viewer port: VB filters/navigation/editors/bg-workers/Windows-shell handlers intentionally not ported (PARITY.md recurring pattern). SOME are owner-confirm candidates: ModExplorer filter subsystem, PortraitManager prev/next navigation."
PortraitManager.vb,PortraitManager,RbPortraitManagerHelp_Click,Sub,RbPortraitManagerHelp.Click,PortraitManager.vb:601,none,,Ported,grep-verified in port (portrait scan / help button).
PortraitManager.vb,PortraitManager,TsOverride_Click,Sub,TsOverride.Click,PortraitManager.vb:609,none,,Divergence,"bounded read-only viewer port: VB filters/navigation/editors/bg-workers/Windows-shell handlers intentionally not ported (PARITY.md recurring pattern). SOME are owner-confirm candidates: ModExplorer filter subsystem, PortraitManager prev/next navigation."
PortraitManager.vb,PortraitManager,TsOverride_CheckedChanged,Sub,TsOverride.CheckedChanged,PortraitManager.vb:621,none,,Divergence,"bounded read-only viewer port: VB filters/navigation/editors/bg-workers/Windows-shell handlers intentionally not ported (PARITY.md recurring pattern). SOME are owner-confirm candidates: ModExplorer filter subsystem, PortraitManager prev/next navigation."
PortraitManager.vb,PortraitManager,TsAlwaysSelectNext_Click,Sub,TsAlwaysSelectNext.Click,PortraitManager.vb:637,none,,Divergence,"bounded read-only viewer port: VB filters/navigation/editors/bg-workers/Windows-shell handlers intentionally not ported (PARITY.md recurring pattern). SOME are owner-confirm candidates: ModExplorer filter subsystem, PortraitManager prev/next navigation."
PortraitManager.vb,PortraitManager,TsInvalidPortraitSizes_Click,Sub,TsInvalidPortraitSizes.Click,PortraitManager.vb:648,none,,Divergence,"bounded read-only viewer port: VB filters/navigation/editors/bg-workers/Windows-shell handlers intentionally not ported (PARITY.md recurring pattern). SOME are owner-confirm candidates: ModExplorer filter subsystem, PortraitManager prev/next navigation."
PortraitManager.vb,PortraitManager,TsClose_Click,Sub,TsClose.Click,PortraitManager.vb:718,none,,Divergence,"bounded read-only viewer port: VB filters/navigation/editors/bg-workers/Windows-shell handlers intentionally not ported (PARITY.md recurring pattern). SOME are owner-confirm candidates: ModExplorer filter subsystem, PortraitManager prev/next navigation."
PortraitManager.vb,PortraitManager,LvPortraits_MouseEnter,Sub,LvPortraits.MouseEnter,PortraitManager.vb:739,none,,Divergence,"bounded read-only viewer port: VB filters/navigation/editors/bg-workers/Windows-shell handlers intentionally not ported (PARITY.md recurring pattern). SOME are owner-confirm candidates: ModExplorer filter subsystem, PortraitManager prev/next navigation."
PortraitManager.vb,PortraitManager,LvPortraits_KeyPress,Sub,LvPortraits.KeyPress,PortraitManager.vb:754,none,,Divergence,"bounded read-only viewer port: VB filters/navigation/editors/bg-workers/Windows-shell handlers intentionally not ported (PARITY.md recurring pattern). SOME are owner-confirm candidates: ModExplorer filter subsystem, PortraitManager prev/next navigation."
PortraitManager.vb,PortraitManager,LvPortraits_RetrieveVirtualItem,Sub,LvPortraits.RetrieveVirtualItem,PortraitManager.vb:769,none,,Divergence,"bounded read-only viewer port: VB filters/navigation/editors/bg-workers/Windows-shell handlers intentionally not ported (PARITY.md recurring pattern). SOME are owner-confirm candidates: ModExplorer filter subsystem, PortraitManager prev/next navigation."
PortraitManager.vb,PortraitManager,LvPortraits_SelectedIndexChanged,Sub,LvPortraits.SelectedIndexChanged,PortraitManager.vb:809,none,,Partial,"viewer shell + core present; VB richness simplified (haiku swept, orchestrator-verified)."
PortraitManager.vb,PortraitManager,LvPortraits_ItemClicked,Sub,LvPortraits.ItemClicked,PortraitManager.vb:872,none,,Divergence,"bounded read-only viewer port: VB filters/navigation/editors/bg-workers/Windows-shell handlers intentionally not ported (PARITY.md recurring pattern). SOME are owner-confirm candidates: ModExplorer filter subsystem, PortraitManager prev/next navigation."
PortraitManager.vb,PortraitManager,LvPortraits_MouseDoubleClick,Sub,LvPortraits.MouseDoubleClick,PortraitManager.vb:884,none,,Divergence,"bounded read-only viewer port: VB filters/navigation/editors/bg-workers/Windows-shell handlers intentionally not ported (PARITY.md recurring pattern). SOME are owner-confirm candidates: ModExplorer filter subsystem, PortraitManager prev/next navigation."
PortraitManager.vb,PortraitManager,LvPortraits_MouseLeave,Sub,LvPortraits.MouseLeave,PortraitManager.vb:896,none,,Divergence,"bounded read-only viewer port: VB filters/navigation/editors/bg-workers/Windows-shell handlers intentionally not ported (PARITY.md recurring pattern). SOME are owner-confirm candidates: ModExplorer filter subsystem, PortraitManager prev/next navigation."
PortraitManager.vb,PortraitManager,LvPortraits_KeyUp,Sub,LvPortraits.KeyUp,PortraitManager.vb:910,none,,Divergence,"bounded read-only viewer port: VB filters/navigation/editors/bg-workers/Windows-shell handlers intentionally not ported (PARITY.md recurring pattern). SOME are owner-confirm candidates: ModExplorer filter subsystem, PortraitManager prev/next navigation."
PortraitManager.vb,PortraitManager,LpImages_MouseMove,Sub,LpImages.MouseMove,PortraitManager.vb:927,none,,Divergence,"bounded read-only viewer port: VB filters/navigation/editors/bg-workers/Windows-shell handlers intentionally not ported (PARITY.md recurring pattern). SOME are owner-confirm candidates: ModExplorer filter subsystem, PortraitManager prev/next navigation."
PortraitManager.vb,PortraitManager,Pic_MouseMove,Sub,"PicHuge.MouseMove, PicLarge.MouseMove, PicMedium.MouseMove,",PortraitManager.vb:975,none,,Divergence,"bounded read-only viewer port: VB filters/navigation/editors/bg-workers/Windows-shell handlers intentionally not ported (PARITY.md recurring pattern). SOME are owner-confirm candidates: ModExplorer filter subsystem, PortraitManager prev/next navigation."
PortraitManager.vb,PortraitManager,LpImages_Click,Sub,"LpImages.Click,",PortraitManager.vb:987,none,,Partial,"viewer shell + core present; VB richness simplified (haiku swept, orchestrator-verified)."
PublishMod.vb,PublishMod,PublishMod_Load,Sub,MyBase.Load,PublishMod.vb:70,none,,Divergence,WinForms lifecycle/event/virtual-list/background-worker/mouse-hover plumbing.
PublishMod.vb,PublishMod,PublishMod_Shown,Sub,Me.Shown,PublishMod.vb:118,none,,Divergence,WinForms lifecycle/event/virtual-list/background-worker/mouse-hover plumbing.
PublishMod.vb,PublishMod,TxVersion_KeyPress,Sub,TxVersion.KeyPress,PublishMod.vb:127,none,,Divergence,WinForms lifecycle/event/virtual-list/background-worker/mouse-hover plumbing.
PublishMod.vb,PublishMod,TxVersion_TextChanged,Sub,TxVersion.TextChanged,PublishMod.vb:137,none,,Divergence,WinForms lifecycle/event/virtual-list/background-worker/mouse-hover plumbing.
PublishMod.vb,PublishMod,BhPublishMod_Click,Sub,BhPublishMod.Click,PublishMod.vb:157,none,,Divergence,WinForms lifecycle/event/virtual-list/background-worker/mouse-hover plumbing.
PublishMod.vb,PublishMod,BtCancel_Click,Sub,BtCancel.Click,PublishMod.vb:166,none,,Divergence,WinForms event/progress/UI plumbing refactored into controller/vault + bounded viewer (search/copy-paste/nav). Owner-confirm candidates: StartScreen export/copy-paste/search.
PublishMod.vb,PublishMod,BtPublish_Click,Sub,BtPublish.Click,PublishMod.vb:177,none,,Ported,"port view/domain layer (details/contents/status/paste/recent/profile views, hak-patch, play-data viewer, find-files, conflicts, workshop, publish)."
RtfThemeManager.vb,RtfThemeManager,RtfThemeManager_Load,Sub,Me.Load,RtfThemeManager.vb:204,none,,Divergence,debug diagnostic reports (debug-menu-only) + Windows taskbar progress + bounded RTF-recolour theme engine (port uses a single palette).
RtfThemeManager.vb,RtfThemeManager,RtfThemeManager_Shown,Sub,Me.Shown,RtfThemeManager.vb:245,none,,Divergence,debug diagnostic reports (debug-menu-only) + Windows taskbar progress + bounded RTF-recolour theme engine (port uses a single palette).
RtfThemeManager.vb,RtfThemeManager,RtfThemeManager_FormClosing,Sub,Me.FormClosing,RtfThemeManager.vb:284,none,,Divergence,debug diagnostic reports (debug-menu-only) + Windows taskbar progress + bounded RTF-recolour theme engine (port uses a single palette).
Settings.Advanced.vb,Settings,LvAdvanced_ItemCheck,Sub,LvAdvanced.ItemCheck,Settings.Advanced.vb:278,none,,Divergence,"VB per-preference ListView-editor plumbing (Preferences/Advanced/MenuCommon/MapExceptions pages), ModExplorer rating/prefix/operand filters + virtual-list/bg-worker, and ModView WinForms events / cosmetic icons+tooltips. Bounded port = tabbed Settings dialog + name/state/completed ModExplorer filter."
Settings.Advanced.vb,Settings,LvAdvanced_SelectedIndexChanged,Sub,LvAdvanced.SelectedIndexChanged,Settings.Advanced.vb:463,none,,Divergence,"VB per-preference ListView-editor plumbing (Preferences/Advanced/MenuCommon/MapExceptions pages), ModExplorer rating/prefix/operand filters + virtual-list/bg-worker, and ModView WinForms events / cosmetic icons+tooltips. Bounded port = tabbed Settings dialog + name/state/completed ModExplorer filter."
Settings.Locations.vb,Settings,LvLocations_ItemCheck,Sub,LvLocations.ItemCheck,Settings.Locations.vb:281,none,,Divergence,"VB per-preference ListView-editor framework (Preferences/Config/Profiles/Locations pages, Import/Export/Reset/Undo). Bounded port = tabbed dialog + FolderMapping + status-bar profile menu. Subagent verdict: 0 MISSING user prefs (see FINDING_3_SETTINGS.md for the pref-level gap = 10 add-a-setting items)."
Settings.MapExceptions.vb,Settings,LvExceptions_GotFocus,Sub,LvExceptions.GotFocus,Settings.MapExceptions.vb:118,none,,Divergence,"VB per-preference ListView-editor plumbing (Preferences/Advanced/MenuCommon/MapExceptions pages), ModExplorer rating/prefix/operand filters + virtual-list/bg-worker, and ModView WinForms events / cosmetic icons+tooltips. Bounded port = tabbed Settings dialog + name/state/completed ModExplorer filter."
Settings.MapExceptions.vb,Settings,LvExceptions_LostFocus,Sub,LvExceptions.LostFocus,Settings.MapExceptions.vb:135,none,,Divergence,"VB per-preference ListView-editor plumbing (Preferences/Advanced/MenuCommon/MapExceptions pages), ModExplorer rating/prefix/operand filters + virtual-list/bg-worker, and ModView WinForms events / cosmetic icons+tooltips. Bounded port = tabbed Settings dialog + name/state/completed ModExplorer filter."
Settings.MapExceptions.vb,Settings,CmxNewException_Click,Sub,CmxNewException.Click,Settings.MapExceptions.vb:158,none,,Divergence,"VB per-preference ListView-editor plumbing (Preferences/Advanced/MenuCommon/MapExceptions pages), ModExplorer rating/prefix/operand filters + virtual-list/bg-worker, and ModView WinForms events / cosmetic icons+tooltips. Bounded port = tabbed Settings dialog + name/state/completed ModExplorer filter."
Settings.MapExceptions.vb,Settings,CmxEditException_Click,Sub,CmxEditException.Click,Settings.MapExceptions.vb:208,none,,Divergence,"VB per-preference ListView-editor plumbing (Preferences/Advanced/MenuCommon/MapExceptions pages), ModExplorer rating/prefix/operand filters + virtual-list/bg-worker, and ModView WinForms events / cosmetic icons+tooltips. Bounded port = tabbed Settings dialog + name/state/completed ModExplorer filter."
Settings.MapExceptions.vb,Settings,CmxUndo_Click,Sub,CmxUndo.Click,Settings.MapExceptions.vb:318,none,,Divergence,"VB per-preference ListView-editor plumbing (Preferences/Advanced/MenuCommon/MapExceptions pages), ModExplorer rating/prefix/operand filters + virtual-list/bg-worker, and ModView WinForms events / cosmetic icons+tooltips. Bounded port = tabbed Settings dialog + name/state/completed ModExplorer filter."
Settings.MapExceptions.vb,Settings,CmxRemove_Click,Sub,CmxRemove.Click,Settings.MapExceptions.vb:339,none,,Divergence,"VB per-preference ListView-editor plumbing (Preferences/Advanced/MenuCommon/MapExceptions pages), ModExplorer rating/prefix/operand filters + virtual-list/bg-worker, and ModView WinForms events / cosmetic icons+tooltips. Bounded port = tabbed Settings dialog + name/state/completed ModExplorer filter."
Settings.MapExcludes.vb,Settings,CexNewExclusion_Click,Sub,CexNewExclusion.Click,Settings.MapExcludes.vb:291,none,,Partial,map editing ported via FolderMapping dialog (Extensions/Files/Folders/Excludes add/remove/reset); VB ListView import/rename context menus divergent.
Settings.MapExcludes.vb,Settings,CexEditExclusion_Click,Sub,CexEditExclusion.Click,Settings.MapExcludes.vb:333,none,,Partial,map editing ported via FolderMapping dialog (Extensions/Files/Folders/Excludes add/remove/reset); VB ListView import/rename context menus divergent.
Settings.MapExcludes.vb,Settings,CexUndo_Click,Sub,CexUndo.Click,Settings.MapExcludes.vb:401,none,,Partial,map editing ported via FolderMapping dialog (Extensions/Files/Folders/Excludes add/remove/reset); VB ListView import/rename context menus divergent.
Settings.MapExcludes.vb,Settings,CexRemove_Click,Sub,CexRemove.Click,Settings.MapExcludes.vb:430,none,,Partial,map editing ported via FolderMapping dialog (Extensions/Files/Folders/Excludes add/remove/reset); VB ListView import/rename context menus divergent.
Settings.MapExcludes.vb,Settings,CexAddPlayerExclusions_Click,Sub,CexAddPlayerExclusions.Click,Settings.MapExcludes.vb:479,none,,Partial,map editing ported via FolderMapping dialog (Extensions/Files/Folders/Excludes add/remove/reset); VB ListView import/rename context menus divergent.
Settings.MapExcludes.vb,Settings,CexRemovePlayerExclusions_Click,Sub,CexRemovePlayerExclusions.Click,Settings.MapExcludes.vb:524,none,,Partial,map editing ported via FolderMapping dialog (Extensions/Files/Folders/Excludes add/remove/reset); VB ListView import/rename context menus divergent.
Settings.MapExtensions.vb,Settings,CmeNewExtension_Click,Sub,CmeNewExtension.Click,Settings.MapExtensions.vb:384,none,,Partial,map editing ported via FolderMapping dialog (Extensions/Files/Folders/Excludes add/remove/reset); VB ListView import/rename context menus divergent.
Settings.MapExtensions.vb,Settings,CmeRenameExt_Click,Sub,CmeRenameExt.Click,Settings.MapExtensions.vb:435,none,,Partial,map editing ported via FolderMapping dialog (Extensions/Files/Folders/Excludes add/remove/reset); VB ListView import/rename context menus divergent.
Settings.MapExtensions.vb,Settings,CmeFolder_Click,Sub,"CmeDefaultFolder.Click, CmeSecondaryFolder.Click",Settings.MapExtensions.vb:503,none,,Partial,map editing ported via FolderMapping dialog (Extensions/Files/Folders/Excludes add/remove/reset); VB ListView import/rename context menus divergent.
Settings.MapExtensions.vb,Settings,CmeUndo_Click,Sub,CmeUndo.Click,Settings.MapExtensions.vb:567,none,,Partial,map editing ported via FolderMapping dialog (Extensions/Files/Folders/Excludes add/remove/reset); VB ListView import/rename context menus divergent.
Settings.MapExtensions.vb,Settings,CmeRemove_Click,Sub,CmeRemove.Click,Settings.MapExtensions.vb:609,none,,Partial,map editing ported via FolderMapping dialog (Extensions/Files/Folders/Excludes add/remove/reset); VB ListView import/rename context menus divergent.
Settings.MapFiles.vb,Settings,CmfNewFileName_Click,Sub,CmfNewFileName.Click,Settings.MapFiles.vb:137,none,,Partial,map editing ported via FolderMapping dialog (Extensions/Files/Folders/Excludes add/remove/reset); VB ListView import/rename context menus divergent.
Settings.MapFiles.vb,Settings,CmfFileName_Click,Sub,CmfFileName.Click,Settings.MapFiles.vb:186,none,,Partial,map editing ported via FolderMapping dialog (Extensions/Files/Folders/Excludes add/remove/reset); VB ListView import/rename context menus divergent.
Settings.MapFiles.vb,Settings,CmfNwnFolder_Click,Sub,CmfNwnFolder.Click,Settings.MapFiles.vb:254,none,,Partial,map editing ported via FolderMapping dialog (Extensions/Files/Folders/Excludes add/remove/reset); VB ListView import/rename context menus divergent.
Settings.MapFolders.vb,Settings,CmdNewSourceFolder_Click,Sub,CmdNewSourceFolder.Click,Settings.MapFolders.vb:134,none,,Partial,map editing ported via FolderMapping dialog (Extensions/Files/Folders/Excludes add/remove/reset); VB ListView import/rename context menus divergent.
Settings.MapFolders.vb,Settings,CmdSourceFolder_Click,Sub,CmdSourceFolder.Click,Settings.MapFolders.vb:180,none,,Partial,map editing ported via FolderMapping dialog (Extensions/Files/Folders/Excludes add/remove/reset); VB ListView import/rename context menus divergent.
Settings.MapFolders.vb,Settings,CmdNwnFolder_Click,Sub,CmdNwnFolder.Click,Settings.MapFolders.vb:239,none,,Partial,map editing ported via FolderMapping dialog (Extensions/Files/Folders/Excludes add/remove/reset); VB ListView import/rename context menus divergent.
Settings.MapFolders.vb,Settings,CmdUndo_Click,Sub,"CmdUndo.Click, CmfUndo.Click",Settings.MapFolders.vb:289,none,,Partial,map editing ported via FolderMapping dialog (Extensions/Files/Folders/Excludes add/remove/reset); VB ListView import/rename context menus divergent.
Settings.MapFolders.vb,Settings,CmdRemove_Click,Sub,"CmdRemove.Click, CmfRemove.Click",Settings.MapFolders.vb:317,none,,Partial,map editing ported via FolderMapping dialog (Extensions/Files/Folders/Excludes add/remove/reset); VB ListView import/rename context menus divergent.
Settings.MenuCommon.vb,Settings,Cm_MoveUp_Click,Sub,"CmrMoveUp.Click, CmwMoveUp.Click",Settings.MenuCommon.vb:219,none,,Divergence,"VB per-preference ListView-editor plumbing (Preferences/Advanced/MenuCommon/MapExceptions pages), ModExplorer rating/prefix/operand filters + virtual-list/bg-worker, and ModView WinForms events / cosmetic icons+tooltips. Bounded port = tabbed Settings dialog + name/state/completed ModExplorer filter."
Settings.MenuCommon.vb,Settings,Cm_MoveDown_Click,Sub,"CmrMoveDown.Click, CmwMoveDown.Click",Settings.MenuCommon.vb:236,none,,Divergence,"VB per-preference ListView-editor plumbing (Preferences/Advanced/MenuCommon/MapExceptions pages), ModExplorer rating/prefix/operand filters + virtual-list/bg-worker, and ModView WinForms events / cosmetic icons+tooltips. Bounded port = tabbed Settings dialog + name/state/completed ModExplorer filter."
Settings.MenuCommon.vb,Settings,Cm_MoveTo_Click,Sub,"CmrMoveTo.Click, CmwMoveTo.Click",Settings.MenuCommon.vb:254,none,,Divergence,"VB per-preference ListView-editor plumbing (Preferences/Advanced/MenuCommon/MapExceptions pages), ModExplorer rating/prefix/operand filters + virtual-list/bg-worker, and ModView WinForms events / cosmetic icons+tooltips. Bounded port = tabbed Settings dialog + name/state/completed ModExplorer filter."
Settings.MenuCommon.vb,Settings,Cm_Undo_Click,Sub,"CmrUndo.Click, CmwUndo.Click",Settings.MenuCommon.vb:323,none,,Divergence,"VB per-preference ListView-editor plumbing (Preferences/Advanced/MenuCommon/MapExceptions pages), ModExplorer rating/prefix/operand filters + virtual-list/bg-worker, and ModView WinForms events / cosmetic icons+tooltips. Bounded port = tabbed Settings dialog + name/state/completed ModExplorer filter."
Settings.MenuCommon.vb,Settings,Cm_InsertSeparator_Click,Sub,"CmrInsertSeparator.Click, CmwInsertSeparator.Click",Settings.MenuCommon.vb:346,none,,Divergence,"VB per-preference ListView-editor plumbing (Preferences/Advanced/MenuCommon/MapExceptions pages), ModExplorer rating/prefix/operand filters + virtual-list/bg-worker, and ModView WinForms events / cosmetic icons+tooltips. Bounded port = tabbed Settings dialog + name/state/completed ModExplorer filter."
Settings.MenuCommon.vb,Settings,Cm_Remove_Click,Sub,"CmrRemove.Click, CmwRemove.Click",Settings.MenuCommon.vb:431,none,,Divergence,"VB per-preference ListView-editor plumbing (Preferences/Advanced/MenuCommon/MapExceptions pages), ModExplorer rating/prefix/operand filters + virtual-list/bg-worker, and ModView WinForms events / cosmetic icons+tooltips. Bounded port = tabbed Settings dialog + name/state/completed ModExplorer filter."
Settings.Preferences.vb,Settings,CprUndo_Click,Sub,CprUndo.Click,Settings.Preferences.vb:254,none,,Divergence,"VB per-preference ListView-editor plumbing (Preferences/Advanced/MenuCommon/MapExceptions pages), ModExplorer rating/prefix/operand filters + virtual-list/bg-worker, and ModView WinForms events / cosmetic icons+tooltips. Bounded port = tabbed Settings dialog + name/state/completed ModExplorer filter."
Settings.Preferences.vb,Settings,LvPreferences_ItemCheck,Sub,LvPreferences.ItemCheck,Settings.Preferences.vb:290,none,,Divergence,"VB per-preference ListView-editor plumbing (Preferences/Advanced/MenuCommon/MapExceptions pages), ModExplorer rating/prefix/operand filters + virtual-list/bg-worker, and ModView WinForms events / cosmetic icons+tooltips. Bounded port = tabbed Settings dialog + name/state/completed ModExplorer filter."
Settings.Preferences.vb,Settings,CprToggle_Click,Sub,CprToggle.Click,Settings.Preferences.vb:351,none,,Divergence,"VB per-preference ListView-editor plumbing (Preferences/Advanced/MenuCommon/MapExceptions pages), ModExplorer rating/prefix/operand filters + virtual-list/bg-worker, and ModView WinForms events / cosmetic icons+tooltips. Bounded port = tabbed Settings dialog + name/state/completed ModExplorer filter."
Settings.Profiles.vb,Settings,CmpNewProfile_Click,Sub,CmpNewProfile.Click,Settings.Profiles.vb:389,none,,Divergence,"VB per-preference ListView-editor framework (Preferences/Config/Profiles/Locations pages, Import/Export/Reset/Undo). Bounded port = tabbed dialog + FolderMapping + status-bar profile menu. Subagent verdict: 0 MISSING user prefs (see FINDING_3_SETTINGS.md for the pref-level gap = 10 add-a-setting items)."
Settings.Profiles.vb,Settings,CmpRename_Click,Sub,CmpRename.Click,Settings.Profiles.vb:451,none,,Divergence,"VB per-preference ListView-editor framework (Preferences/Config/Profiles/Locations pages, Import/Export/Reset/Undo). Bounded port = tabbed dialog + FolderMapping + status-bar profile menu. Subagent verdict: 0 MISSING user prefs (see FINDING_3_SETTINGS.md for the pref-level gap = 10 add-a-setting items)."
Settings.Profiles.vb,Settings,CmpNwnPath_Click,Sub,CmpNwnPath.Click,Settings.Profiles.vb:509,none,,Divergence,"VB per-preference ListView-editor framework (Preferences/Config/Profiles/Locations pages, Import/Export/Reset/Undo). Bounded port = tabbed dialog + FolderMapping + status-bar profile menu. Subagent verdict: 0 MISSING user prefs (see FINDING_3_SETTINGS.md for the pref-level gap = 10 add-a-setting items)."
Settings.Profiles.vb,Settings,CmpCreateNwnPath_Click,Sub,CmpCreateNwnPath.Click,Settings.Profiles.vb:567,none,,Divergence,"VB per-preference ListView-editor framework (Preferences/Config/Profiles/Locations pages, Import/Export/Reset/Undo). Bounded port = tabbed dialog + FolderMapping + status-bar profile menu. Subagent verdict: 0 MISSING user prefs (see FINDING_3_SETTINGS.md for the pref-level gap = 10 add-a-setting items)."
Settings.Profiles.vb,Settings,CmpRemove_Click,Sub,CmpRemove.Click,Settings.Profiles.vb:632,none,,Divergence,"VB per-preference ListView-editor framework (Preferences/Config/Profiles/Locations pages, Import/Export/Reset/Undo). Bounded port = tabbed dialog + FolderMapping + status-bar profile menu. Subagent verdict: 0 MISSING user prefs (see FINDING_3_SETTINGS.md for the pref-level gap = 10 add-a-setting items)."
Settings.Profiles.vb,Settings,CmpUndo_Click,Sub,CmpUndo.Click,Settings.Profiles.vb:695,none,,Divergence,"VB per-preference ListView-editor framework (Preferences/Config/Profiles/Locations pages, Import/Export/Reset/Undo). Bounded port = tabbed dialog + FolderMapping + status-bar profile menu. Subagent verdict: 0 MISSING user prefs (see FINDING_3_SETTINGS.md for the pref-level gap = 10 add-a-setting items)."
Settings.RunMenu.vb,Settings,CmrNewMenu_Click,Sub,CmrNewMenu.Click,Settings.RunMenu.vb:106,none,,Partial,Run Menu editing present but bounded: the settings dialog Run Menu tab adds/edits/saves entries inline (label + Browse path) rather than via the VB MenuItemEditor dialog with icon extraction/validation.
Settings.RunMenu.vb,Settings,CmrChangeMenu_Click,Sub,CmrEditMenu.Click,Settings.RunMenu.vb:118,none,,Partial,Run Menu editing present but bounded: the settings dialog Run Menu tab adds/edits/saves entries inline (label + Browse path) rather than via the VB MenuItemEditor dialog with icon extraction/validation.
Settings.RunMenu.vb,Settings,LvRunMenu_KeyPress,Sub,LvRunMenu.KeyPress,Settings.RunMenu.vb:130,none,,Divergence,"Run Menu cross-platform/framework bits N/A: GetRunMenuPath (auto-detects bundled Windows companion-tool paths — no bundled tools cross-platform), ImportRunMenu/ResetRunMenuItem (VB per-preference import/undo ListView framework), LvRunMenu_KeyPress (+/- move-keys; port uses Move Up/Down buttons)."
Settings.WebMenu.vb,Settings,CmwNewMenu_Click,Sub,CmwNewMenu.Click,Settings.WebMenu.vb:109,none,,Divergence,WinForms app-lifecycle/exception + dialog events + ListView map/web editors + bg-worker + colour constants + Windows taskbar.
Settings.WebMenu.vb,Settings,CmwChangeMenu_Click,Sub,CmwEditMenu.Click,Settings.WebMenu.vb:121,none,,Divergence,WinForms app-lifecycle/exception + dialog events + ListView map/web editors + bg-worker + colour constants + Windows taskbar.
Settings.WebMenu.vb,Settings,LvWebMenu_KeyPress,Sub,LvWebMenu.KeyPress,Settings.WebMenu.vb:133,none,,Divergence,WinForms app-lifecycle/exception + dialog events + ListView map/web editors + bg-worker + colour constants + Windows taskbar.
Settings.vb,Settings,Settings_Load,Sub,MyBase.Load,Settings.vb:59,none,,Divergence,"VB per-preference ListView-editor framework (Preferences/Config/Profiles/Locations pages, Import/Export/Reset/Undo). Bounded port = tabbed dialog + FolderMapping + status-bar profile menu. Subagent verdict: 0 MISSING user prefs (see FINDING_3_SETTINGS.md for the pref-level gap = 10 add-a-setting items)."
Settings.vb,Settings,Settings_Shown,Sub,Me.Shown,Settings.vb:184,none,,Divergence,"VB per-preference ListView-editor framework (Preferences/Config/Profiles/Locations pages, Import/Export/Reset/Undo). Bounded port = tabbed dialog + FolderMapping + status-bar profile menu. Subagent verdict: 0 MISSING user prefs (see FINDING_3_SETTINGS.md for the pref-level gap = 10 add-a-setting items)."
Settings.vb,Settings,Settings_KeyDown,Sub,Me.KeyDown,Settings.vb:243,none,,Divergence,"VB per-preference ListView-editor framework (Preferences/Config/Profiles/Locations pages, Import/Export/Reset/Undo). Bounded port = tabbed dialog + FolderMapping + status-bar profile menu. Subagent verdict: 0 MISSING user prefs (see FINDING_3_SETTINGS.md for the pref-level gap = 10 add-a-setting items)."
Settings.vb,Settings,BtReset_SizeChanged,Sub,BtReset.SizeChanged,Settings.vb:285,none,,Divergence,"VB per-preference ListView-editor framework (Preferences/Config/Profiles/Locations pages, Import/Export/Reset/Undo). Bounded port = tabbed dialog + FolderMapping + status-bar profile menu. Subagent verdict: 0 MISSING user prefs (see FINDING_3_SETTINGS.md for the pref-level gap = 10 add-a-setting items)."
Settings.vb,Settings,TsFontAndColor_Click,Sub,TsFontAndColor.Click,Settings.vb:340,none,,Divergence,"VB per-preference ListView-editor framework (Preferences/Config/Profiles/Locations pages, Import/Export/Reset/Undo). Bounded port = tabbed dialog + FolderMapping + status-bar profile menu. Subagent verdict: 0 MISSING user prefs (see FINDING_3_SETTINGS.md for the pref-level gap = 10 add-a-setting items)."
Settings.vb,Settings,TsToolbar_Click,Sub,TsToolbar.Click,Settings.vb:365,none,,Divergence,"VB per-preference ListView-editor framework (Preferences/Config/Profiles/Locations pages, Import/Export/Reset/Undo). Bounded port = tabbed dialog + FolderMapping + status-bar profile menu. Subagent verdict: 0 MISSING user prefs (see FINDING_3_SETTINGS.md for the pref-level gap = 10 add-a-setting items)."
Settings.vb,Settings,TsExport_Click,Sub,TsExport.Click,Settings.vb:385,none,,Divergence,"VB per-preference ListView-editor framework (Preferences/Config/Profiles/Locations pages, Import/Export/Reset/Undo). Bounded port = tabbed dialog + FolderMapping + status-bar profile menu. Subagent verdict: 0 MISSING user prefs (see FINDING_3_SETTINGS.md for the pref-level gap = 10 add-a-setting items)."
Settings.vb,Settings,TsImport_Click,Sub,TsImport.Click,Settings.vb:433,none,,Divergence,"VB per-preference ListView-editor framework (Preferences/Config/Profiles/Locations pages, Import/Export/Reset/Undo). Bounded port = tabbed dialog + FolderMapping + status-bar profile menu. Subagent verdict: 0 MISSING user prefs (see FINDING_3_SETTINGS.md for the pref-level gap = 10 add-a-setting items)."
Settings.vb,Settings,TsImportMaps_Click,Sub,TsImportMaps.Click,Settings.vb:577,none,,Divergence,"VB per-preference ListView-editor framework (Preferences/Config/Profiles/Locations pages, Import/Export/Reset/Undo). Bounded port = tabbed dialog + FolderMapping + status-bar profile menu. Subagent verdict: 0 MISSING user prefs (see FINDING_3_SETTINGS.md for the pref-level gap = 10 add-a-setting items)."
Settings.vb,Settings,BtSave_Click,Sub,BtSave.Click,Settings.vb:674,strong,vaultkeeper/ui/controller.py,Ported,DocOrganiser/ModPlayViewer/WizardBuilder core report/view/save logic (subagent+orchestrator).
Settings.vb,Settings,BtReset_Click,Sub,BtReset.Click,Settings.vb:764,none,,Divergence,"VB per-preference ListView-editor framework (Preferences/Config/Profiles/Locations pages, Import/Export/Reset/Undo). Bounded port = tabbed dialog + FolderMapping + status-bar profile menu. Subagent verdict: 0 MISSING user prefs (see FINDING_3_SETTINGS.md for the pref-level gap = 10 add-a-setting items)."
Settings.vb,Settings,BtCancel_Click,Sub,BtCancel.Click,Settings.vb:800,none,,Divergence,WinForms event/progress/UI plumbing refactored into controller/vault + bounded viewer (search/copy-paste/nav). Owner-confirm candidates: StartScreen export/copy-paste/search.
Settings.vb,Settings,CmsResetAll_Click,Sub,CmsResetAll.Click,Settings.vb:868,none,,Divergence,"VB per-preference ListView-editor framework (Preferences/Config/Profiles/Locations pages, Import/Export/Reset/Undo). Bounded port = tabbed dialog + FolderMapping + status-bar profile menu. Subagent verdict: 0 MISSING user prefs (see FINDING_3_SETTINGS.md for the pref-level gap = 10 add-a-setting items)."
Settings.vb,Settings,CmsResetPanel_Click,Sub,CmsResetPanel.Click,Settings.vb:892,none,,Divergence,"VB per-preference ListView-editor framework (Preferences/Config/Profiles/Locations pages, Import/Export/Reset/Undo). Bounded port = tabbed dialog + FolderMapping + status-bar profile menu. Subagent verdict: 0 MISSING user prefs (see FINDING_3_SETTINGS.md for the pref-level gap = 10 add-a-setting items)."
Settings.vb,Settings,CmsResetSelected_Click,Sub,CmsResetSelected.Click,Settings.vb:949,none,,Divergence,"VB per-preference ListView-editor framework (Preferences/Config/Profiles/Locations pages, Import/Export/Reset/Undo). Bounded port = tabbed dialog + FolderMapping + status-bar profile menu. Subagent verdict: 0 MISSING user prefs (see FINDING_3_SETTINGS.md for the pref-level gap = 10 add-a-setting items)."
SlideShow.vb,SlideShow,SlideShow_Load,Sub,Me.Load,SlideShow.vb:104,none,,Deferred,BackupManager + NetworkManager shared-store/sync + SlideShow + find-rename + original-restorers + prefix editor + legacy migrate.
SlideShow.vb,SlideShow,TiShow_Tick,Sub,TiShow.Tick,SlideShow.vb:164,none,,Deferred,BackupManager + NetworkManager shared-store/sync + SlideShow + find-rename + original-restorers + prefix editor + legacy migrate.
SlideShow.vb,SlideShow,PicSlide_Click,Sub,PicSlide.Click,SlideShow.vb:181,none,,Deferred,BackupManager + NetworkManager shared-store/sync + SlideShow + find-rename + original-restorers + prefix editor + legacy migrate.
SlideShow.vb,SlideShow,PicSlide_MouseMove,Sub,PicSlide.MouseMove,SlideShow.vb:197,none,,Deferred,BackupManager + NetworkManager shared-store/sync + SlideShow + find-rename + original-restorers + prefix editor + legacy migrate.
SlideShow.vb,SlideShow,PicClose_MouseHover,Sub,PicClose.MouseHover,SlideShow.vb:228,none,,Deferred,BackupManager + NetworkManager shared-store/sync + SlideShow + find-rename + original-restorers + prefix editor + legacy migrate.
SlideShow.vb,SlideShow,PicClose_MouseEnter,Sub,PicClose.MouseEnter,SlideShow.vb:238,none,,Deferred,BackupManager + NetworkManager shared-store/sync + SlideShow + find-rename + original-restorers + prefix editor + legacy migrate.
SlideShow.vb,SlideShow,PicClose_MouseLeave,Sub,PicClose.MouseLeave,SlideShow.vb:248,none,,Deferred,BackupManager + NetworkManager shared-store/sync + SlideShow + find-rename + original-restorers + prefix editor + legacy migrate.
SlideShow.vb,SlideShow,PicClose_Click,Sub,PicClose.Click,SlideShow.vb:257,none,,Deferred,BackupManager + NetworkManager shared-store/sync + SlideShow + find-rename + original-restorers + prefix editor + legacy migrate.
SlideShow.vb,SlideShow,SlideShow_FormClosing,Sub,Me.FormClosing,SlideShow.vb:267,none,,Deferred,BackupManager + NetworkManager shared-store/sync + SlideShow + find-rename + original-restorers + prefix editor + legacy migrate.
StartScreenManager.vb,StartScreenManager,LoadscreenManager_Load,Sub,MyBase.Load,StartScreenManager.vb:292,none,,Deferred,slideshow/prefix (StartScreen) + retrieve-orchestration/old-file-mgmt/self-update (DownloadProject).
StartScreenManager.vb,StartScreenManager,LoadscreenManager_FormClosing,Sub,Me.FormClosing,StartScreenManager.vb:838,none,,Deferred,slideshow/prefix (StartScreen) + retrieve-orchestration/old-file-mgmt/self-update (DownloadProject).
StartScreenManager.vb,StartScreenManager,FvImages_KeyPress,Sub,FvImages.KeyPress,StartScreenManager.vb:902,none,,Divergence,WinForms event/progress/UI plumbing refactored into controller/vault + bounded viewer (search/copy-paste/nav). Owner-confirm candidates: StartScreen export/copy-paste/search.
StartScreenManager.vb,StartScreenManager,FvImages_SelectedIndexChanged,Sub,FvImages.SelectedIndexChanged,StartScreenManager.vb:912,none,,Divergence,WinForms event/progress/UI plumbing refactored into controller/vault + bounded viewer (search/copy-paste/nav). Owner-confirm candidates: StartScreen export/copy-paste/search.
StartScreenManager.vb,StartScreenManager,FvImages_VirtualItemsSelectionRangeChanged,Sub,FvImages.VirtualItemsSelectionRangeChanged,StartScreenManager.vb:923,none,,Divergence,WinForms event/progress/UI plumbing refactored into controller/vault + bounded viewer (search/copy-paste/nav). Owner-confirm candidates: StartScreen export/copy-paste/search.
StartScreenManager.vb,StartScreenManager,PicScreen_Click,Sub,PicScreen.Click,StartScreenManager.vb:1049,none,,Divergence,WinForms event/progress/UI plumbing refactored into controller/vault + bounded viewer (search/copy-paste/nav). Owner-confirm candidates: StartScreen export/copy-paste/search.
StartScreenManager.vb,StartScreenManager,PicScreen_MouseMove,Sub,PicScreen.MouseMove,StartScreenManager.vb:1076,none,,Divergence,WinForms event/progress/UI plumbing refactored into controller/vault + bounded viewer (search/copy-paste/nav). Owner-confirm candidates: StartScreen export/copy-paste/search.
StartScreenManager.vb,StartScreenManager,LoadscreenManager_Activated,Sub,Me.Activated,StartScreenManager.vb:1120,none,,Divergence,WinForms event/progress/UI plumbing refactored into controller/vault + bounded viewer (search/copy-paste/nav). Owner-confirm candidates: StartScreen export/copy-paste/search.
StartScreenManager.vb,StartScreenManager,LsbImages_SearchActivated,Sub,LsbImages.SearchActivated,StartScreenManager.vb:1143,none,,Divergence,WinForms event/progress/UI plumbing refactored into controller/vault + bounded viewer (search/copy-paste/nav). Owner-confirm candidates: StartScreen export/copy-paste/search.
StartScreenManager.vb,StartScreenManager,LsbImages_SearchDeactivated,Sub,LsbImages.SearchDeactivated,StartScreenManager.vb:1151,none,,Divergence,WinForms event/progress/UI plumbing refactored into controller/vault + bounded viewer (search/copy-paste/nav). Owner-confirm candidates: StartScreen export/copy-paste/search.
StartScreenManager.vb,StartScreenManager,RbPrevious_Click,Sub,RbPrevious.Click,StartScreenManager.vb:1168,none,,Divergence,"bounded read-only viewer port: VB filters/navigation/editors/bg-workers/Windows-shell handlers intentionally not ported (PARITY.md recurring pattern). SOME are owner-confirm candidates: ModExplorer filter subsystem, PortraitManager prev/next navigation."
StartScreenManager.vb,StartScreenManager,RbNext_Click,Sub,RbNext.Click,StartScreenManager.vb:1176,none,,Divergence,"bounded read-only viewer port: VB filters/navigation/editors/bg-workers/Windows-shell handlers intentionally not ported (PARITY.md recurring pattern). SOME are owner-confirm candidates: ModExplorer filter subsystem, PortraitManager prev/next navigation."
StartScreenManager.vb,StartScreenManager,RbAddFolders_Click,Sub,RbAddFolders.Click,StartScreenManager.vb:1184,none,,Ported,"StartScreen actions + vault download/install pipeline (subagent-swept, orchestrator-verified vs memory)."
StartScreenManager.vb,StartScreenManager,RbAddFiles_Click,Sub,RbAddFiles.Click,StartScreenManager.vb:1215,none,,Ported,"StartScreen actions + vault download/install pipeline (subagent-swept, orchestrator-verified vs memory)."
StartScreenManager.vb,StartScreenManager,RbRename_Click,Sub,RbRename.Click,StartScreenManager.vb:1243,none,,Ported,"StartScreen actions + vault download/install pipeline (subagent-swept, orchestrator-verified vs memory)."
StartScreenManager.vb,StartScreenManager,RbExport_Click,Sub,RbExport.Click,StartScreenManager.vb:1309,none,,Divergence,WinForms event/progress/UI plumbing refactored into controller/vault + bounded viewer (search/copy-paste/nav). Owner-confirm candidates: StartScreen export/copy-paste/search.
StartScreenManager.vb,StartScreenManager,RbDeleteFile_Click,Sub,RbDeleteFile.Click,StartScreenManager.vb:1340,none,,Ported,"StartScreen actions + vault download/install pipeline (subagent-swept, orchestrator-verified vs memory)."
StartScreenManager.vb,StartScreenManager,RbInstall_Click,Sub,RbInstall.Click,StartScreenManager.vb:1449,none,,Ported,"StartScreen actions + vault download/install pipeline (subagent-swept, orchestrator-verified vs memory)."
StartScreenManager.vb,StartScreenManager,RbSlideshow_Click,Sub,RbSlideshow.Click,StartScreenManager.vb:1486,none,,Deferred,slideshow/prefix (StartScreen) + retrieve-orchestration/old-file-mgmt/self-update (DownloadProject).
StartScreenManager.vb,StartScreenManager,RbSlideshow_MouseUp,Sub,RbSlideshow.MouseUp,StartScreenManager.vb:1496,none,,Deferred,slideshow/prefix (StartScreen) + retrieve-orchestration/old-file-mgmt/self-update (DownloadProject).
StartScreenManager.vb,StartScreenManager,RbLoadscreenHelp_Click,Sub,RbLoadscreenHelp.Click,StartScreenManager.vb:1550,none,,Ported,"StartScreen actions + vault download/install pipeline (subagent-swept, orchestrator-verified vs memory)."
StartScreenManager.vb,StartScreenManager,FvImages_MouseUp,Sub,FvImages.MouseUp,StartScreenManager.vb:1558,none,,Divergence,WinForms event/progress/UI plumbing refactored into controller/vault + bounded viewer (search/copy-paste/nav). Owner-confirm candidates: StartScreen export/copy-paste/search.
StartScreenManager.vb,StartScreenManager,PicScreen_MouseUp,Sub,PicScreen.MouseUp,StartScreenManager.vb:1566,none,,Divergence,WinForms event/progress/UI plumbing refactored into controller/vault + bounded viewer (search/copy-paste/nav). Owner-confirm candidates: StartScreen export/copy-paste/search.
StartScreenManager.vb,StartScreenManager,RbAddAutoExclusion_Click,Sub,RbAddAutoExclusion.Click,StartScreenManager.vb:1643,none,,Ported,"StartScreen actions + vault download/install pipeline (subagent-swept, orchestrator-verified vs memory)."
StartScreenManager.vb,StartScreenManager,RbRemoveAutoExclusion_Click,Sub,RbRemoveAutoExclusion.Click,StartScreenManager.vb:1655,none,,Ported,"StartScreen actions + vault download/install pipeline (subagent-swept, orchestrator-verified vs memory)."
StartScreenManager.vb,StartScreenManager,LcbExcluded_CheckedChanged,Sub,LcbExcluded.CheckedChanged,StartScreenManager.vb:1670,none,,Divergence,WinForms event/progress/UI plumbing refactored into controller/vault + bounded viewer (search/copy-paste/nav). Owner-confirm candidates: StartScreen export/copy-paste/search.
StartScreenManager.vb,StartScreenManager,LcbStats_Click,Sub,LcbStats.Click,StartScreenManager.vb:1687,none,,Divergence,WinForms event/progress/UI plumbing refactored into controller/vault + bounded viewer (search/copy-paste/nav). Owner-confirm candidates: StartScreen export/copy-paste/search.
StartScreenManager.vb,StartScreenManager,RbInfoReport_Click,Sub,RbInfoReport.Click,StartScreenManager.vb:1699,none,,Partial,"core ported, VB UI flow simplified."
StartScreenManager.vb,StartScreenManager,RbSlideShowInterval_Click,Sub,RbSlideShowInterval.Click,StartScreenManager.vb:1732,none,,Deferred,slideshow/prefix (StartScreen) + retrieve-orchestration/old-file-mgmt/self-update (DownloadProject).
StartScreenManager.vb,StartScreenManager,RbImport_Click,Sub,RbImport.Click,StartScreenManager.vb:1752,none,,Divergence,WinForms event/progress/UI plumbing refactored into controller/vault + bounded viewer (search/copy-paste/nav). Owner-confirm candidates: StartScreen export/copy-paste/search.
StartScreenManager.vb,StartScreenManager,RbClearExported_Click,Sub,RbClearExported.Click,StartScreenManager.vb:1804,none,,Divergence,WinForms event/progress/UI plumbing refactored into controller/vault + bounded viewer (search/copy-paste/nav). Owner-confirm candidates: StartScreen export/copy-paste/search.
StartScreenManager.vb,StartScreenManager,RbUninstall_Click,Sub,RbUninstall.Click,StartScreenManager.vb:1824,none,,Divergence,WinForms event/progress/UI plumbing refactored into controller/vault + bounded viewer (search/copy-paste/nav). Owner-confirm candidates: StartScreen export/copy-paste/search.
StartScreenManager.vb,StartScreenManager,RbRemove_Click,Sub,RbRemove.Click,StartScreenManager.vb:1847,none,,Divergence,WinForms event/progress/UI plumbing refactored into controller/vault + bounded viewer (search/copy-paste/nav). Owner-confirm candidates: StartScreen export/copy-paste/search.
StartScreenManager.vb,StartScreenManager,RbClose_Click,Sub,RbClose.Click,StartScreenManager.vb:1906,none,,Divergence,WinForms event/progress/UI plumbing refactored into controller/vault + bounded viewer (search/copy-paste/nav). Owner-confirm candidates: StartScreen export/copy-paste/search.
StartScreenManager.vb,StartScreenManager,BtSearch_Click,Sub,BtSearch.Click,StartScreenManager.vb:2304,none,,Divergence,WinForms event/progress/UI plumbing refactored into controller/vault + bounded viewer (search/copy-paste/nav). Owner-confirm candidates: StartScreen export/copy-paste/search.
StartScreenManager.vb,StartScreenManager,MgStatus_Click,Sub,MgStatus.Click,StartScreenManager.vb:2315,none,,Divergence,WinForms event/progress/UI plumbing refactored into controller/vault + bounded viewer (search/copy-paste/nav). Owner-confirm candidates: StartScreen export/copy-paste/search.
StartScreenManager.vb,StartScreenManager,LcbInstalled_Click,Sub,LcbInstalled.Click,StartScreenManager.vb:2323,none,,Divergence,WinForms event/progress/UI plumbing refactored into controller/vault + bounded viewer (search/copy-paste/nav). Owner-confirm candidates: StartScreen export/copy-paste/search.
StartScreenManager.vb,StartScreenManager,BgExportImport_DoWork,Sub,BgExportImport.DoWork,StartScreenManager.vb:2426,none,,Divergence,WinForms event/progress/UI plumbing refactored into controller/vault + bounded viewer (search/copy-paste/nav). Owner-confirm candidates: StartScreen export/copy-paste/search.
StartScreenManager.vb,StartScreenManager,BgExportImport_ProgressChanged,Sub,BgExportImport.ProgressChanged,StartScreenManager.vb:2452,none,,Divergence,WinForms event/progress/UI plumbing refactored into controller/vault + bounded viewer (search/copy-paste/nav). Owner-confirm candidates: StartScreen export/copy-paste/search.
StartScreenManager.vb,StartScreenManager,RbAutoSelect_CheckedChanged,Sub,RbAutoSelect.CheckedChanged,StartScreenManager.vb:2550,none,,Divergence,WinForms event/progress/UI plumbing refactored into controller/vault + bounded viewer (search/copy-paste/nav). Owner-confirm candidates: StartScreen export/copy-paste/search.
StartScreenManager.vb,StartScreenManager,RbShowPrefixed_CheckedChanged,Sub,RbShowPrefixed.CheckedChanged,StartScreenManager.vb:2562,none,,Divergence,WinForms event/progress/UI plumbing refactored into controller/vault + bounded viewer (search/copy-paste/nav). Owner-confirm candidates: StartScreen export/copy-paste/search.
StartScreenManager.vb,StartScreenManager,RbRepairPrefixed_Click,Sub,RbRepairPrefixed.Click,StartScreenManager.vb:2605,none,,Divergence,WinForms event/progress/UI plumbing refactored into controller/vault + bounded viewer (search/copy-paste/nav). Owner-confirm candidates: StartScreen export/copy-paste/search.
UpdateInstaller.vb,UpdateInstaller,BgScanner_DoWork,Sub,BgScanner.DoWork,UpdateInstaller.vb:66,none,,Divergence,WinForms event/progress/UI plumbing refactored into controller/vault + bounded viewer (search/copy-paste/nav). Owner-confirm candidates: StartScreen export/copy-paste/search.
UpdateInstaller.vb,UpdateInstaller,BgCreate_DoWork,Sub,BgCreate.DoWork,UpdateInstaller.vb:98,none,,Divergence,WinForms lifecycle/event/virtual-list/background-worker plumbing; N/A in Qt.
UserResponseEditor.vb,UserResponseEditor,UserResponseEditor_Load,Sub,MyBase.Load,UserResponseEditor.vb:35,none,,Divergence,WinForms lifecycle/event/virtual-list/background-worker/mouse-hover plumbing.
UserResponseEditor.vb,UserResponseEditor,UserResponseEditor_Shown,Sub,Me.Shown,UserResponseEditor.vb:96,none,,Divergence,WinForms lifecycle/event/virtual-list/background-worker/mouse-hover plumbing.
UserResponseEditor.vb,UserResponseEditor,LvResponses_SelectedIndexChanged,Sub,LvResponses.SelectedIndexChanged,UserResponseEditor.vb:106,none,,Divergence,WinForms lifecycle/event/virtual-list/background-worker/mouse-hover plumbing.
UserResponseEditor.vb,UserResponseEditor,BtDelete_Click,Sub,BtDelete.Click,UserResponseEditor.vb:125,none,,Partial,"WizardBuilder transfer/display + GameManager archive/restore/activate/deactivate/delete actions (core ported, VB wiring divergent)."
UserResponseEditor.vb,UserResponseEditor,BtClose_Click,Sub,BtClose.Click,UserResponseEditor.vb:152,none,,Divergence,"bounded read-only viewer port: VB filters/navigation/editors/bg-workers/Windows-shell handlers intentionally not ported (PARITY.md recurring pattern). SOME are owner-confirm candidates: ModExplorer filter subsystem, PortraitManager prev/next navigation."
WizardBuilder.vb,WizardBuilder,WizardBuilder_Load,Sub,MyBase.Load,WizardBuilder.vb:128,none,,Divergence,"WinForms lifecycle/event/virtual-list/bg-worker + bounded-viewer extras (owner-confirm: ModPlayViewer end-level filter/recent, DocOrganiser rtf/properties)."
WizardBuilder.vb,WizardBuilder,WizardBuilder_Shown,Sub,Me.Shown,WizardBuilder.vb:246,none,,Divergence,"WinForms lifecycle/event/virtual-list/bg-worker + bounded-viewer extras (owner-confirm: ModPlayViewer end-level filter/recent, DocOrganiser rtf/properties)."
WizardBuilder.vb,WizardBuilder,LvFiles_ColumnHeaderHeightChanged,Sub,LvFiles.ColumnHeaderHeightChanged,WizardBuilder.vb:267,none,,Divergence,"WinForms lifecycle/event/virtual-list/bg-worker + bounded-viewer extras (owner-confirm: ModPlayViewer end-level filter/recent, DocOrganiser rtf/properties)."
WizardBuilder.vb,WizardBuilder,WizardBuilder_Resize,Sub,Me.Resize,WizardBuilder.vb:289,none,,Divergence,"WinForms lifecycle/event/virtual-list/bg-worker + bounded-viewer extras (owner-confirm: ModPlayViewer end-level filter/recent, DocOrganiser rtf/properties)."
WizardBuilder.vb,WizardBuilder,BnView_MenuItemChecked,Sub,BnView.MenuItemChecked,WizardBuilder.vb:304,none,,Divergence,"WinForms lifecycle/event/virtual-list/bg-worker + bounded-viewer extras (owner-confirm: ModPlayViewer end-level filter/recent, DocOrganiser rtf/properties)."
WizardBuilder.vb,WizardBuilder,LvOneAndMany_KeyDown,Sub,"LvSelectOne.KeyDown, LvSelectMany.KeyDown",WizardBuilder.vb:334,none,,Divergence,"WinForms lifecycle/event/virtual-list/bg-worker + bounded-viewer extras (owner-confirm: ModPlayViewer end-level filter/recent, DocOrganiser rtf/properties)."
WizardBuilder.vb,WizardBuilder,Lv_SelectedIndexChanged,Sub,"LvSelectOne.SelectedIndexChanged, LvSelectMany.SelectedIndexChanged",WizardBuilder.vb:347,none,,Divergence,"WinForms lifecycle/event/virtual-list/bg-worker + bounded-viewer extras (owner-confirm: ModPlayViewer end-level filter/recent, DocOrganiser rtf/properties)."
WizardBuilder.vb,WizardBuilder,Lv_GotFocus,Sub,"LvSelectOne.GotFocus, LvSelectMany.GotFocus, LvExcludes.GotFocus",WizardBuilder.vb:357,none,,Divergence,"WinForms lifecycle/event/virtual-list/bg-worker + bounded-viewer extras (owner-confirm: ModPlayViewer end-level filter/recent, DocOrganiser rtf/properties)."
WizardBuilder.vb,WizardBuilder,LbDisplayName_Click,Sub,LbDisplayName.Click,WizardBuilder.vb:397,none,,Divergence,"WinForms lifecycle/event/virtual-list/bg-worker + bounded-viewer extras (owner-confirm: ModPlayViewer end-level filter/recent, DocOrganiser rtf/properties)."
WizardBuilder.vb,WizardBuilder,TxDisplayName_MouseEnter,Sub,TxDisplayName.MouseEnter,WizardBuilder.vb:414,none,,Divergence,"WinForms lifecycle/event/virtual-list/bg-worker + bounded-viewer extras (owner-confirm: ModPlayViewer end-level filter/recent, DocOrganiser rtf/properties)."
WizardBuilder.vb,WizardBuilder,TxDisplayName_MouseLeave,Sub,TxDisplayName.MouseLeave,WizardBuilder.vb:426,none,,Divergence,"WinForms lifecycle/event/virtual-list/bg-worker + bounded-viewer extras (owner-confirm: ModPlayViewer end-level filter/recent, DocOrganiser rtf/properties)."
WizardBuilder.vb,WizardBuilder,TxDisplayName_GotFocus,Sub,TxDisplayName.GotFocus,WizardBuilder.vb:438,none,,Divergence,"WinForms lifecycle/event/virtual-list/bg-worker + bounded-viewer extras (owner-confirm: ModPlayViewer end-level filter/recent, DocOrganiser rtf/properties)."
WizardBuilder.vb,WizardBuilder,TxDisplayName_LostFocus,Sub,TxDisplayName.LostFocus,WizardBuilder.vb:453,none,,Divergence,"WinForms lifecycle/event/virtual-list/bg-worker + bounded-viewer extras (owner-confirm: ModPlayViewer end-level filter/recent, DocOrganiser rtf/properties)."
WizardBuilder.vb,WizardBuilder,TxDisplayName_KeyUp,Sub,TxDisplayName.KeyDown,WizardBuilder.vb:530,none,,Divergence,"WinForms lifecycle/event/virtual-list/bg-worker + bounded-viewer extras (owner-confirm: ModPlayViewer end-level filter/recent, DocOrganiser rtf/properties)."
WizardBuilder.vb,WizardBuilder,TxDisplayName_KeyPress,Sub,TxDisplayName.KeyPress,WizardBuilder.vb:541,none,,Divergence,"WinForms lifecycle/event/virtual-list/bg-worker + bounded-viewer extras (owner-confirm: ModPlayViewer end-level filter/recent, DocOrganiser rtf/properties)."
WizardBuilder.vb,WizardBuilder,BhWizardBuilder_Click,Sub,BhWizardBuilder.Click,WizardBuilder.vb:572,none,,Divergence,"WinForms lifecycle/event/virtual-list/bg-worker + bounded-viewer extras (owner-confirm: ModPlayViewer end-level filter/recent, DocOrganiser rtf/properties)."
WizardBuilder.vb,WizardBuilder,BtAddRemove_Click,Sub,"BtAddOne.Click, BtRemoveOne.Click, BtAddMany.Click, BtRemoveMany.Click,",WizardBuilder.vb:589,none,,Partial,"WizardBuilder transfer/display + GameManager archive/restore/activate/deactivate/delete actions (core ported, VB wiring divergent)."
WizardBuilder.vb,WizardBuilder,BtAddAll_Click,Sub,"BtAddAllOne.Click, BtAddAllMany.Click, BtAddAllExclude.Click",WizardBuilder.vb:613,none,,Partial,"WizardBuilder transfer/display + GameManager archive/restore/activate/deactivate/delete actions (core ported, VB wiring divergent)."
WizardBuilder.vb,WizardBuilder,BtSave_Click,Sub,BtSave.Click,WizardBuilder.vb:632,strong,vaultkeeper/ui/controller.py,Ported,DocOrganiser/ModPlayViewer/WizardBuilder core report/view/save logic (subagent+orchestrator).
WizardBuilder.vb,WizardBuilder,BtCancel_Click,Sub,BtCancel.Click,WizardBuilder.vb:697,none,,Divergence,WinForms event/progress/UI plumbing refactored into controller/vault + bounded viewer (search/copy-paste/nav). Owner-confirm candidates: StartScreen export/copy-paste/search.
WizardBuilder.vb,WizardBuilder,BtDelete_Click,Sub,BtDelete.Click,WizardBuilder.vb:707,none,,Partial,"WizardBuilder transfer/display + GameManager archive/restore/activate/deactivate/delete actions (core ported, VB wiring divergent)."
WorkshopNameEditor.vb,WorkshopNameEditor,WorkshopIdName_Load,Sub,MyBase.Load,WorkshopNameEditor.vb:60,none,,Divergence,WinForms app-lifecycle/exception + dialog events + ListView map/web editors + bg-worker + colour constants + Windows taskbar.
WorkshopNameEditor.vb,WorkshopNameEditor,WorkshopIdName_Shown,Sub,Me.Shown,WorkshopNameEditor.vb:103,none,,Divergence,WinForms app-lifecycle/exception + dialog events + ListView map/web editors + bg-worker + colour constants + Windows taskbar.
WorkshopNameEditor.vb,WorkshopNameEditor,FvWorkshop_ItemClicked,Sub,FvWorkshop.ItemClicked,WorkshopNameEditor.vb:129,none,,Divergence,WinForms app-lifecycle/exception + dialog events + ListView map/web editors + bg-worker + colour constants + Windows taskbar.
WorkshopNameEditor.vb,WorkshopNameEditor,TxModName_KeyPress,Sub,TxModName.KeyPress,WorkshopNameEditor.vb:139,none,,Divergence,WinForms app-lifecycle/exception + dialog events + ListView map/web editors + bg-worker + colour constants + Windows taskbar.
WorkshopNameEditor.vb,WorkshopNameEditor,TxModName_TextChanged,Sub,TxModName.TextChanged,WorkshopNameEditor.vb:149,none,,Divergence,WinForms event/progress/UI plumbing refactored into controller/vault + bounded viewer (search/copy-paste/nav). Owner-confirm candidates: StartScreen export/copy-paste/search.
WorkshopNameEditor.vb,WorkshopNameEditor,BtApply_Click,Sub,BtApply.Click,WorkshopNameEditor.vb:163,strong,vaultkeeper/ui/dialogs/character_filter.py,Deferred,ModFindAndRename (dead MsFindAndRename) + DocOrganiser Properties/Reset + wizard file-threshold.
WorkshopViewer.vb,WorkshopViewer,WorkshopViewer_Load,Sub,MyBase.Load,WorkshopViewer.vb:30,none,,Divergence,WinForms lifecycle/event/virtual-list/background-worker/mouse-hover plumbing.
WorkshopViewer.vb,WorkshopViewer,WorkshopViewer_Shown,Sub,Me.Shown,WorkshopViewer.vb:152,none,,Divergence,WinForms lifecycle/event/virtual-list/background-worker/mouse-hover plumbing.
WorkshopViewer.vb,WorkshopViewer,BhWorkshop_Click,Sub,BhWorkshop.Click,WorkshopViewer.vb:163,none,,Divergence,WinForms lifecycle/event/virtual-list/background-worker/mouse-hover plumbing.
WorkshopViewer.vb,WorkshopViewer,BtRefresh_Click,Sub,BtRefresh.Click,WorkshopViewer.vb:174,none,,Divergence,WinForms lifecycle/virtual-list/shell-integration/key plumbing.
WorkshopViewer.vb,WorkshopViewer,LvWorkshop_SelectedIndexChanged,Sub,LvWorkshop.SelectedIndexChanged,WorkshopViewer.vb:190,none,,Ported,"port view/domain layer (details/contents/status/paste/recent/profile views, hak-patch, play-data viewer, find-files, conflicts, workshop, publish)."
WorkshopViewer.vb,WorkshopViewer,LvWorkshop_ItemClicked,Sub,LvWorkshop.ItemClicked,WorkshopViewer.vb:205,none,,Divergence,WinForms lifecycle/event/virtual-list/background-worker/mouse-hover plumbing.
WorkshopViewer.vb,WorkshopViewer,CmCopyMapIdRule_Click,Sub,CmCopyMapIdRule.Click,WorkshopViewer.vb:221,none,,Ported,"DailyPlayTime + Copy-MapId-Rule ported: game/daily_play_time.py (DailyPlayTime avg/info, VB TodaysTime/DailyAverage/GetDailyPlayInfo/NitStartUp) + controller.record_daily_play/daily_play_report (hooked into process_play_session) surfaced in PlayDataViewer; game/workshop.map_id_rule + WorkshopViewer Copy MapId Rule (VB CmCopyMapIdRule). Steam Workshop network title fetch stays deferred (needs live Steam request)."
