file,type,member,kind,handles,vb_ref,match,port_hint,status,notes
AliasSectionEditor.vb,AliasSectionEditor,AliasSectionEditor_Load,Sub,MyBase.Load,AliasSectionEditor.vb:61,none,,Deferred,"CrashDumpManager (Windows crash dumps), AliasSectionEditor (MsAliasSection dead), HakPatchEditor (MsHakPatchEditor dead; read-only model ported), ExtendedEditionDialogue (EE user-folder prompt; editions detection ported in editions.py/locations.py)."
AliasSectionEditor.vb,AliasSectionEditor,AliasSectionEditor_Shown,Sub,Me.Shown,AliasSectionEditor.vb:148,none,,Deferred,"CrashDumpManager (Windows crash dumps), AliasSectionEditor (MsAliasSection dead), HakPatchEditor (MsHakPatchEditor dead; read-only model ported), ExtendedEditionDialogue (EE user-folder prompt; editions detection ported in editions.py/locations.py)."
AliasSectionEditor.vb,AliasSectionEditor,BhAliasEditor_Click,Sub,BhAliasEditor.Click,AliasSectionEditor.vb:159,none,,Deferred,"CrashDumpManager (Windows crash dumps), AliasSectionEditor (MsAliasSection dead), HakPatchEditor (MsHakPatchEditor dead; read-only model ported), ExtendedEditionDialogue (EE user-folder prompt; editions detection ported in editions.py/locations.py)."
AliasSectionEditor.vb,AliasSectionEditor,BtDelete_Click,Sub,BtDelete.Click,AliasSectionEditor.vb:168,none,,Partial,"WizardBuilder transfer/display + GameManager archive/restore/activate/deactivate/delete actions (core ported, VB wiring divergent)."
AliasSectionEditor.vb,AliasSectionEditor,RestoreDefaults,Sub,,AliasSectionEditor.vb:192,none,,Deferred,"CrashDumpManager (Windows crash dumps), AliasSectionEditor (MsAliasSection dead), HakPatchEditor (MsHakPatchEditor dead; read-only model ported), ExtendedEditionDialogue (EE user-folder prompt; editions detection ported in editions.py/locations.py)."
AliasSectionEditor.vb,AliasSectionEditor,BtSave_Click,Sub,BtSave.Click,AliasSectionEditor.vb:235,strong,vaultkeeper/ui/controller.py,Ported,DocOrganiser/ModPlayViewer/WizardBuilder core report/view/save logic (subagent+orchestrator).
AliasSectionEditor.vb,AliasSectionEditor,BtCancel_Click,Sub,BtCancel.Click,AliasSectionEditor.vb:287,none,,Divergence,WinForms event/progress/UI plumbing refactored into controller/vault + bounded viewer (search/copy-paste/nav). Owner-confirm candidates: StartScreen export/copy-paste/search.
AliasSectionEditor.vb,AliasSectionEditor,LvFolders_ItemClicked,Sub,LvFolders.ItemClicked,AliasSectionEditor.vb:298,none,,Deferred,"CrashDumpManager (Windows crash dumps), AliasSectionEditor (MsAliasSection dead), HakPatchEditor (MsHakPatchEditor dead; read-only model ported), ExtendedEditionDialogue (EE user-folder prompt; editions detection ported in editions.py/locations.py)."
AliasSectionEditor.vb,AliasSectionEditor,LvFolders_SelectedIndexChanged,Sub,LvFolders.SelectedIndexChanged,AliasSectionEditor.vb:326,none,,Ported,install engine + rename + analyser browser report (subagent-swept).
AliasSectionEditor.vb,AliasSectionEditor,CmMenuItem_Click,Sub,"CmEdit.Click, CmUndo.Click",AliasSectionEditor.vb:341,none,,Deferred,"CrashDumpManager (Windows crash dumps), AliasSectionEditor (MsAliasSection dead), HakPatchEditor (MsHakPatchEditor dead; read-only model ported), ExtendedEditionDialogue (EE user-folder prompt; editions detection ported in editions.py/locations.py)."
AliasSectionEditor.vb,AliasSectionEditor,ChangeFolder,Sub,,AliasSectionEditor.vb:359,none,,Deferred,"CrashDumpManager (Windows crash dumps), AliasSectionEditor (MsAliasSection dead), HakPatchEditor (MsHakPatchEditor dead; read-only model ported), ExtendedEditionDialogue (EE user-folder prompt; editions detection ported in editions.py/locations.py)."
AliasSectionEditor.vb,AliasSectionEditor,RestoreFolder,Sub,,AliasSectionEditor.vb:432,none,,Deferred,"CrashDumpManager (Windows crash dumps), AliasSectionEditor (MsAliasSection dead), HakPatchEditor (MsHakPatchEditor dead; read-only model ported), ExtendedEditionDialogue (EE user-folder prompt; editions detection ported in editions.py/locations.py)."
AliasSectionEditor.vb,AliasSectionEditor,RefreshContextMenu,Sub,,AliasSectionEditor.vb:452,none,,Deferred,"CrashDumpManager (Windows crash dumps), AliasSectionEditor (MsAliasSection dead), HakPatchEditor (MsHakPatchEditor dead; read-only model ported), ExtendedEditionDialogue (EE user-folder prompt; editions detection ported in editions.py/locations.py)."
AliasSectionEditor.vb,AliasSectionEditor,SavesTypeSuffix,Sub,,AliasSectionEditor.vb:467,none,,Deferred,"CrashDumpManager (Windows crash dumps), AliasSectionEditor (MsAliasSection dead), HakPatchEditor (MsHakPatchEditor dead; read-only model ported), ExtendedEditionDialogue (EE user-folder prompt; editions detection ported in editions.py/locations.py)."
AliasSectionEditor.vb,AliasSectionEditor,ProcessCmdKey,Function,,AliasSectionEditor.vb:479,none,,Divergence,"bounded read-only viewer port: VB filters/navigation/editors/bg-workers/Windows-shell handlers intentionally not ported (PARITY.md recurring pattern). SOME are owner-confirm candidates: ModExplorer filter subsystem, PortraitManager prev/next navigation."
ApplicationEvents.vb,MyApplication,MyApplication_Startup,Sub,Me.Startup,ApplicationEvents.vb:28,none,,GAP?,
ApplicationEvents.vb,MyApplication,MyApplication_UnhandledException,Sub,Me.UnhandledException,ApplicationEvents.vb:65,none,,GAP?,
ApplicationEvents.vb,MyApplication,LogExceptionInfo,Sub,,ApplicationEvents.vb:156,none,,GAP?,
ApplicationEvents.vb,MyApplication,MyApplication_StartupNextInstance,Sub,Me.StartupNextInstance,ApplicationEvents.vb:196,none,,GAP?,
ApplicationEvents.vb,MyApplication,RestartOnShutdown,Property,,ApplicationEvents.vb:217,none,,GAP?,
ApplicationEvents.vb,MyApplication,MyApplication_Shutdown,Sub,Me.Shutdown,ApplicationEvents.vb:219,none,,GAP?,
BackupManager.Methods.vb,BackupManager,DisplaySelectionInfo,Sub,,BackupManager.Methods.vb:24,none,,Deferred,BackupManager + NetworkManager shared-store/sync + SlideShow + find-rename + original-restorers + prefix editor + legacy migrate.
BackupManager.Methods.vb,BackupManager,PopulateStandard,Function,,BackupManager.Methods.vb:93,none,,Deferred,BackupManager + NetworkManager shared-store/sync + SlideShow + find-rename + original-restorers + prefix editor + legacy migrate.
BackupManager.Methods.vb,BackupManager,UpdateListView,Sub,,BackupManager.Methods.vb:118,none,,Deferred,BackupManager + NetworkManager shared-store/sync + SlideShow + find-rename + original-restorers + prefix editor + legacy migrate.
BackupManager.Methods.vb,BackupManager,DeleteFiles,Sub,,BackupManager.Methods.vb:180,none,,Deferred,BackupManager + NetworkManager shared-store/sync + SlideShow + find-rename + original-restorers + prefix editor + legacy migrate.
BackupManager.Methods.vb,BackupManager,DeleteMods,Sub,,BackupManager.Methods.vb:197,none,,Deferred,BackupManager + NetworkManager shared-store/sync + SlideShow + find-rename + original-restorers + prefix editor + legacy migrate.
BackupManager.Methods.vb,BackupManager,RemoveItems,Sub,,BackupManager.Methods.vb:219,none,,Deferred,BackupManager + NetworkManager shared-store/sync + SlideShow + find-rename + original-restorers + prefix editor + legacy migrate.
BackupManager.TypeInfo.vb,TypeInfo,DataType,Property,,BackupManager.TypeInfo.vb:45,none,,Deferred,BackupManager + NetworkManager shared-store/sync + SlideShow + find-rename + original-restorers + prefix editor + legacy migrate.
BackupManager.TypeInfo.vb,TypeInfo,ListView,Property,,BackupManager.TypeInfo.vb:50,strong,vaultkeeper/core/mapper.py,Deferred,BackupManager + NetworkManager shared-store/sync + SlideShow + find-rename + original-restorers + prefix editor + legacy migrate.
BackupManager.TypeInfo.vb,TypeInfo,ActionAllowed,Property,,BackupManager.TypeInfo.vb:55,none,,Deferred,BackupManager + NetworkManager shared-store/sync + SlideShow + find-rename + original-restorers + prefix editor + legacy migrate.
BackupManager.TypeInfo.vb,TypeInfo,ActionText,Property,,BackupManager.TypeInfo.vb:60,none,,Deferred,BackupManager + NetworkManager shared-store/sync + SlideShow + find-rename + original-restorers + prefix editor + legacy migrate.
BackupManager.TypeInfo.vb,TypeInfo,DeleteText,Property,,BackupManager.TypeInfo.vb:65,none,,Deferred,BackupManager + NetworkManager shared-store/sync + SlideShow + find-rename + original-restorers + prefix editor + legacy migrate.
BackupManager.TypeInfo.vb,TypeInfo,TotalSize,Property,,BackupManager.TypeInfo.vb:70,strong,vaultkeeper/game/game_backup.py | vaultkeeper/game/game_saves.py | vaultkeeper/ui/controller.py,Deferred,BackupManager + NetworkManager shared-store/sync + SlideShow + find-rename + original-restorers + prefix editor + legacy migrate.
BackupManager.TypeInfo.vb,TypeInfo,New,Sub,,BackupManager.TypeInfo.vb:83,strong,vaultkeeper/core/hak_patch.py | vaultkeeper/core/mapper.py | vaultkeeper/core/name_edit.py,N/A,framework/designer-generated
BackupManager.TypeInfo.vb,TypeInfo,New,Sub,,BackupManager.TypeInfo.vb:94,strong,vaultkeeper/core/hak_patch.py | vaultkeeper/core/mapper.py | vaultkeeper/core/name_edit.py,N/A,framework/designer-generated
BackupManager.TypeInfo.vb,TypeInfo,New,Sub,,BackupManager.TypeInfo.vb:106,strong,vaultkeeper/core/hak_patch.py | vaultkeeper/core/mapper.py | vaultkeeper/core/name_edit.py,N/A,framework/designer-generated
BackupManager.vb,BackupManager,ActionType,Property,,BackupManager.vb:28,none,,Deferred,BackupManager + NetworkManager shared-store/sync + SlideShow + find-rename + original-restorers + prefix editor + legacy migrate.
BackupManager.vb,BackupManager,ActionItem,Property,,BackupManager.vb:35,none,,Deferred,BackupManager + NetworkManager shared-store/sync + SlideShow + find-rename + original-restorers + prefix editor + legacy migrate.
BackupManager.vb,BackupManager,ActionText,Property,,BackupManager.vb:40,none,,Deferred,BackupManager + NetworkManager shared-store/sync + SlideShow + find-rename + original-restorers + prefix editor + legacy migrate.
BackupManager.vb,BackupManager,DataInfo,Property,,BackupManager.vb:52,none,,Deferred,BackupManager + NetworkManager shared-store/sync + SlideShow + find-rename + original-restorers + prefix editor + legacy migrate.
BackupManager.vb,BackupManager,TotalSize,Property,,BackupManager.vb:64,strong,vaultkeeper/game/game_backup.py | vaultkeeper/game/game_saves.py | vaultkeeper/ui/controller.py,Deferred,BackupManager + NetworkManager shared-store/sync + SlideShow + find-rename + original-restorers + prefix editor + legacy migrate.
BackupManager.vb,BackupManager,FolderInfo,Property,,BackupManager.vb:77,comment,vaultkeeper/core/constants.py | vaultkeeper/core/mapper.py | vaultkeeper/game/nwn_folders.py,Deferred,BackupManager + NetworkManager shared-store/sync + SlideShow + find-rename + original-restorers + prefix editor + legacy migrate.
BackupManager.vb,BackupManager,ModInfo,Property,,BackupManager.vb:90,strong,vaultkeeper/game/workshop.py,Deferred,BackupManager + NetworkManager shared-store/sync + SlideShow + find-rename + original-restorers + prefix editor + legacy migrate.
BackupManager.vb,BackupManager,AutoImport,Property,,BackupManager.vb:121,none,,Deferred,BackupManager + NetworkManager shared-store/sync + SlideShow + find-rename + original-restorers + prefix editor + legacy migrate.
BackupManager.vb,BackupManager,Initialising,Property,,BackupManager.vb:126,none,,Deferred,BackupManager + NetworkManager shared-store/sync + SlideShow + find-rename + original-restorers + prefix editor + legacy migrate.
BackupManager.vb,BackupManager,SelectedSize,Property,,BackupManager.vb:136,none,,Deferred,BackupManager + NetworkManager shared-store/sync + SlideShow + find-rename + original-restorers + prefix editor + legacy migrate.
BackupManager.vb,BackupManager,TabPage,Property,,BackupManager.vb:160,none,,Deferred,BackupManager + NetworkManager shared-store/sync + SlideShow + find-rename + original-restorers + prefix editor + legacy migrate.
BackupManager.vb,BackupManager,New,Sub,,BackupManager.vb:176,strong,vaultkeeper/core/hak_patch.py | vaultkeeper/core/mapper.py | vaultkeeper/core/name_edit.py,N/A,framework/designer-generated
BackupManager.vb,BackupManager,ShowDialog,Function,,BackupManager.vb:197,strong,vaultkeeper/ui/dialogs/about.py | vaultkeeper/ui/dialogs/classes_skills_feats.py | vaultkeeper/ui/main_window.py,Ported,DocOrganiser/ModPlayViewer/WizardBuilder core report/view/save logic (subagent+orchestrator).
BackupManager.vb,BackupManager,ShowDialog,Function,,BackupManager.vb:205,strong,vaultkeeper/ui/dialogs/about.py | vaultkeeper/ui/dialogs/classes_skills_feats.py | vaultkeeper/ui/main_window.py,Ported,DocOrganiser/ModPlayViewer/WizardBuilder core report/view/save logic (subagent+orchestrator).
BackupManager.vb,BackupManager,BackupManager_Load,Sub,MyBase.Load,BackupManager.vb:214,none,,Deferred,BackupManager + NetworkManager shared-store/sync + SlideShow + find-rename + original-restorers + prefix editor + legacy migrate.
BackupManager.vb,BackupManager,BackupManager_Shown,Sub,Me.Shown,BackupManager.vb:317,none,,Deferred,BackupManager + NetworkManager shared-store/sync + SlideShow + find-rename + original-restorers + prefix editor + legacy migrate.
BackupManager.vb,BackupManager,BhBackupManager_Click,Sub,BhBackupManager.Click,BackupManager.vb:342,none,,Deferred,BackupManager + NetworkManager shared-store/sync + SlideShow + find-rename + original-restorers + prefix editor + legacy migrate.
BackupManager.vb,BackupManager,BtAction_SizeChanged,Sub,BtAction.SizeChanged,BackupManager.vb:360,none,,Deferred,BackupManager + NetworkManager shared-store/sync + SlideShow + find-rename + original-restorers + prefix editor + legacy migrate.
BackupManager.vb,BackupManager,BtAction_Click,Sub,BtAction.Click,BackupManager.vb:368,none,,Deferred,BackupManager + NetworkManager shared-store/sync + SlideShow + find-rename + original-restorers + prefix editor + legacy migrate.
BackupManager.vb,BackupManager,BackupManager_KeyUp,Sub,Me.KeyUp,BackupManager.vb:385,none,,Deferred,BackupManager + NetworkManager shared-store/sync + SlideShow + find-rename + original-restorers + prefix editor + legacy migrate.
BackupManager.vb,BackupManager,BtDelete_Click,Sub,BtDelete.Click,BackupManager.vb:395,none,,Partial,"WizardBuilder transfer/display + GameManager archive/restore/activate/deactivate/delete actions (core ported, VB wiring divergent)."
BackupManager.vb,BackupManager,BtCancel_Click,Sub,BtCancel.Click,BackupManager.vb:433,none,,Divergence,WinForms event/progress/UI plumbing refactored into controller/vault + bounded viewer (search/copy-paste/nav). Owner-confirm candidates: StartScreen export/copy-paste/search.
BackupManager.vb,BackupManager,TbBackupManager_SelectedIndexChanged,Sub,TbBackupManager.SelectedIndexChanged,BackupManager.vb:448,none,,Deferred,BackupManager + NetworkManager shared-store/sync + SlideShow + find-rename + original-restorers + prefix editor + legacy migrate.
BackupManager.vb,BackupManager,Lv_SelectedIndexChanged,Sub,"LvBackups.SelectedIndexChanged, LvSettings.SelectedIndexChanged",BackupManager.vb:461,none,,Divergence,"WinForms lifecycle/event/virtual-list/bg-worker + bounded-viewer extras (owner-confirm: ModPlayViewer end-level filter/recent, DocOrganiser rtf/properties)."
BackupManager.vb,BackupManager,LvMods_SelectedIndexChanged,Sub,LvMods.SelectedIndexChanged,BackupManager.vb:478,none,,Deferred,ModFindAndRename (dead MsFindAndRename) + DocOrganiser Properties/Reset + wizard file-threshold.
BackupManager.vb,BackupManager,Lv_ItemClicked,Sub,"LvBackups.ItemClicked, LvSettings.ItemClicked, LvMods.ItemClicked",BackupManager.vb:502,none,,Divergence,WinForms event/progress/UI plumbing refactored into controller/vault + bounded viewer (search/copy-paste/nav). Owner-confirm candidates: StartScreen export/copy-paste/search.
BackupManager.vb,BackupManager,WndProc,Sub,,BackupManager.vb:524,none,,Divergence,"bounded read-only viewer port: VB filters/navigation/editors/bg-workers/Windows-shell handlers intentionally not ported (PARITY.md recurring pattern). SOME are owner-confirm candidates: ModExplorer filter subsystem, PortraitManager prev/next navigation."
BackupManager.vb,BackupManager,BgBackups_DoWork,Sub,BgBackups.DoWork,BackupManager.vb:558,none,,Deferred,BackupManager + NetworkManager shared-store/sync + SlideShow + find-rename + original-restorers + prefix editor + legacy migrate.
BackupManager.vb,BackupManager,BgSettings_DoWork,Sub,BgSettings.DoWork,BackupManager.vb:568,none,,Deferred,BackupManager + NetworkManager shared-store/sync + SlideShow + find-rename + original-restorers + prefix editor + legacy migrate.
BackupManager.vb,BackupManager,BgStandard_ProgressChanged,Sub,"BgBackups.ProgressChanged, BgSettings.ProgressChanged",BackupManager.vb:580,none,,Deferred,BackupManager + NetworkManager shared-store/sync + SlideShow + find-rename + original-restorers + prefix editor + legacy migrate.
BackupManager.vb,BackupManager,BgMods_DoWork,Sub,BgMods.DoWork,BackupManager.vb:590,none,,Deferred,BackupManager + NetworkManager shared-store/sync + SlideShow + find-rename + original-restorers + prefix editor + legacy migrate.
BackupManager.vb,BackupManager,BgMods_ProgressChanged,Sub,BgMods.ProgressChanged,BackupManager.vb:622,none,,Deferred,BackupManager + NetworkManager shared-store/sync + SlideShow + find-rename + original-restorers + prefix editor + legacy migrate.
BackupManager.vb,BackupManager,ProcessCmdKey,Function,,BackupManager.vb:645,none,,Divergence,"bounded read-only viewer port: VB filters/navigation/editors/bg-workers/Windows-shell handlers intentionally not ported (PARITY.md recurring pattern). SOME are owner-confirm candidates: ModExplorer filter subsystem, PortraitManager prev/next navigation."
BasicSettings.vb,BasicSettings,BasicSettings_Load,Sub,MyBase.Load,BasicSettings.vb:29,none,,Divergence,Classes/Skills/Feats + Dependency editor + Basic Settings are ported in dedicated modules; these VB dialog methods are WinForms/virtual-list plumbing.
BasicSettings.vb,BasicSettings,CbCommon_CheckedChanged,Sub,"CbInstallAuto.CheckedChanged, CbBehaviourSelectGameMod.CheckedChanged, CbConfigCopyOnPlay.CheckedChanged",BasicSettings.vb:90,none,,Divergence,Classes/Skills/Feats + Dependency editor + Basic Settings are ported in dedicated modules; these VB dialog methods are WinForms/virtual-list plumbing.
BasicSettings.vb,BasicSettings,CbCopyDebugModeOnPlay_CheckedChanged,Sub,,BasicSettings.vb:103,none,,Divergence,Classes/Skills/Feats + Dependency editor + Basic Settings are ported in dedicated modules; these VB dialog methods are WinForms/virtual-list plumbing.
BasicSettings.vb,BasicSettings,CbInstallRestore_CheckedChanged,Sub,CbInstallRestore.CheckedChanged,BasicSettings.vb:129,none,,Divergence,Classes/Skills/Feats + Dependency editor + Basic Settings are ported in dedicated modules; these VB dialog methods are WinForms/virtual-list plumbing.
BasicSettings.vb,BasicSettings,PicCheckBox_Click,Sub,,BasicSettings.vb:141,none,,Divergence,Classes/Skills/Feats + Dependency editor + Basic Settings are ported in dedicated modules; these VB dialog methods are WinForms/virtual-list plumbing.
BasicSettings.vb,BasicSettings,RbLine_CheckedChanged,Sub,,BasicSettings.vb:151,none,,Divergence,Classes/Skills/Feats + Dependency editor + Basic Settings are ported in dedicated modules; these VB dialog methods are WinForms/virtual-list plumbing.
BasicSettings.vb,BasicSettings,BhBasicSettings_Click,Sub,BhBasicSettings.Click,BasicSettings.vb:166,none,,Divergence,Classes/Skills/Feats + Dependency editor + Basic Settings are ported in dedicated modules; these VB dialog methods are WinForms/virtual-list plumbing.
BasicSettings.vb,BasicSettings,BtSelection_Click,Sub,BtSelection.Click,BasicSettings.vb:176,none,,Divergence,Classes/Skills/Feats + Dependency editor + Basic Settings are ported in dedicated modules; these VB dialog methods are WinForms/virtual-list plumbing.
BasicSettings.vb,BasicSettings,BtAdvanced_Click,Sub,BtAdvanced.Click,BasicSettings.vb:184,none,,Divergence,Classes/Skills/Feats + Dependency editor + Basic Settings are ported in dedicated modules; these VB dialog methods are WinForms/virtual-list plumbing.
BasicSettings.vb,BasicSettings,BtApply_Click,Sub,BtApply.Click,BasicSettings.vb:195,strong,vaultkeeper/ui/dialogs/character_filter.py,Deferred,ModFindAndRename (dead MsFindAndRename) + DocOrganiser Properties/Reset + wizard file-threshold.
BasicSettings.vb,BasicSettings,BtCancel_Click,Sub,BtCancel.Click,BasicSettings.vb:245,none,,Divergence,WinForms event/progress/UI plumbing refactored into controller/vault + bounded viewer (search/copy-paste/nav). Owner-confirm candidates: StartScreen export/copy-paste/search.
BicFileInfo.vb,BicFileInfo,TitleIndex,Function,,BicFileInfo.vb:142,strong,vaultkeeper/game/character.py,AUTO-PORTED,
BicFileInfo.vb,BicFileInfo,SkillInfo,Property,,BicFileInfo.vb:157,none,,GAP?,
BicFileInfo.vb,BicFileInfo,PlayerFeats,Property,,BicFileInfo.vb:186,none,,GAP?,
BicFileInfo.vb,BicFileInfo,Portrait,Property,,BicFileInfo.vb:200,strong,vaultkeeper/core/formats/bic_reader.py | vaultkeeper/core/formats/erf_reader.py | vaultkeeper/core/formats/tga_reader.py,AUTO-PORTED,
BicFileInfo.vb,BicFileInfo,CharacterLevel,Property,,BicFileInfo.vb:206,comment,vaultkeeper/game/character_filter.py | vaultkeeper/ui/dialogs/character_viewer.py,AUTO-PORTED,matched in comment/docstring
BicFileInfo.vb,BicFileInfo,LevelSummary,Property,,BicFileInfo.vb:216,strong,vaultkeeper/game/character.py | vaultkeeper/ui/dialogs/character_viewer.py,AUTO-PORTED,
BicFileInfo.vb,BicFileInfo,PortraitDirectories,Property,,BicFileInfo.vb:226,strong,vaultkeeper/ui/controller.py,AUTO-PORTED,
BicFileInfo.vb,BicFileInfo,CharacterSummary,Function,,BicFileInfo.vb:250,strong,vaultkeeper/game/character.py | vaultkeeper/ui/resources.py,AUTO-PORTED,
BicFileInfo.vb,BicFileInfo,DisplayCharacterInformation,Sub,,BicFileInfo.vb:444,none,,GAP?,
BicFileInfo.vb,BicFileInfo,SkillDescription,Function,,BicFileInfo.vb:457,none,,GAP?,
BicFileInfo.vb,BicFileInfo,FeatDescription,Function,,BicFileInfo.vb:473,none,,GAP?,
BicFileInfo.vb,BicFileInfo,GetSkills,Sub,,BicFileInfo.vb:489,strong,vaultkeeper/game/character.py | vaultkeeper/game/character_reference.py,AUTO-PORTED,
BicFileInfo.vb,BicFileInfo,GetFeats,Sub,,BicFileInfo.vb:511,strong,vaultkeeper/game/character.py | vaultkeeper/game/character_reference.py,AUTO-PORTED,
BicFileInfo.vb,BicFileInfo,GetNames,Sub,,BicFileInfo.vb:535,strong,vaultkeeper/game/character_reference.py,Divergence,WinForms lifecycle/event/virtual-list/background-worker/mouse-hover plumbing.
BicFileInfo.vb,BicFileInfo,GetNames,Sub,,BicFileInfo.vb:555,strong,vaultkeeper/game/character_reference.py,Divergence,WinForms lifecycle/event/virtual-list/background-worker/mouse-hover plumbing.
BicFileInfo.vb,BicFileInfo,GetDescriptions,Sub,,BicFileInfo.vb:583,strong,vaultkeeper/game/character_reference.py,AUTO-PORTED,
BicFileInfo.vb,BicFileInfo,GetDescriptions,Sub,,BicFileInfo.vb:618,strong,vaultkeeper/game/character_reference.py,AUTO-PORTED,
BicNameInfo.vb,BicNameInfo,Name,Property,,BicNameInfo.vb:20,strong,vaultkeeper/config/settings.py | vaultkeeper/core/archive.py | vaultkeeper/core/change_data.py,AUTO-PORTED,
BicNameInfo.vb,BicNameInfo,Ref,Property,,BicNameInfo.vb:26,strong,vaultkeeper/game/character.py | vaultkeeper/game/character_reference.py,AUTO-PORTED,
BicNameInfo.vb,BicNameInfo,New,Sub,,BicNameInfo.vb:31,strong,vaultkeeper/core/hak_patch.py | vaultkeeper/core/mapper.py | vaultkeeper/core/name_edit.py,N/A,framework/designer-generated
BicNameInfo.vb,BicNameInfo,New,Sub,,BicNameInfo.vb:39,strong,vaultkeeper/core/hak_patch.py | vaultkeeper/core/mapper.py | vaultkeeper/core/name_edit.py,N/A,framework/designer-generated
BicNameInfo.vb,BicNameInfo,New,Sub,,BicNameInfo.vb:48,strong,vaultkeeper/core/hak_patch.py | vaultkeeper/core/mapper.py | vaultkeeper/core/name_edit.py,N/A,framework/designer-generated
BikToWbmDialogue.vb,BikToWbmDialogue,FileCount,Property,,BikToWbmDialogue.vb:35,none,,GAP?,
BikToWbmDialogue.vb,BikToWbmDialogue,Converted,Property,,BikToWbmDialogue.vb:44,strong,vaultkeeper/ui/controller.py | vaultkeeper/ui/main_window.py,AUTO-PORTED,
BikToWbmDialogue.vb,BikToWbmDialogue,Failed,Property,,BikToWbmDialogue.vb:49,strong,vaultkeeper/core/archive.py | vaultkeeper/game/client_log.py | vaultkeeper/game/recovery.py,AUTO-PORTED,
BikToWbmDialogue.vb,BikToWbmDialogue,IncompleteMods,Property,,BikToWbmDialogue.vb:54,none,,GAP?,
BikToWbmDialogue.vb,BikToWbmDialogue,ShowDialog,Function,,BikToWbmDialogue.vb:63,strong,vaultkeeper/ui/dialogs/about.py | vaultkeeper/ui/dialogs/classes_skills_feats.py | vaultkeeper/ui/main_window.py,Ported,DocOrganiser/ModPlayViewer/WizardBuilder core report/view/save logic (subagent+orchestrator).
BikToWbmDialogue.vb,BikToWbmDialogue,BikToWbmDialogue_Load,Sub,MyBase.Load,BikToWbmDialogue.vb:81,none,,GAP?,
BikToWbmDialogue.vb,BikToWbmDialogue,BikToWbmDialogue_Shown,Sub,Me.Shown,BikToWbmDialogue.vb:99,none,,GAP?,
BikToWbmDialogue.vb,BikToWbmDialogue,BikToWbmDialogue_FormClosing,Sub,Me.FormClosing,BikToWbmDialogue.vb:110,none,,GAP?,
BikToWbmDialogue.vb,BikToWbmDialogue,BtCancel_Click,Sub,BtCancel.Click,BikToWbmDialogue.vb:120,none,,Divergence,WinForms event/progress/UI plumbing refactored into controller/vault + bounded viewer (search/copy-paste/nav). Owner-confirm candidates: StartScreen export/copy-paste/search.
BikToWbmDialogue.vb,BikToWbmDialogue,WndProc,Sub,,BikToWbmDialogue.vb:141,none,,Divergence,"bounded read-only viewer port: VB filters/navigation/editors/bg-workers/Windows-shell handlers intentionally not ported (PARITY.md recurring pattern). SOME are owner-confirm candidates: ModExplorer filter subsystem, PortraitManager prev/next navigation."
BikToWbmDialogue.vb,BikToWbmDialogue,BgConverter_DoWork,Sub,BgConverter.DoWork,BikToWbmDialogue.vb:173,none,,Divergence,WinForms lifecycle/event/virtual-list/background-worker plumbing; N/A in Qt.
BikToWbmDialogue.vb,BikToWbmDialogue,BgConverter_ProgressChanged,Sub,BgConverter.ProgressChanged,BikToWbmDialogue.vb:203,none,,Divergence,WinForms lifecycle/event/virtual-list/background-worker plumbing; N/A in Qt.
BikToWbmDialogue.vb,BikToWbmDialogue,BgConverter_RunWorkerCompleted,Sub,BgConverter.RunWorkerCompleted,BikToWbmDialogue.vb:226,none,,Divergence,WinForms lifecycle/event/virtual-list/background-worker plumbing; N/A in Qt.
BikToWbmDialogue.vb,ConversionInfo,WbmFile,Property,,BikToWbmDialogue.vb:246,comment,vaultkeeper/ui/controller.py,AUTO-PORTED,matched in comment/docstring
BikToWbmDialogue.vb,ConversionInfo,Converted,Property,,BikToWbmDialogue.vb:251,strong,vaultkeeper/ui/controller.py | vaultkeeper/ui/main_window.py,AUTO-PORTED,
BikToWbmDialogue.vb,ConversionInfo,New,Sub,,BikToWbmDialogue.vb:257,strong,vaultkeeper/core/hak_patch.py | vaultkeeper/core/mapper.py | vaultkeeper/core/name_edit.py,N/A,framework/designer-generated
CalculateCRCs.CrcInfo.vb,CrcInfo,New,Sub,,CalculateCRCs.CrcInfo.vb:30,strong,vaultkeeper/core/hak_patch.py | vaultkeeper/core/mapper.py | vaultkeeper/core/name_edit.py,N/A,framework/designer-generated
CalculateCRCs.CrcInfo.vb,CrcInfo,BgIndex,Property,,CalculateCRCs.CrcInfo.vb:50,none,,GAP?,
CalculateCRCs.CrcInfo.vb,CrcInfo,Index,Property,,CalculateCRCs.CrcInfo.vb:58,strong,vaultkeeper/core/file_key.py | vaultkeeper/core/formats/bic_reader.py | vaultkeeper/core/formats/gff_reader.py,AUTO-PORTED,
CalculateCRCs.CrcInfo.vb,CrcInfo,Key,Property,,CalculateCRCs.CrcInfo.vb:66,strong,vaultkeeper/config/settings.py | vaultkeeper/core/change_data.py | vaultkeeper/core/ci_dict.py,AUTO-PORTED,
CalculateCRCs.CrcInfo.vb,CrcInfo,FullName,Property,,CalculateCRCs.CrcInfo.vb:74,strong,vaultkeeper/core/profile_data.py | vaultkeeper/game/documentation.py | vaultkeeper/game/game_backup.py,AUTO-PORTED,
CalculateCRCs.CrcInfo.vb,CrcInfo,ByteSize,Property,,CalculateCRCs.CrcInfo.vb:83,strong,vaultkeeper/core/file_data.py | vaultkeeper/core/hak_patch.py | vaultkeeper/core/install_manager.py,AUTO-PORTED,
CalculateCRCs.CrcInfo.vb,CrcInfo,DisplayRoot,Property,,CalculateCRCs.CrcInfo.vb:91,strong,vaultkeeper/ui/file_view.py,AUTO-PORTED,
CalculateCRCs.CrcInfo.vb,CrcInfo,DisplayFolder,Property,,CalculateCRCs.CrcInfo.vb:100,none,,GAP?,
CalculateCRCs.CrcInfo.vb,CrcInfo,CrcValue,Property,,CalculateCRCs.CrcInfo.vb:108,none,,GAP?,
CalculateCRCs.CrcInfo.vb,CrcInfo,Skipped,Property,,CalculateCRCs.CrcInfo.vb:116,strong,vaultkeeper/core/crc.py | vaultkeeper/core/rtf.py | vaultkeeper/game/character_reference.py,AUTO-PORTED,
CalculateCRCs.CrcInfo.vb,CrcInfo,CrcStatus,Property,,CalculateCRCs.CrcInfo.vb:124,none,,GAP?,
CalculateCRCs.CrcInfo.vb,CrcInfo,CrcError,Property,,CalculateCRCs.CrcInfo.vb:132,none,,GAP?,
CalculateCRCs.vb,CalculateCRCs,Files,Property,,CalculateCRCs.vb:65,strong,vaultkeeper/app_paths.py | vaultkeeper/config/settings.py | vaultkeeper/core/archive.py,AUTO-PORTED,
CalculateCRCs.vb,CalculateCRCs,Duration,Property,,CalculateCRCs.vb:73,strong,vaultkeeper/core/play_time.py | vaultkeeper/game/play_data_manager.py | vaultkeeper/ui/controller.py,AUTO-PORTED,
CalculateCRCs.vb,CalculateCRCs,EstimatedDuration,Property,,CalculateCRCs.vb:81,none,,Divergence,UI status/progress + WinForms background-worker plumbing (CRC compute engine itself is ported in core).
CalculateCRCs.vb,CalculateCRCs,TotalFileSize,Property,,CalculateCRCs.vb:89,none,,Divergence,UI status/progress + WinForms background-worker plumbing (CRC compute engine itself is ported in core).
CalculateCRCs.vb,CalculateCRCs,Skipped,Property,,CalculateCRCs.vb:97,strong,vaultkeeper/core/crc.py | vaultkeeper/core/rtf.py | vaultkeeper/game/character_reference.py,AUTO-PORTED,
CalculateCRCs.vb,CalculateCRCs,Errors,Property,,CalculateCRCs.vb:105,strong,vaultkeeper/core/formats/gff_reader.py | vaultkeeper/core/install_manager.py | vaultkeeper/game/game_backup.py,AUTO-PORTED,
CalculateCRCs.vb,CalculateCRCs,LogMessage,Property,,CalculateCRCs.vb:113,none,,Divergence,UI status/progress + WinForms background-worker plumbing (CRC compute engine itself is ported in core).
CalculateCRCs.vb,CalculateCRCs,CancelMode,Property,,CalculateCRCs.vb:126,none,,Divergence,WinForms UI-state/lifecycle/version/image-editor/crash glue; not applicable in Qt.
CalculateCRCs.vb,CalculateCRCs,New,Sub,,CalculateCRCs.vb:228,strong,vaultkeeper/core/hak_patch.py | vaultkeeper/core/mapper.py | vaultkeeper/core/name_edit.py,N/A,framework/designer-generated
CalculateCRCs.vb,CalculateCRCs,ShowDialog,Function,,CalculateCRCs.vb:246,strong,vaultkeeper/ui/dialogs/about.py | vaultkeeper/ui/dialogs/classes_skills_feats.py | vaultkeeper/ui/main_window.py,Ported,DocOrganiser/ModPlayViewer/WizardBuilder core report/view/save logic (subagent+orchestrator).
CalculateCRCs.vb,CalculateCRCs,CalculateCRCs_Load,Sub,Me.Load,CalculateCRCs.vb:333,none,,Divergence,UI status/progress + WinForms background-worker plumbing (CRC compute engine itself is ported in core).
CalculateCRCs.vb,CalculateCRCs,CalculateCRCs_Shown,Sub,Me.Shown,CalculateCRCs.vb:415,none,,Divergence,UI status/progress + WinForms background-worker plumbing (CRC compute engine itself is ported in core).
CalculateCRCs.vb,CalculateCRCs,BtCancel_Click,Sub,btCancel.Click,CalculateCRCs.vb:439,none,,Divergence,WinForms event/progress/UI plumbing refactored into controller/vault + bounded viewer (search/copy-paste/nav). Owner-confirm candidates: StartScreen export/copy-paste/search.
CalculateCRCs.vb,CalculateCRCs,WndProc,Sub,,CalculateCRCs.vb:479,none,,Divergence,"bounded read-only viewer port: VB filters/navigation/editors/bg-workers/Windows-shell handlers intentionally not ported (PARITY.md recurring pattern). SOME are owner-confirm candidates: ModExplorer filter subsystem, PortraitManager prev/next navigation."
CalculateCRCs.vb,CalculateCRCs,CalculateCRCs_FormClosing,Sub,Me.FormClosing,CalculateCRCs.vb:511,none,,Divergence,UI status/progress + WinForms background-worker plumbing (CRC compute engine itself is ported in core).
CalculateCRCs.vb,CalculateCRCs,DequeueItem,Function,,CalculateCRCs.vb:567,none,,Divergence,UI status/progress + WinForms background-worker plumbing (CRC compute engine itself is ported in core).
CalculateCRCs.vb,CalculateCRCs,BgCalculateCRC_DoWork,Sub,"bgCalculateCRC.DoWork, bgCalculateCRC1.DoWork, bgCalculateCRC2.DoWork, bgCalculateCRC3.DoWork",CalculateCRCs.vb:587,none,,Divergence,UI status/progress + WinForms background-worker plumbing (CRC compute engine itself is ported in core).
CalculateCRCs.vb,CalculateCRCs,BgCalculateCRC_ProgressChanged,Sub,"bgCalculateCRC.ProgressChanged, bgCalculateCRC1.ProgressChanged, bgCalculateCRC2.ProgressChanged, bgCalculateCRC3.ProgressChanged",CalculateCRCs.vb:630,none,,Divergence,UI status/progress + WinForms background-worker plumbing (CRC compute engine itself is ported in core).
CalculateCRCs.vb,CalculateCRCs,ProgressInfo,Function,,CalculateCRCs.vb:692,none,,Divergence,UI status/progress + WinForms background-worker plumbing (CRC compute engine itself is ported in core).
CalculateCRCs.vb,CalculateCRCs,BgCalculateCRC_RunWorkerCompleted,Sub,"bgCalculateCRC.RunWorkerCompleted, bgCalculateCRC1.RunWorkerCompleted, bgCalculateCRC2.RunWorkerCompleted, bgCalculateCRC3.RunWorkerCompleted",CalculateCRCs.vb:707,none,,Divergence,UI status/progress + WinForms background-worker plumbing (CRC compute engine itself is ported in core).
CalculateCRCs.vb,CalculateCRCs,BgSecondCounterr_DoWork,Sub,bgSecondCounter.DoWork,CalculateCRCs.vb:730,none,,Divergence,UI status/progress + WinForms background-worker plumbing (CRC compute engine itself is ported in core).
CalculateCRCs.vb,CalculateCRCs,BgSecondCounter_ProgressChanged,Sub,bgSecondCounter.ProgressChanged,CalculateCRCs.vb:746,none,,Divergence,UI status/progress + WinForms background-worker plumbing (CRC compute engine itself is ported in core).
ChangeData.vb,ChangeData,New,Sub,,ChangeData.vb:53,strong,vaultkeeper/core/hak_patch.py | vaultkeeper/core/mapper.py | vaultkeeper/core/name_edit.py,N/A,framework/designer-generated
ChangeData.vb,ChangeData,Installed,Property,,ChangeData.vb:59,strong,vaultkeeper/config/settings.py | vaultkeeper/core/change_data.py | vaultkeeper/core/constants.py,Ported,DocOrganiser/ModPlayViewer/WizardBuilder core report/view/save logic (subagent+orchestrator).
ChangeData.vb,ChangeData,File,Property,,ChangeData.vb:64,strong,vaultkeeper/app_paths.py | vaultkeeper/config/settings.py | vaultkeeper/core/archive.py,AUTO-PORTED,
ChangeData.vb,ChangeData,Mods,Property,,ChangeData.vb:69,strong,vaultkeeper/config/settings.py | vaultkeeper/core/change_data.py | vaultkeeper/core/constants.py,AUTO-PORTED,
ChangeData.vb,ChangeData,OrphanedModNotes,Property,,ChangeData.vb:75,strong,vaultkeeper/core/change_data.py,AUTO-PORTED,
ChangeData.vb,ChangeData,UpdateChecksums,Property,,ChangeData.vb:80,strong,vaultkeeper/core/change_data.py,AUTO-PORTED,
ChangeData.vb,ChangeData,UpdateStates,Property,,ChangeData.vb:90,strong,vaultkeeper/core/change_data.py,AUTO-PORTED,
ChangeData.vb,ChangeData,IllegalItems,Property,,ChangeData.vb:99,strong,vaultkeeper/core/change_data.py,AUTO-PORTED,
ChangeData.vb,ChangeData,Detected,Property,,ChangeData.vb:108,strong,vaultkeeper/core/change_data.py | vaultkeeper/game/game_mapper.py | vaultkeeper/game/install_verify.py,AUTO-PORTED,
ChangeData.vb,ChangeData,ResetChanges,Sub,,ChangeData.vb:122,strong,vaultkeeper/core/change_data.py | vaultkeeper/core/install_manager.py | vaultkeeper/core/profile_data.py,AUTO-PORTED,
ChangeData.vb,ChangeData,Clone,Function,,ChangeData.vb:137,strong,vaultkeeper/core/change_data.py | vaultkeeper/core/file_data.py | vaultkeeper/core/mod_data.py,N/A,framework/designer-generated
ChangeData.vb,ChangeData,SaveInfo,Sub,,ChangeData.vb:180,strong,vaultkeeper/core/change_data.py | vaultkeeper/core/install_manager.py | vaultkeeper/game/game_saves.py,Divergence,WinForms lifecycle/event/virtual-list/background-worker/mouse-hover plumbing.
ChangeData.vb,ChangeData,RestoreSavedInfo,Sub,,ChangeData.vb:206,strong,vaultkeeper/core/change_data.py | vaultkeeper/core/install_manager.py,AUTO-PORTED,
ChangeData.vb,ChangeData,MergeSavedInfo,Sub,,ChangeData.vb:234,strong,vaultkeeper/core/change_data.py | vaultkeeper/core/install_manager.py,AUTO-PORTED,
ChangeData.vb,ChangeData,StatusLine,Function,,ChangeData.vb:293,strong,vaultkeeper/core/change_data.py,AUTO-PORTED,
ChangeData.vb,ChangeData,StatusLineNone,Function,,ChangeData.vb:395,none,,Divergence,UI status/progress + WinForms background-worker plumbing (CRC compute engine itself is ported in core).
ChangeData.vb,ChangeData,Report,Sub,,ChangeData.vb:411,strong,vaultkeeper/core/change_data.py | vaultkeeper/game/documentation.py | vaultkeeper/game/install_verify.py,Divergence,WinForms lifecycle/event/virtual-list/background-worker/mouse-hover plumbing.
ChangeData.vb,ChangeData,GetReport,Function,,ChangeData.vb:432,strong,vaultkeeper/core/change_data.py,AUTO-PORTED,
ChangeData.vb,InfoFiles,New,Sub,,ChangeData.vb:493,strong,vaultkeeper/core/hak_patch.py | vaultkeeper/core/mapper.py | vaultkeeper/core/name_edit.py,N/A,framework/designer-generated
ChangeData.vb,InfoFiles,IllegalItems,Property,,ChangeData.vb:529,strong,vaultkeeper/core/change_data.py,AUTO-PORTED,
ChangeData.vb,InfoFiles,UpdateStates,Property,,ChangeData.vb:544,strong,vaultkeeper/core/change_data.py,AUTO-PORTED,
ChangeData.vb,InfoFiles,ChangesDetected,Property,,ChangeData.vb:553,strong,vaultkeeper/core/change_data.py,AUTO-PORTED,
ChangeData.vb,InfoFiles,Adds,Property,,ChangeData.vb:562,strong,vaultkeeper/core/change_data.py | vaultkeeper/core/formats/tga_reader.py | vaultkeeper/core/profile_data.py,AUTO-PORTED,
ChangeData.vb,InfoFiles,Removes,Property,,ChangeData.vb:571,strong,vaultkeeper/core/change_data.py | vaultkeeper/core/fs.py | vaultkeeper/core/profile_data.py,AUTO-PORTED,
ChangeData.vb,InfoFiles,Changes,Property,,ChangeData.vb:580,strong,vaultkeeper/core/change_data.py | vaultkeeper/core/file_data.py | vaultkeeper/core/install_manager.py,Divergence,"VB per-preference ListView-editor framework (Preferences/Config/Profiles/Locations pages, Import/Export/Reset/Undo). Bounded port = tabbed dialog + FolderMapping + status-bar profile menu. Subagent verdict: 0 MISSING user prefs (see FINDING_3_SETTINGS.md for the pref-level gap = 10 add-a-setting items)."
ChangeData.vb,InfoFiles,Renames,Property,,ChangeData.vb:589,strong,vaultkeeper/core/change_data.py | vaultkeeper/core/name_edit.py | vaultkeeper/core/profile_data.py,Divergence,WinForms lifecycle/event/virtual-list/background-worker/mouse-hover plumbing.
ChangeData.vb,InfoFiles,Added,Sub,,ChangeData.vb:599,strong,vaultkeeper/app_paths.py | vaultkeeper/config/settings.py | vaultkeeper/core/change_data.py,AUTO-PORTED,
ChangeData.vb,InfoFiles,Removed,Sub,,ChangeData.vb:611,strong,vaultkeeper/core/change_data.py | vaultkeeper/core/constants.py | vaultkeeper/core/fs.py,AUTO-PORTED,
ChangeData.vb,InfoFiles,Changed,Sub,,ChangeData.vb:619,strong,vaultkeeper/core/change_data.py | vaultkeeper/core/install_manager.py | vaultkeeper/core/name_edit.py,AUTO-PORTED,
ChangeData.vb,InfoFiles,DeleteRemoved,Sub,,ChangeData.vb:631,strong,vaultkeeper/core/change_data.py,AUTO-PORTED,
ChangeData.vb,InfoFiles,Renamed,Sub,,ChangeData.vb:644,strong,vaultkeeper/core/change_data.py | vaultkeeper/core/profile_data.py | vaultkeeper/game/game_mapper.py,AUTO-PORTED,
ChangeData.vb,InfoFiles,Clone,Function,,ChangeData.vb:653,strong,vaultkeeper/core/change_data.py | vaultkeeper/core/file_data.py | vaultkeeper/core/mod_data.py,N/A,framework/designer-generated
ChangeData.vb,InfoMods,New,Sub,,ChangeData.vb:677,strong,vaultkeeper/core/hak_patch.py | vaultkeeper/core/mapper.py | vaultkeeper/core/name_edit.py,N/A,framework/designer-generated
ChangeData.vb,InfoMods,Adds,Property,,ChangeData.vb:698,strong,vaultkeeper/core/change_data.py | vaultkeeper/core/formats/tga_reader.py | vaultkeeper/core/profile_data.py,AUTO-PORTED,
ChangeData.vb,InfoMods,Removes,Property,,ChangeData.vb:707,strong,vaultkeeper/core/change_data.py | vaultkeeper/core/fs.py | vaultkeeper/core/profile_data.py,AUTO-PORTED,
ChangeData.vb,InfoMods,Affecteds,Property,,ChangeData.vb:716,strong,vaultkeeper/core/change_data.py,AUTO-PORTED,
ChangeData.vb,InfoMods,UpdateStates,Property,,ChangeData.vb:725,strong,vaultkeeper/core/change_data.py,AUTO-PORTED,
ChangeData.vb,InfoMods,ChangesDetected,Property,,ChangeData.vb:734,strong,vaultkeeper/core/change_data.py,AUTO-PORTED,
ChangeData.vb,InfoMods,Added,Sub,,ChangeData.vb:744,strong,vaultkeeper/app_paths.py | vaultkeeper/config/settings.py | vaultkeeper/core/change_data.py,AUTO-PORTED,
ChangeData.vb,InfoMods,Removed,Sub,,ChangeData.vb:755,strong,vaultkeeper/core/change_data.py | vaultkeeper/core/constants.py | vaultkeeper/core/fs.py,AUTO-PORTED,
ChangeData.vb,InfoMods,Affected,Sub,,ChangeData.vb:765,strong,vaultkeeper/core/change_data.py | vaultkeeper/core/install_manager.py | vaultkeeper/core/profile_data.py,AUTO-PORTED,
ChangeData.vb,InfoMods,DeleteItem,Sub,,ChangeData.vb:776,strong,vaultkeeper/core/change_data.py | vaultkeeper/core/file_ops.py | vaultkeeper/core/install_manager.py,AUTO-PORTED,
ChangeData.vb,InfoMods,NameExists,Function,,ChangeData.vb:790,strong,vaultkeeper/core/change_data.py,AUTO-PORTED,
ChangeData.vb,InfoMods,Clone,Function,,ChangeData.vb:799,strong,vaultkeeper/core/change_data.py | vaultkeeper/core/file_data.py | vaultkeeper/core/mod_data.py,N/A,framework/designer-generated
CharacterFilter.vb,CharacterFilter,LevelFilterText,Property,,CharacterFilter.vb:40,strong,vaultkeeper/ui/dialogs/character_filter.py,AUTO-PORTED,
CharacterFilter.vb,CharacterFilter,ClassNamesFilter,Property,,CharacterFilter.vb:53,none,,GAP?,
CharacterFilter.vb,CharacterFilter,CharacterFilter_Load,Sub,MyBase.Load,CharacterFilter.vb:59,none,,GAP?,
CharacterFilter.vb,CharacterFilter,CharacterFilter_Shown,Sub,Me.Shown,CharacterFilter.vb:101,none,,GAP?,
CharacterFilter.vb,CharacterFilter,BtReset_Click,Sub,BtReset.Click,CharacterFilter.vb:110,none,,Divergence,"VB per-preference ListView-editor framework (Preferences/Config/Profiles/Locations pages, Import/Export/Reset/Undo). Bounded port = tabbed dialog + FolderMapping + status-bar profile menu. Subagent verdict: 0 MISSING user prefs (see FINDING_3_SETTINGS.md for the pref-level gap = 10 add-a-setting items)."
CharacterFilter.vb,CharacterFilter,BtApply_Click,Sub,BtApply.Click,CharacterFilter.vb:123,strong,vaultkeeper/ui/dialogs/character_filter.py,Deferred,ModFindAndRename (dead MsFindAndRename) + DocOrganiser Properties/Reset + wizard file-threshold.
CharacterFilter.vb,CharacterFilter,BtCancel_Click,Sub,BtCancel.Click,CharacterFilter.vb:138,none,,Divergence,WinForms event/progress/UI plumbing refactored into controller/vault + bounded viewer (search/copy-paste/nav). Owner-confirm candidates: StartScreen export/copy-paste/search.
CharacterFilter.vb,CharacterFilter,LvClassNames_ItemClicked,Sub,LvClassNames.ItemClicked,CharacterFilter.vb:149,none,,GAP?,
CharacterFilter.vb,CharacterFilter,LvClassNames_ItemCheck,Sub,,CharacterFilter.vb:161,none,,GAP?,
CharacterFilter.vb,CharacterFilter,CmClear_Click,Sub,CmClear.Click,CharacterFilter.vb:184,none,,Divergence,"bounded read-only viewer port: VB filters/navigation/editors/bg-workers/Windows-shell handlers intentionally not ported (PARITY.md recurring pattern). SOME are owner-confirm candidates: ModExplorer filter subsystem, PortraitManager prev/next navigation."
CharacterFilter.vb,CharacterFilter,IsValidLevelFilter,Function,,CharacterFilter.vb:197,strong,vaultkeeper/game/character_filter.py | vaultkeeper/ui/dialogs/character_filter.py,AUTO-PORTED,
CharacterViewer.vb,CharacterViewer,SelectMod,Property,,CharacterViewer.vb:36,strong,vaultkeeper/ui/dialogs/find_files.py | vaultkeeper/ui/file_view.py | vaultkeeper/ui/main_window.py,Ported,verified present in port (subagent/orchestrator swept 2026-07-15).
CharacterViewer.vb,CharacterViewer,TitleText,Property,,CharacterViewer.vb:127,strong,vaultkeeper/game/character_filter.py | vaultkeeper/ui/dialogs/character_viewer.py,Ported,verified present in port (subagent/orchestrator swept 2026-07-15).
CharacterViewer.vb,CharacterViewer,ShowDialog,Function,,CharacterViewer.vb:255,strong,vaultkeeper/ui/dialogs/about.py | vaultkeeper/ui/dialogs/classes_skills_feats.py | vaultkeeper/ui/main_window.py,Ported,DocOrganiser/ModPlayViewer/WizardBuilder core report/view/save logic (subagent+orchestrator).
CharacterViewer.vb,CharacterViewer,ShowDialog,Function,,CharacterViewer.vb:270,strong,vaultkeeper/ui/dialogs/about.py | vaultkeeper/ui/dialogs/classes_skills_feats.py | vaultkeeper/ui/main_window.py,Ported,DocOrganiser/ModPlayViewer/WizardBuilder core report/view/save logic (subagent+orchestrator).
CharacterViewer.vb,CharacterViewer,ShowDialog,Function,,CharacterViewer.vb:299,strong,vaultkeeper/ui/dialogs/about.py | vaultkeeper/ui/dialogs/classes_skills_feats.py | vaultkeeper/ui/main_window.py,Ported,DocOrganiser/ModPlayViewer/WizardBuilder core report/view/save logic (subagent+orchestrator).
CharacterViewer.vb,CharacterViewer,ShowDialog,Function,,CharacterViewer.vb:337,strong,vaultkeeper/ui/dialogs/about.py | vaultkeeper/ui/dialogs/classes_skills_feats.py | vaultkeeper/ui/main_window.py,Ported,DocOrganiser/ModPlayViewer/WizardBuilder core report/view/save logic (subagent+orchestrator).
CharacterViewer.vb,CharacterViewer,CharacterViewer_Load,Sub,Me.Load,CharacterViewer.vb:364,none,,Divergence,WinForms lifecycle/event/virtual-list/background-worker plumbing; N/A in Qt.
CharacterViewer.vb,CharacterViewer,CharacterViewer_Shown,Sub,Me.Shown,CharacterViewer.vb:570,none,,Divergence,WinForms lifecycle/event/virtual-list/background-worker plumbing; N/A in Qt.
CharacterViewer.vb,CharacterViewer,CharacterViewer_FormClosing,Sub,Me.FormClosing,CharacterViewer.vb:589,none,,Divergence,WinForms lifecycle/event/virtual-list/background-worker plumbing; N/A in Qt.
CharacterViewer.vb,CharacterViewer,CharacterViewer_FormClosed,Sub,Me.FormClosed,CharacterViewer.vb:619,none,,Divergence,WinForms lifecycle/event/virtual-list/background-worker plumbing; N/A in Qt.
CharacterViewer.vb,CharacterViewer,OnHelpButtonClicked,Sub,,CharacterViewer.vb:631,none,,Divergence,WinForms lifecycle/event/virtual-list/background-worker plumbing; N/A in Qt.
CharacterViewer.vb,CharacterViewer,PicPortrait_Click,Sub,"PicPortrait.Click, CmOpenPortraitManager.Click",CharacterViewer.vb:640,none,,Deferred,unported subsystem (restorer/update/crypt/shared-store/portrait-mgr integration).
CharacterViewer.vb,CharacterViewer,LbcFilter_Click,Sub,LcbFilter.Click,CharacterViewer.vb:655,strong,vaultkeeper/game/character_filter.py | vaultkeeper/ui/dialogs/character_viewer.py,Ported,verified present in port (subagent/orchestrator swept 2026-07-15).
CharacterViewer.vb,CharacterViewer,ClassFilterInfo,Function,,CharacterViewer.vb:763,strong,vaultkeeper/game/character_filter.py,Ported,verified present in port (subagent/orchestrator swept 2026-07-15).
CharacterViewer.vb,CharacterViewer,ApplyClassFilter,Function,,CharacterViewer.vb:782,strong,vaultkeeper/game/character_filter.py | vaultkeeper/ui/dialogs/character_viewer.py,Ported,verified present in port (subagent/orchestrator swept 2026-07-15).
CharacterViewer.vb,CharacterViewer,CbRanked_CheckedChanged,Sub,,CharacterViewer.vb:802,none,,Divergence,WinForms lifecycle/event/virtual-list/background-worker plumbing; N/A in Qt.
CharacterViewer.vb,CharacterViewer,TsCopyDetails_Click,Sub,TsCopyDetails.Click,CharacterViewer.vb:819,none,,MISSING,genuine small feature gap (owner-visible) — see notes.
CharacterViewer.vb,CharacterViewer,TsCopyLevel_Click,Sub,TsCopyLevel.Click,CharacterViewer.vb:831,none,,MISSING,genuine small feature gap (owner-visible) — see notes.
CharacterViewer.vb,CharacterViewer,Bt_MouseLeave,Sub,,CharacterViewer.vb:843,none,,Divergence,WinForms lifecycle/event/virtual-list/background-worker plumbing; N/A in Qt.
CharacterViewer.vb,CharacterViewer,BtDescription_Click,Sub,"BtDescription.Click, CmDescription.Click",CharacterViewer.vb:851,none,,Divergence,WinForms lifecycle/event/virtual-list/background-worker plumbing; N/A in Qt.
CharacterViewer.vb,CharacterViewer,BtSelect_Click,Sub,BtSelect.Click,CharacterViewer.vb:867,none,,Divergence,"bounded read-only viewer port: VB filters/navigation/editors/bg-workers/Windows-shell handlers intentionally not ported (PARITY.md recurring pattern). SOME are owner-confirm candidates: ModExplorer filter subsystem, PortraitManager prev/next navigation."
CharacterViewer.vb,CharacterViewer,BtClose_Click,Sub,BtClose.Click,CharacterViewer.vb:878,none,,Divergence,"bounded read-only viewer port: VB filters/navigation/editors/bg-workers/Windows-shell handlers intentionally not ported (PARITY.md recurring pattern). SOME are owner-confirm candidates: ModExplorer filter subsystem, PortraitManager prev/next navigation."
CharacterViewer.vb,CharacterViewer,LvCharacters_GotFocus,Sub,LvCharacters.GotFocus,CharacterViewer.vb:889,none,,Divergence,WinForms lifecycle/event/virtual-list/background-worker plumbing; N/A in Qt.
CharacterViewer.vb,CharacterViewer,LvCharacters_RetrieveVirtualItem,Sub,LvCharacters.RetrieveVirtualItem,CharacterViewer.vb:900,none,,Divergence,WinForms lifecycle/event/virtual-list/background-worker plumbing; N/A in Qt.
CharacterViewer.vb,CharacterViewer,LvCharacters_SelectedIndexChanged,Sub,LvCharacters.SelectedIndexChanged,CharacterViewer.vb:913,none,,Ported,verified present in port (subagent/orchestrator swept 2026-07-15).
CharacterViewer.vb,CharacterViewer,LvCharacters_ItemClicked,Sub,LvCharacters.ItemClicked,CharacterViewer.vb:1002,none,,Divergence,WinForms lifecycle/event/virtual-list/background-worker plumbing; N/A in Qt.
CharacterViewer.vb,CharacterViewer,LvCharacters_KeyPress,Sub,,CharacterViewer.vb:1021,none,,Divergence,WinForms lifecycle/event/virtual-list/background-worker plumbing; N/A in Qt.
CharacterViewer.vb,CharacterViewer,LvSkills_RetrieveVirtualItem,Sub,LvSkills.RetrieveVirtualItem,CharacterViewer.vb:1038,none,,Divergence,WinForms lifecycle/event/virtual-list/background-worker plumbing; N/A in Qt.
CharacterViewer.vb,CharacterViewer,LvFeats_RetrieveVirtualItem,Sub,LvFeats.RetrieveVirtualItem,CharacterViewer.vb:1050,none,,Divergence,WinForms lifecycle/event/virtual-list/background-worker plumbing; N/A in Qt.
CharacterViewer.vb,CharacterViewer,Lv_SelectedIndexChanged,Sub,"LvSkills.SelectedIndexChanged, LvFeats.SelectedIndexChanged",CharacterViewer.vb:1062,none,,Divergence,"WinForms lifecycle/event/virtual-list/bg-worker + bounded-viewer extras (owner-confirm: ModPlayViewer end-level filter/recent, DocOrganiser rtf/properties)."
CharacterViewer.vb,CharacterViewer,Lv_MouseDoubleClick,Sub,"LvSkills.MouseDoubleClick, LvFeats.MouseDoubleClick",CharacterViewer.vb:1070,none,,Divergence,WinForms lifecycle/event/virtual-list/background-worker plumbing; N/A in Qt.
CharacterViewer.vb,CharacterViewer,TabCharacter_SelectedIndexChanged,Sub,TabCharacter.SelectedIndexChanged,CharacterViewer.vb:1084,none,,Divergence,WinForms lifecycle/event/virtual-list/background-worker plumbing; N/A in Qt.
CharacterViewer.vb,CharacterViewer,LbInfo_MouseHover,Sub,,CharacterViewer.vb:1112,none,,Divergence,WinForms lifecycle/event/virtual-list/background-worker plumbing; N/A in Qt.
CharacterViewer.vb,CharacterViewer,LbInfo_MouseLeave,Sub,,CharacterViewer.vb:1122,none,,Divergence,WinForms lifecycle/event/virtual-list/background-worker plumbing; N/A in Qt.
CharacterViewer.vb,CharacterViewer,ProcessList,Sub,,CharacterViewer.vb:1136,none,,Divergence,WinForms lifecycle/event/virtual-list/background-worker plumbing; N/A in Qt.
CharacterViewer.vb,CharacterViewer,BgProcessList,Sub,,CharacterViewer.vb:1174,none,,Divergence,"bounded read-only viewer port: VB filters/navigation/editors/bg-workers/Windows-shell handlers intentionally not ported (PARITY.md recurring pattern). SOME are owner-confirm candidates: ModExplorer filter subsystem, PortraitManager prev/next navigation."
CharacterViewer.vb,CharacterViewer,BgProcessCharacterFile,Sub,,CharacterViewer.vb:1201,none,,Divergence,WinForms lifecycle/event/virtual-list/background-worker plumbing; N/A in Qt.
CharacterViewer.vb,CharacterViewer,ProcessRestorer,Sub,,CharacterViewer.vb:1212,none,,Deferred,unported subsystem (restorer/update/crypt/shared-store/portrait-mgr integration).
CharacterViewer.vb,CharacterViewer,ProcessCharacterFile,Sub,,CharacterViewer.vb:1237,none,,Divergence,WinForms lifecycle/event/virtual-list/background-worker plumbing; N/A in Qt.
CharacterViewer.vb,CharacterViewer,ProcessSummarySize,Sub,,CharacterViewer.vb:1273,none,,Divergence,WinForms lifecycle/event/virtual-list/background-worker plumbing; N/A in Qt.
CharacterViewer.vb,CharacterViewer,CharacterViewer_LocationChanged,Sub,,CharacterViewer.vb:1292,none,,Divergence,WinForms lifecycle/event/virtual-list/background-worker plumbing; N/A in Qt.
CharacterViewer.vb,CharacterViewer,ProcessCmdKey,Function,,CharacterViewer.vb:1306,none,,Divergence,"bounded read-only viewer port: VB filters/navigation/editors/bg-workers/Windows-shell handlers intentionally not ported (PARITY.md recurring pattern). SOME are owner-confirm candidates: ModExplorer filter subsystem, PortraitManager prev/next navigation."
ClassesSkillsAndFeats.vb,ClassesSkillsAndFeats,ErrorText,Property,,ClassesSkillsAndFeats.vb:27,none,,Divergence,Classes/Skills/Feats + Dependency editor + Basic Settings are ported in dedicated modules; these VB dialog methods are WinForms/virtual-list plumbing.
ClassesSkillsAndFeats.vb,ClassesSkillsAndFeats,SkillsAndFeats_Load,Sub,MyBase.Load,ClassesSkillsAndFeats.vb:46,strong,vaultkeeper/game/character_reference.py,AUTO-PORTED,
ClassesSkillsAndFeats.vb,ClassesSkillsAndFeats,SkillsAndFeats_Shown,Sub,Me.Shown,ClassesSkillsAndFeats.vb:159,none,,Divergence,Classes/Skills/Feats + Dependency editor + Basic Settings are ported in dedicated modules; these VB dialog methods are WinForms/virtual-list plumbing.
ClassesSkillsAndFeats.vb,ClassesSkillsAndFeats,TabMain_SelectedIndexChanged,Sub,TabMain.SelectedIndexChanged,ClassesSkillsAndFeats.vb:177,none,,Divergence,Classes/Skills/Feats + Dependency editor + Basic Settings are ported in dedicated modules; these VB dialog methods are WinForms/virtual-list plumbing.
ClassesSkillsAndFeats.vb,ClassesSkillsAndFeats,LvClasses_RetrieveVirtualItem,Sub,LvClasses.RetrieveVirtualItem,ClassesSkillsAndFeats.vb:197,none,,Divergence,Classes/Skills/Feats + Dependency editor + Basic Settings are ported in dedicated modules; these VB dialog methods are WinForms/virtual-list plumbing.
ClassesSkillsAndFeats.vb,ClassesSkillsAndFeats,LvClasses_SelectedIndexChanged,Sub,LvClasses.SelectedIndexChanged,ClassesSkillsAndFeats.vb:208,none,,Divergence,Classes/Skills/Feats + Dependency editor + Basic Settings are ported in dedicated modules; these VB dialog methods are WinForms/virtual-list plumbing.
ClassesSkillsAndFeats.vb,ClassesSkillsAndFeats,LvSkills_RetrieveVirtualItem,Sub,LvSkills.RetrieveVirtualItem,ClassesSkillsAndFeats.vb:225,none,,Divergence,WinForms lifecycle/event/virtual-list/background-worker plumbing; N/A in Qt.
ClassesSkillsAndFeats.vb,ClassesSkillsAndFeats,LvSkills_SelectedIndexChanged,Sub,LvSkills.SelectedIndexChanged,ClassesSkillsAndFeats.vb:237,none,,Divergence,Classes/Skills/Feats + Dependency editor + Basic Settings are ported in dedicated modules; these VB dialog methods are WinForms/virtual-list plumbing.
ClassesSkillsAndFeats.vb,ClassesSkillsAndFeats,LvFeats_RetrieveVirtualItem,Sub,LvFeats.RetrieveVirtualItem,ClassesSkillsAndFeats.vb:251,none,,Divergence,WinForms lifecycle/event/virtual-list/background-worker plumbing; N/A in Qt.
ClassesSkillsAndFeats.vb,ClassesSkillsAndFeats,LvFeats_SelectedIndexChanged,Sub,LvFeats.SelectedIndexChanged,ClassesSkillsAndFeats.vb:263,none,,Divergence,Classes/Skills/Feats + Dependency editor + Basic Settings are ported in dedicated modules; these VB dialog methods are WinForms/virtual-list plumbing.
ClassesSkillsAndFeats.vb,ClassesSkillsAndFeats,BtClose_Click,Sub,BtClose.Click,ClassesSkillsAndFeats.vb:278,none,,Divergence,"bounded read-only viewer port: VB filters/navigation/editors/bg-workers/Windows-shell handlers intentionally not ported (PARITY.md recurring pattern). SOME are owner-confirm candidates: ModExplorer filter subsystem, PortraitManager prev/next navigation."
ClassesSkillsAndFeats.vb,ClassesSkillsAndFeats,ActivateSearch,Sub,,ClassesSkillsAndFeats.vb:291,none,,Divergence,Classes/Skills/Feats + Dependency editor + Basic Settings are ported in dedicated modules; these VB dialog methods are WinForms/virtual-list plumbing.
ClassesSkillsAndFeats.vb,ClassesSkillsAndFeats,LoadClassDescriptions,Sub,,ClassesSkillsAndFeats.vb:307,strong,vaultkeeper/game/character_reference.py,AUTO-PORTED,
ClassesSkillsAndFeats.vb,ClassesSkillsAndFeats,LoadInfoFiles,Function,,ClassesSkillsAndFeats.vb:341,none,,Divergence,Classes/Skills/Feats + Dependency editor + Basic Settings are ported in dedicated modules; these VB dialog methods are WinForms/virtual-list plumbing.
ClassesSkillsAndFeats.vb,ClassesSkillsAndFeats,SetHeading,Sub,,ClassesSkillsAndFeats.vb:377,strong,vaultkeeper/ui/dialogs/classes_skills_feats.py,AUTO-PORTED,
CommonFiltersDialogue.vb,CommonFiltersDialogue,New,Sub,,CommonFiltersDialogue.vb:47,strong,vaultkeeper/core/hak_patch.py | vaultkeeper/core/mapper.py | vaultkeeper/core/name_edit.py,N/A,framework/designer-generated
CommonFiltersDialogue.vb,CommonFiltersDialogue,Filters_Load,Sub,MyBase.Load,CommonFiltersDialogue.vb:62,none,,GAP?,
CommonFiltersDialogue.vb,CommonFiltersDialogue,BtApply_Click,Sub,BtApply.Click,CommonFiltersDialogue.vb:114,strong,vaultkeeper/ui/dialogs/character_filter.py,Deferred,ModFindAndRename (dead MsFindAndRename) + DocOrganiser Properties/Reset + wizard file-threshold.
CommonFiltersDialogue.vb,CommonFiltersDialogue,BtCancel_Click,Sub,BtCancel.Click,CommonFiltersDialogue.vb:133,none,,Divergence,WinForms event/progress/UI plumbing refactored into controller/vault + bounded viewer (search/copy-paste/nav). Owner-confirm candidates: StartScreen export/copy-paste/search.
CommonFiltersDialogue.vb,CommonFiltersDialogue,ModPlayViewer_LocationChanged,Sub,Me.LocationChanged,CommonFiltersDialogue.vb:144,none,,Divergence,"WinForms lifecycle/event/virtual-list/bg-worker + bounded-viewer extras (owner-confirm: ModPlayViewer end-level filter/recent, DocOrganiser rtf/properties)."
CommonFiltersDialogue.vb,CommonFiltersDialogue,LvFilters_ItemChecked,Sub,"LvGroupFilters.ItemChecked, LvRatingFilters.ItemChecked",CommonFiltersDialogue.vb:157,none,,Divergence,"bounded read-only viewer port: VB filters/navigation/editors/bg-workers/Windows-shell handlers intentionally not ported (PARITY.md recurring pattern). SOME are owner-confirm candidates: ModExplorer filter subsystem, PortraitManager prev/next navigation."
CrashDumpManager.vb,DumpInfo,FileKey,Property,,CrashDumpManager.vb:35,strong,vaultkeeper/core/change_data.py | vaultkeeper/core/constants.py | vaultkeeper/core/file_data.py,AUTO-PORTED,
CrashDumpManager.vb,DumpInfo,SortKey,Property,,CrashDumpManager.vb:40,strong,vaultkeeper/ui/controller.py,Ported,DocOrganiser/ModPlayViewer/WizardBuilder core report/view/save logic (subagent+orchestrator).
CrashDumpManager.vb,DumpInfo,Modified,Property,,CrashDumpManager.vb:46,strong,vaultkeeper/core/file_data.py | vaultkeeper/core/hak_patch.py | vaultkeeper/core/profile_data.py,AUTO-PORTED,
CrashDumpManager.vb,DumpInfo,DisplayText,Property,,CrashDumpManager.vb:52,none,,Deferred,"CrashDumpManager (Windows crash dumps), AliasSectionEditor (MsAliasSection dead), HakPatchEditor (MsHakPatchEditor dead; read-only model ported), ExtendedEditionDialogue (EE user-folder prompt; editions detection ported in editions.py/locations.py)."
CrashDumpManager.vb,DumpInfo,New,Sub,,CrashDumpManager.vb:62,strong,vaultkeeper/core/hak_patch.py | vaultkeeper/core/mapper.py | vaultkeeper/core/name_edit.py,N/A,framework/designer-generated
CrashDumpManager.vb,CrashDumpManager,CrashFilesDeleted,Property,,CrashDumpManager.vb:93,none,,Deferred,"CrashDumpManager (Windows crash dumps), AliasSectionEditor (MsAliasSection dead), HakPatchEditor (MsHakPatchEditor dead; read-only model ported), ExtendedEditionDialogue (EE user-folder prompt; editions detection ported in editions.py/locations.py)."
CrashDumpManager.vb,CrashDumpManager,FileSizeAdjustment,Property,,CrashDumpManager.vb:98,none,,Deferred,"CrashDumpManager (Windows crash dumps), AliasSectionEditor (MsAliasSection dead), HakPatchEditor (MsHakPatchEditor dead; read-only model ported), ExtendedEditionDialogue (EE user-folder prompt; editions detection ported in editions.py/locations.py)."
CrashDumpManager.vb,CrashDumpManager,New,Sub,,CrashDumpManager.vb:109,strong,vaultkeeper/core/hak_patch.py | vaultkeeper/core/mapper.py | vaultkeeper/core/name_edit.py,N/A,framework/designer-generated
CrashDumpManager.vb,CrashDumpManager,ShowDialog,Function,,CrashDumpManager.vb:132,strong,vaultkeeper/ui/dialogs/about.py | vaultkeeper/ui/dialogs/classes_skills_feats.py | vaultkeeper/ui/main_window.py,Ported,DocOrganiser/ModPlayViewer/WizardBuilder core report/view/save logic (subagent+orchestrator).
CrashDumpManager.vb,CrashDumpManager,CrashDumpManager_Load,Sub,MyBase.Load,CrashDumpManager.vb:143,none,,Deferred,"CrashDumpManager (Windows crash dumps), AliasSectionEditor (MsAliasSection dead), HakPatchEditor (MsHakPatchEditor dead; read-only model ported), ExtendedEditionDialogue (EE user-folder prompt; editions detection ported in editions.py/locations.py)."
CrashDumpManager.vb,CrashDumpManager,CrashDumpManager_FormClosing,Sub,Me.FormClosing,CrashDumpManager.vb:203,none,,Deferred,"CrashDumpManager (Windows crash dumps), AliasSectionEditor (MsAliasSection dead), HakPatchEditor (MsHakPatchEditor dead; read-only model ported), ExtendedEditionDialogue (EE user-folder prompt; editions detection ported in editions.py/locations.py)."
CrashDumpManager.vb,CrashDumpManager,BtSubmit_Click,Sub,BtSubmit.Click,CrashDumpManager.vb:222,none,,Deferred,"CrashDumpManager (Windows crash dumps), AliasSectionEditor (MsAliasSection dead), HakPatchEditor (MsHakPatchEditor dead; read-only model ported), ExtendedEditionDialogue (EE user-folder prompt; editions detection ported in editions.py/locations.py)."
CrashDumpManager.vb,CrashDumpManager,BgOpenSupportPage_DoWork,Sub,BgOpenSupportPage.DoWork,CrashDumpManager.vb:248,none,,Deferred,"CrashDumpManager (Windows crash dumps), AliasSectionEditor (MsAliasSection dead), HakPatchEditor (MsHakPatchEditor dead; read-only model ported), ExtendedEditionDialogue (EE user-folder prompt; editions detection ported in editions.py/locations.py)."
CrashDumpManager.vb,CrashDumpManager,BtDeleteAll_Click,Sub,BtDeleteAll.Click,CrashDumpManager.vb:260,none,,Deferred,"CrashDumpManager (Windows crash dumps), AliasSectionEditor (MsAliasSection dead), HakPatchEditor (MsHakPatchEditor dead; read-only model ported), ExtendedEditionDialogue (EE user-folder prompt; editions detection ported in editions.py/locations.py)."
CrashDumpManager.vb,CrashDumpManager,BtDelete_Click,Sub,BtDelete.Click,CrashDumpManager.vb:270,none,,Partial,"WizardBuilder transfer/display + GameManager archive/restore/activate/deactivate/delete actions (core ported, VB wiring divergent)."
CrashDumpManager.vb,CrashDumpManager,DeleteFiles,Sub,,CrashDumpManager.vb:287,none,,Deferred,BackupManager + NetworkManager shared-store/sync + SlideShow + find-rename + original-restorers + prefix editor + legacy migrate.
CrashDumpManager.vb,CrashDumpManager,LvCrashFiles_ItemClicked,Sub,LvCrashFiles.ItemClicked,CrashDumpManager.vb:353,none,,Deferred,"CrashDumpManager (Windows crash dumps), AliasSectionEditor (MsAliasSection dead), HakPatchEditor (MsHakPatchEditor dead; read-only model ported), ExtendedEditionDialogue (EE user-folder prompt; editions detection ported in editions.py/locations.py)."
CrashDumpManager.vb,CrashDumpManager,LvCrashFiles_SelectedIndexChanged,Sub,LvCrashFiles.SelectedIndexChanged,CrashDumpManager.vb:367,none,,Deferred,"CrashDumpManager (Windows crash dumps), AliasSectionEditor (MsAliasSection dead), HakPatchEditor (MsHakPatchEditor dead; read-only model ported), ExtendedEditionDialogue (EE user-folder prompt; editions detection ported in editions.py/locations.py)."
CreateInstaller.vb,CreateInstaller,Duration,Property,,CreateInstaller.vb:43,strong,vaultkeeper/core/play_time.py | vaultkeeper/game/play_data_manager.py | vaultkeeper/ui/controller.py,AUTO-PORTED,
CreateInstaller.vb,CreateInstaller,SummaryLine,Property,,CreateInstaller.vb:48,none,,Divergence,WinForms lifecycle/event/virtual-list/background-worker plumbing; N/A in Qt.
CreateInstaller.vb,CreateInstaller,LogLine,Property,,CreateInstaller.vb:65,none,,Divergence,WinForms lifecycle/event/virtual-list/background-worker plumbing; N/A in Qt.
CreateInstaller.vb,CreateInstaller,ModStatusList,Property,,CreateInstaller.vb:78,none,,Divergence,WinForms lifecycle/event/virtual-list/background-worker plumbing; N/A in Qt.
CreateInstaller.vb,ScanQueueInfo,Modname,Property,,CreateInstaller.vb:95,strong,vaultkeeper/core/change_data.py | vaultkeeper/core/install_manager.py | vaultkeeper/game/installer_build.py,AUTO-PORTED,
CreateInstaller.vb,ScanQueueInfo,Folder,Property,,CreateInstaller.vb:101,strong,vaultkeeper/config/settings.py | vaultkeeper/core/constants.py | vaultkeeper/core/file_data.py,Divergence,"VB per-preference ListView-editor framework (Preferences/Config/Profiles/Locations pages, Import/Export/Reset/Undo). Bounded port = tabbed dialog + FolderMapping + status-bar profile menu. Subagent verdict: 0 MISSING user prefs (see FINDING_3_SETTINGS.md for the pref-level gap = 10 add-a-setting items)."
CreateInstaller.vb,ScanQueueInfo,IgnoreList,Property,,CreateInstaller.vb:106,none,,Divergence,WinForms lifecycle/event/virtual-list/background-worker plumbing; N/A in Qt.
CreateInstaller.vb,ScanQueueInfo,New,Sub,,CreateInstaller.vb:113,strong,vaultkeeper/core/hak_patch.py | vaultkeeper/core/mapper.py | vaultkeeper/core/name_edit.py,N/A,framework/designer-generated
CreateInstaller.vb,AnalyseInfo,FolderInfo,Property,,CreateInstaller.vb:133,comment,vaultkeeper/core/constants.py | vaultkeeper/core/mapper.py | vaultkeeper/game/nwn_folders.py,Deferred,BackupManager + NetworkManager shared-store/sync + SlideShow + find-rename + original-restorers + prefix editor + legacy migrate.
CreateInstaller.vb,AnalyseInfo,ItemInfo,Property,,CreateInstaller.vb:138,comment,vaultkeeper/game/wizard.py,Divergence,WinForms lifecycle/event/virtual-list/background-worker/mouse-hover plumbing.
CreateInstaller.vb,AnalyseInfo,New,Sub,,CreateInstaller.vb:145,strong,vaultkeeper/core/hak_patch.py | vaultkeeper/core/mapper.py | vaultkeeper/core/name_edit.py,N/A,framework/designer-generated
CreateInstaller.vb,ExtractInfo,Modname,Property,,CreateInstaller.vb:164,strong,vaultkeeper/core/change_data.py | vaultkeeper/core/install_manager.py | vaultkeeper/game/installer_build.py,AUTO-PORTED,
CreateInstaller.vb,ExtractInfo,FileInf,Property,,CreateInstaller.vb:169,comment,vaultkeeper/config/settings.py | vaultkeeper/game/character.py | vaultkeeper/game/character_reference.py,AUTO-PORTED,matched in comment/docstring
CreateInstaller.vb,ExtractInfo,IgnoreList,Property,,CreateInstaller.vb:174,none,,Divergence,WinForms lifecycle/event/virtual-list/background-worker plumbing; N/A in Qt.
CreateInstaller.vb,ExtractInfo,New,Sub,,CreateInstaller.vb:181,strong,vaultkeeper/core/hak_patch.py | vaultkeeper/core/mapper.py | vaultkeeper/core/name_edit.py,N/A,framework/designer-generated
CreateInstaller.vb,CopyInfo,Source,Property,,CreateInstaller.vb:201,strong,vaultkeeper/core/constants.py | vaultkeeper/core/file_data.py | vaultkeeper/core/file_ops.py,AUTO-PORTED,
CreateInstaller.vb,CopyInfo,InstallerPath,Property,,CreateInstaller.vb:206,strong,vaultkeeper/game/installer_build.py,AUTO-PORTED,
CreateInstaller.vb,CopyInfo,New,Sub,,CreateInstaller.vb:213,strong,vaultkeeper/core/hak_patch.py | vaultkeeper/core/mapper.py | vaultkeeper/core/name_edit.py,N/A,framework/designer-generated
CreateInstaller.vb,CreateInstaller,ShowDialog,Function,,CreateInstaller.vb:437,strong,vaultkeeper/ui/dialogs/about.py | vaultkeeper/ui/dialogs/classes_skills_feats.py | vaultkeeper/ui/main_window.py,Ported,DocOrganiser/ModPlayViewer/WizardBuilder core report/view/save logic (subagent+orchestrator).
CreateInstaller.vb,CreateInstaller,UpdateInstallerTypeFile,Sub,,CreateInstaller.vb:515,none,,Ported,verified present in port (subagent/orchestrator swept 2026-07-15).
CreateInstaller.vb,CreateInstaller,RunWizard,Function,,CreateInstaller.vb:571,strong,vaultkeeper/game/installer_build.py | vaultkeeper/game/wizard.py | vaultkeeper/ui/controller.py,AUTO-PORTED,
CreateInstaller.vb,CreateInstaller,GetPartialPath,Function,,CreateInstaller.vb:702,none,,Divergence,WinForms lifecycle/event/virtual-list/background-worker plumbing; N/A in Qt.
CreateInstaller.vb,CreateInstaller,WriteWizardReport,Sub,,CreateInstaller.vb:729,none,,Partial,"core present, VB extras simplified."
CreateInstaller.vb,CreateInstaller,CreateInstaller_Load,Sub,MyBase.Load,CreateInstaller.vb:761,none,,Divergence,WinForms lifecycle/event/virtual-list/background-worker plumbing; N/A in Qt.
CreateInstaller.vb,CreateInstaller,CreateInstaller_Shown,Sub,Me.Shown,CreateInstaller.vb:810,none,,Divergence,WinForms lifecycle/event/virtual-list/background-worker plumbing; N/A in Qt.
CreateInstaller.vb,CreateInstaller,BtCancel_Click,Sub,BtCancel.Click,CreateInstaller.vb:823,none,,Divergence,WinForms event/progress/UI plumbing refactored into controller/vault + bounded viewer (search/copy-paste/nav). Owner-confirm candidates: StartScreen export/copy-paste/search.
CreateInstaller.vb,CreateInstaller,CreateInstaller_FormClosing,Sub,Me.FormClosing,CreateInstaller.vb:843,none,,Divergence,WinForms lifecycle/event/virtual-list/background-worker plumbing; N/A in Qt.
CreateInstaller.vb,CreateInstaller,BgScanner_DoWork,Sub,BgScanner.DoWork,CreateInstaller.vb:868,none,,Divergence,WinForms event/progress/UI plumbing refactored into controller/vault + bounded viewer (search/copy-paste/nav). Owner-confirm candidates: StartScreen export/copy-paste/search.
CreateInstaller.vb,CreateInstaller,ScanFolders,Sub,,CreateInstaller.vb:896,strong,vaultkeeper/game/installer_build.py,AUTO-PORTED,
CreateInstaller.vb,CreateInstaller,ScanFile,Sub,,CreateInstaller.vb:948,strong,vaultkeeper/game/installer_build.py,AUTO-PORTED,
CreateInstaller.vb,CreateInstaller,BgScanner_ProgressChanged,Sub,BgScanner.ProgressChanged,CreateInstaller.vb:1006,none,,Divergence,WinForms event/progress/UI plumbing refactored into controller/vault + bounded viewer (search/copy-paste/nav). Owner-confirm candidates: StartScreen export/copy-paste/search.
CreateInstaller.vb,CreateInstaller,BgScanner_RunWorkerCompleted,Sub,BgScanner.RunWorkerCompleted,CreateInstaller.vb:1032,none,,Divergence,WinForms lifecycle/event/virtual-list/background-worker plumbing; N/A in Qt.
CreateInstaller.vb,CreateInstaller,BgExtractor_DoWork,Sub,BgExtractor.DoWork,CreateInstaller.vb:1116,none,,Divergence,WinForms lifecycle/event/virtual-list/background-worker plumbing; N/A in Qt.
CreateInstaller.vb,CreateInstaller,BgExtractor_ProgressChanged,Sub,BgExtractor.ProgressChanged,CreateInstaller.vb:1154,none,,Divergence,WinForms lifecycle/event/virtual-list/background-worker plumbing; N/A in Qt.
CreateInstaller.vb,CreateInstaller,BgExtractor_RunWorkerCompleted,Sub,BgExtractor.RunWorkerCompleted,CreateInstaller.vb:1179,none,,Divergence,WinForms lifecycle/event/virtual-list/background-worker plumbing; N/A in Qt.
CreateInstaller.vb,CreateInstaller,BgConverter_DoWork,Sub,BgConverter.DoWork,CreateInstaller.vb:1208,none,,Divergence,WinForms lifecycle/event/virtual-list/background-worker plumbing; N/A in Qt.
CreateInstaller.vb,CreateInstaller,BgConverter_ProgressChanged,Sub,BgConverter.ProgressChanged,CreateInstaller.vb:1255,none,,Divergence,WinForms lifecycle/event/virtual-list/background-worker plumbing; N/A in Qt.
CreateInstaller.vb,CreateInstaller,BgConverter_RunWorkerCompleted,Sub,BgConverter.RunWorkerCompleted,CreateInstaller.vb:1281,none,,Divergence,WinForms lifecycle/event/virtual-list/background-worker plumbing; N/A in Qt.
CreateInstaller.vb,CreateInstaller,BgAnalyser_DoWork,Sub,BgAnalyser.DoWork,CreateInstaller.vb:1313,none,,Divergence,WinForms lifecycle/event/virtual-list/background-worker plumbing; N/A in Qt.
CreateInstaller.vb,CreateInstaller,Analyse,Sub,,CreateInstaller.vb:1347,strong,vaultkeeper/game/installer_build.py | vaultkeeper/ui/controller.py,AUTO-PORTED,
CreateInstaller.vb,CreateInstaller,BgAnalyser_ProgressChanged,Sub,BgAnalyser.ProgressChanged,CreateInstaller.vb:1447,none,,Divergence,WinForms lifecycle/event/virtual-list/background-worker plumbing; N/A in Qt.
CreateInstaller.vb,CreateInstaller,BgAnalyser_RunWorkerCompleted,Sub,BgAnalyser.RunWorkerCompleted,CreateInstaller.vb:1472,none,,Divergence,WinForms lifecycle/event/virtual-list/background-worker plumbing; N/A in Qt.
CreateInstaller.vb,CreateInstaller,BgCreate_DoWork,Sub,BgCreate.DoWork,CreateInstaller.vb:1524,none,,Divergence,WinForms lifecycle/event/virtual-list/background-worker plumbing; N/A in Qt.
CreateInstaller.vb,CreateInstaller,ProcessPatchFiles,Sub,,CreateInstaller.vb:1552,strong,vaultkeeper/game/installer_build.py,AUTO-PORTED,
CreateInstaller.vb,CreateInstaller,BgCreate_ProgressChanged,Sub,BgCreate.ProgressChanged,CreateInstaller.vb:1590,none,,Divergence,WinForms lifecycle/event/virtual-list/background-worker plumbing; N/A in Qt.
CreateInstaller.vb,CreateInstaller,BgCreate_RunWorkerCompleted,Sub,BgCreate.RunWorkerCompleted,CreateInstaller.vb:1614,none,,Divergence,WinForms lifecycle/event/virtual-list/background-worker plumbing; N/A in Qt.
CreateInstaller.vb,CreateInstaller,CopyToInstallers,Sub,,CreateInstaller.vb:1632,strong,vaultkeeper/game/installer_build.py,AUTO-PORTED,
CreateInstaller.vb,CreateInstaller,WndProc,Sub,,CreateInstaller.vb:1776,none,,Divergence,"bounded read-only viewer port: VB filters/navigation/editors/bg-workers/Windows-shell handlers intentionally not ported (PARITY.md recurring pattern). SOME are owner-confirm candidates: ModExplorer filter subsystem, PortraitManager prev/next navigation."
CreateInstaller.vb,CreateInstaller,DisplayCopyList,Sub,,CreateInstaller.vb:1814,none,,Divergence,WinForms lifecycle/event/virtual-list/background-worker plumbing; N/A in Qt.
CreateMissingInstallers.vb,CreateMissingInstallers,ExcludeListFile,Property,,CreateMissingInstallers.vb:57,strong,vaultkeeper/ui/controller.py,Divergence,WinForms lifecycle/event/virtual-list/background-worker/mouse-hover plumbing.
CreateMissingInstallers.vb,CreateMissingInstallers,ShowDialog,Function,,CreateMissingInstallers.vb:81,strong,vaultkeeper/ui/dialogs/about.py | vaultkeeper/ui/dialogs/classes_skills_feats.py | vaultkeeper/ui/main_window.py,Ported,DocOrganiser/ModPlayViewer/WizardBuilder core report/view/save logic (subagent+orchestrator).
CreateMissingInstallers.vb,CreateMissingInstallers,ShowDialog,Function,,CreateMissingInstallers.vb:91,strong,vaultkeeper/ui/dialogs/about.py | vaultkeeper/ui/dialogs/classes_skills_feats.py | vaultkeeper/ui/main_window.py,Ported,DocOrganiser/ModPlayViewer/WizardBuilder core report/view/save logic (subagent+orchestrator).
CreateMissingInstallers.vb,CreateMissingInstallers,ShowDialog,Function,,CreateMissingInstallers.vb:98,strong,vaultkeeper/ui/dialogs/about.py | vaultkeeper/ui/dialogs/classes_skills_feats.py | vaultkeeper/ui/main_window.py,Ported,DocOrganiser/ModPlayViewer/WizardBuilder core report/view/save logic (subagent+orchestrator).
CreateMissingInstallers.vb,CreateMissingInstallers,CreateMissingInstallers_Load,Sub,MyBase.Load,CreateMissingInstallers.vb:110,none,,Divergence,WinForms lifecycle/event/virtual-list/background-worker/mouse-hover plumbing.
CreateMissingInstallers.vb,CreateMissingInstallers,CreateMissingInstallers_Shown,Sub,Me.Shown,CreateMissingInstallers.vb:172,none,,Divergence,WinForms lifecycle/event/virtual-list/background-worker/mouse-hover plumbing.
CreateMissingInstallers.vb,CreateMissingInstallers,LvModNames_ItemCheck,Sub,LvModNames.ItemCheck,CreateMissingInstallers.vb:184,none,,Divergence,WinForms lifecycle/event/virtual-list/background-worker/mouse-hover plumbing.
CreateMissingInstallers.vb,CreateMissingInstallers,LvModNames_ItemClicked,Sub,LvModNames.ItemClicked,CreateMissingInstallers.vb:208,none,,Divergence,WinForms lifecycle/event/virtual-list/background-worker/mouse-hover plumbing.
CreateMissingInstallers.vb,CreateMissingInstallers,CmSelectAll_Click,Sub,CmSelectAll.Click,CreateMissingInstallers.vb:220,none,,Divergence,WinForms lifecycle/event/virtual-list/background-worker/mouse-hover plumbing.
CreateMissingInstallers.vb,CreateMissingInstallers,CbExcludes_CheckedChanged,Sub,CbExcludes.CheckedChanged,CreateMissingInstallers.vb:232,none,,Divergence,WinForms lifecycle/event/virtual-list/background-worker/mouse-hover plumbing.
CreateMissingInstallers.vb,CreateMissingInstallers,BtCreate_Click,Sub,BtCreate.Click,CreateMissingInstallers.vb:297,none,,Ported,"port view/domain layer (details/contents/status/paste/recent/profile views, hak-patch, play-data viewer, find-files, conflicts, workshop, publish)."
CreateMissingInstallers.vb,CreateMissingInstallers,DisplayCounts,Sub,,CreateMissingInstallers.vb:329,strong,vaultkeeper/ui/dialogs/create_missing_installers.py,Ported,DocOrganiser/ModPlayViewer/WizardBuilder core report/view/save logic (subagent+orchestrator).
CreateNwnFolder.vb,CreateNwnFolder,TargetFolder,Property,,CreateNwnFolder.vb:30,strong,vaultkeeper/game/installer_build.py | vaultkeeper/ui/controller.py,Divergence,WinForms lifecycle/event/virtual-list/background-worker/mouse-hover plumbing.
CreateNwnFolder.vb,CreateNwnFolder,SourceFolder,Property,,CreateNwnFolder.vb:42,strong,vaultkeeper/core/mapper.py,Divergence,"VB per-preference ListView-editor framework (Preferences/Config/Profiles/Locations pages, Import/Export/Reset/Undo). Bounded port = tabbed dialog + FolderMapping + status-bar profile menu. Subagent verdict: 0 MISSING user prefs (see FINDING_3_SETTINGS.md for the pref-level gap = 10 add-a-setting items)."
CreateNwnFolder.vb,CreateNwnFolder,UseAsDefaultSource,Property,,CreateNwnFolder.vb:54,none,,Partial,"menu-item editor (web ported, run-menu deferred) + conflict counts."
CreateNwnFolder.vb,CreateNwnFolder,New,Sub,,CreateNwnFolder.vb:120,strong,vaultkeeper/core/hak_patch.py | vaultkeeper/core/mapper.py | vaultkeeper/core/name_edit.py,N/A,framework/designer-generated
CreateNwnFolder.vb,CreateNwnFolder,ShowDialog,Function,,CreateNwnFolder.vb:141,strong,vaultkeeper/ui/dialogs/about.py | vaultkeeper/ui/dialogs/classes_skills_feats.py | vaultkeeper/ui/main_window.py,Ported,DocOrganiser/ModPlayViewer/WizardBuilder core report/view/save logic (subagent+orchestrator).
CreateNwnFolder.vb,CreateNwnFolder,CreateNwnFolder_Load,Sub,MyBase.Load,CreateNwnFolder.vb:156,none,,Divergence,WinForms lifecycle/event/virtual-list/background-worker/mouse-hover plumbing.
CreateNwnFolder.vb,CreateNwnFolder,CreateNwnFolder_Shown,Sub,Me.Shown,CreateNwnFolder.vb:230,none,,Divergence,WinForms lifecycle/event/virtual-list/background-worker/mouse-hover plumbing.
CreateNwnFolder.vb,CreateNwnFolder,BuTarget_Click,Sub,BuTarget.Click,CreateNwnFolder.vb:254,none,,Divergence,WinForms lifecycle/event/virtual-list/background-worker/mouse-hover plumbing.
CreateNwnFolder.vb,CreateNwnFolder,BuSource_Click,Sub,BuSource.Click,CreateNwnFolder.vb:298,none,,Divergence,WinForms lifecycle/event/virtual-list/background-worker/mouse-hover plumbing.
CreateNwnFolder.vb,CreateNwnFolder,MlErrors_TextChanged,Sub,,CreateNwnFolder.vb:333,none,,Divergence,WinForms lifecycle/event/virtual-list/background-worker/mouse-hover plumbing.
CreateNwnFolder.vb,CreateNwnFolder,Tx_KeyPress,Sub,"TxTarget.KeyPress, TxSource.KeyPress",CreateNwnFolder.vb:341,none,,Divergence,WinForms event/progress/UI plumbing refactored into controller/vault + bounded viewer (search/copy-paste/nav). Owner-confirm candidates: StartScreen export/copy-paste/search.
CreateNwnFolder.vb,CreateNwnFolder,TxTarget_Enter,Sub,TxTarget.Enter,CreateNwnFolder.vb:349,none,,Divergence,WinForms lifecycle/event/virtual-list/background-worker/mouse-hover plumbing.
CreateNwnFolder.vb,CreateNwnFolder,TxSource_Enter,Sub,TxSource.Enter,CreateNwnFolder.vb:360,none,,Divergence,WinForms lifecycle/event/virtual-list/background-worker/mouse-hover plumbing.
CreateNwnFolder.vb,CreateNwnFolder,TxTarget_TextChanged,Sub,,CreateNwnFolder.vb:376,none,,Divergence,WinForms lifecycle/event/virtual-list/background-worker/mouse-hover plumbing.
CreateNwnFolder.vb,CreateNwnFolder,TxSource_TextChanged,Sub,,CreateNwnFolder.vb:411,none,,Divergence,WinForms lifecycle/event/virtual-list/background-worker/mouse-hover plumbing.
CreateNwnFolder.vb,CreateNwnFolder,EnteringPath,Function,,CreateNwnFolder.vb:439,none,,Ported,"port view/domain layer (details/contents/status/paste/recent/profile views, hak-patch, play-data viewer, find-files, conflicts, workshop, publish)."
CreateNwnFolder.vb,CreateNwnFolder,BtSave_Click,Sub,BtSave.Click,CreateNwnFolder.vb:469,strong,vaultkeeper/ui/controller.py,Ported,DocOrganiser/ModPlayViewer/WizardBuilder core report/view/save logic (subagent+orchestrator).
CreateNwnFolder.vb,CreateNwnFolder,CreateFolder,Function,,CreateNwnFolder.vb:518,none,,Ported,"port view/domain layer (details/contents/status/paste/recent/profile views, hak-patch, play-data viewer, find-files, conflicts, workshop, publish)."
CreateNwnFolder.vb,CreateNwnFolder,BtCancel_Click,Sub,BtCancel.Click,CreateNwnFolder.vb:595,none,,Divergence,WinForms event/progress/UI plumbing refactored into controller/vault + bounded viewer (search/copy-paste/nav). Owner-confirm candidates: StartScreen export/copy-paste/search.
CreateNwnFolder.vb,CreateNwnFolder,WndProc,Sub,,CreateNwnFolder.vb:612,none,,Divergence,"bounded read-only viewer port: VB filters/navigation/editors/bg-workers/Windows-shell handlers intentionally not ported (PARITY.md recurring pattern). SOME are owner-confirm candidates: ModExplorer filter subsystem, PortraitManager prev/next navigation."
CreateNwnFolder.vb,CreateNwnFolder,ProcessCmdKey,Function,,CreateNwnFolder.vb:644,none,,Divergence,"bounded read-only viewer port: VB filters/navigation/editors/bg-workers/Windows-shell handlers intentionally not ported (PARITY.md recurring pattern). SOME are owner-confirm candidates: ModExplorer filter subsystem, PortraitManager prev/next navigation."
DailyPlayTimeInfo.vb,DailyPlayTimeInfo,InfoFile,Property,,DailyPlayTimeInfo.vb:31,strong,vaultkeeper/game/start_screen.py,AUTO-PORTED,
DailyPlayTimeInfo.vb,DailyPlayTimeInfo,New,Sub,,DailyPlayTimeInfo.vb:48,strong,vaultkeeper/core/hak_patch.py | vaultkeeper/core/mapper.py | vaultkeeper/core/name_edit.py,N/A,framework/designer-generated
DailyPlayTimeInfo.vb,DailyPlayTimeInfo,New,Sub,,DailyPlayTimeInfo.vb:60,strong,vaultkeeper/core/hak_patch.py | vaultkeeper/core/mapper.py | vaultkeeper/core/name_edit.py,N/A,framework/designer-generated
DailyPlayTimeInfo.vb,DailyPlayTimeInfo,TodaysTime,Sub,,DailyPlayTimeInfo.vb:89,none,,GAP?,
DailyPlayTimeInfo.vb,DailyPlayTimeInfo,NitStartUp,Sub,,DailyPlayTimeInfo.vb:109,none,,GAP?,
DailyPlayTimeInfo.vb,DailyPlayTimeInfo,DailyAverage,Function,,DailyPlayTimeInfo.vb:128,none,,GAP?,
DailyPlayTimeInfo.vb,DailyPlayTimeInfo,Save,Sub,,DailyPlayTimeInfo.vb:164,strong,vaultkeeper/config/settings.py | vaultkeeper/core/change_data.py | vaultkeeper/core/install_manager.py,AUTO-PORTED,
DailyPlayTimeInfo.vb,DailyPlayTimeInfo,GetDailyPlayInfo,Function,,DailyPlayTimeInfo.vb:185,none,,GAP?,
Defs.vb,Defs,StartupType,Property,,Defs.vb:477,none,,Divergence,WinForms UI-state/lifecycle/version/image-editor/crash glue; not applicable in Qt.
Defs.vb,Defs,DefaultWebMenu,Property,,Defs.vb:691,strong,vaultkeeper/config/settings.py,AUTO-PORTED,
Defs.vb,Defs,SuppressGotFocus,Property,,Defs.vb:753,none,,Divergence,WinForms UI-state/lifecycle/version/image-editor/crash glue; not applicable in Qt.
Defs.vb,Defs,ValidateOnActivate,Property,,Defs.vb:761,none,,Divergence,WinForms UI-state/lifecycle/version/image-editor/crash glue; not applicable in Qt.
Defs.vb,Defs,MissingModFiles,Property,,Defs.vb:793,none,,Divergence,WinForms UI-state/lifecycle/version/image-editor/crash glue; not applicable in Qt.
Defs.vb,Defs,LastFocusedControl,Property,,Defs.vb:799,none,,Divergence,WinForms UI-state/lifecycle/version/image-editor/crash glue; not applicable in Qt.
Defs.vb,Defs,ModImportAction,Property,,Defs.vb:861,none,,Deferred,shared-store sync / auto-config-restorers / run-menu / auto-update / patch-import.
Defs.vb,Defs,CancelMode,Property,,Defs.vb:877,none,,Divergence,WinForms UI-state/lifecycle/version/image-editor/crash glue; not applicable in Qt.
Defs.vb,Defs,DevUser,Property,,Defs.vb:898,none,,Divergence,WinForms UI-state/lifecycle/version/image-editor/crash glue; not applicable in Qt.
Defs.vb,Defs,FsDisplayErrorMessages,Property,,Defs.vb:906,none,,Divergence,WinForms UI-state/lifecycle/version/image-editor/crash glue; not applicable in Qt.
Defs.vb,Defs,BehaviourInstallerInstall,Property,,Defs.vb:924,none,,Ported,confirmed in port (install/uninstall/deps/erf/leto/editions/tga/skills/playdata/theme).
Defs.vb,Defs,CharRestorerPrefix,Property,,Defs.vb:932,none,,Deferred,shared-store sync / auto-config-restorers / run-menu / auto-update / patch-import.
Defs.vb,Defs,ScreenImageCrop,Property,,Defs.vb:946,none,,Deferred,shared-store sync / auto-config-restorers / run-menu / auto-update / patch-import.
Defs.vb,GroupUserData,TotalMods,Property,,Defs.vb:965,strong,vaultkeeper/ui/controller.py | vaultkeeper/ui/dialogs/installation_analyser.py,AUTO-PORTED,
Defs.vb,GroupUserData,InstalledMods,Property,,Defs.vb:970,strong,vaultkeeper/ui/controller.py | vaultkeeper/ui/dialogs/installation_analyser.py,AUTO-PORTED,
Defs.vb,GroupUserData,New,Sub,,Defs.vb:975,strong,vaultkeeper/core/hak_patch.py | vaultkeeper/core/mapper.py | vaultkeeper/core/name_edit.py,N/A,framework/designer-generated
Defs.vb,GroupUserData,New,Sub,,Defs.vb:984,strong,vaultkeeper/core/hak_patch.py | vaultkeeper/core/mapper.py | vaultkeeper/core/name_edit.py,N/A,framework/designer-generated
Defs.vb,Defs,TitleInfo,Property,,Defs.vb:1001,none,,Ported,confirmed in port (install/uninstall/deps/erf/leto/editions/tga/skills/playdata/theme).
Defs.vb,Defs,PlayedTodayText,Function,,Defs.vb:1113,none,,Divergence,WinForms UI-state/lifecycle/version/image-editor/crash glue; not applicable in Qt.
Defs.vb,Defs,DrawingEnabled,Property,,Defs.vb:1135,none,,Divergence,WinForms UI-state/lifecycle/version/image-editor/crash glue; not applicable in Qt.
Defs.vb,Defs,CancelImage,Property,,Defs.vb:1162,none,,Divergence,WinForms UI-state/lifecycle/version/image-editor/crash glue; not applicable in Qt.
Defs.vb,Defs,EditionName,Property,,Defs.vb:1186,none,,Ported,confirmed in port (install/uninstall/deps/erf/leto/editions/tga/skills/playdata/theme).
Defs.vb,Defs,EditionFull,Property,,Defs.vb:1203,none,,Ported,confirmed in port (install/uninstall/deps/erf/leto/editions/tga/skills/playdata/theme).
Defs.vb,Defs,EditionStd,Property,,Defs.vb:1220,none,,Ported,confirmed in port (install/uninstall/deps/erf/leto/editions/tga/skills/playdata/theme).
Defs.vb,Defs,EditionShort,Property,,Defs.vb:1237,none,,Ported,confirmed in port (install/uninstall/deps/erf/leto/editions/tga/skills/playdata/theme).
Defs.vb,Defs,EditionShorter,Property,,Defs.vb:1254,none,,Ported,confirmed in port (install/uninstall/deps/erf/leto/editions/tga/skills/playdata/theme).
Defs.vb,Defs,LoadingProfile,Property,,Defs.vb:1275,none,,Divergence,WinForms UI-state/lifecycle/version/image-editor/crash glue; not applicable in Qt.
Defs.vb,Defs,OpenAndSaveSettings,Property,,Defs.vb:1300,none,,Divergence,WinForms UI-state/lifecycle/version/image-editor/crash glue; not applicable in Qt.
Defs.vb,Defs,ForceAskEachTime,Property,,Defs.vb:1309,none,,Divergence,WinForms UI-state/lifecycle/version/image-editor/crash glue; not applicable in Qt.
Defs.vb,Defs,ModDownloaded,Property,,Defs.vb:1319,none,,Deferred,shared-store sync / auto-config-restorers / run-menu / auto-update / patch-import.
Defs.vb,Defs,DownloadedNitFile,Property,,Defs.vb:1330,none,,Deferred,shared-store sync / auto-config-restorers / run-menu / auto-update / patch-import.
Defs.vb,Defs,ForceNitUpdate,Property,,Defs.vb:1339,none,,Deferred,shared-store sync / auto-config-restorers / run-menu / auto-update / patch-import.
Defs.vb,Defs,NwnEngineLog,Property,,Defs.vb:1348,comment,vaultkeeper/ui/main_window.py | vaultkeeper/ui/menu_bar.py | vaultkeeper/ui/ribbon.py,AUTO-PORTED,matched in comment/docstring
Defs.vb,Defs,DefaultGroupName,Property,,Defs.vb:1361,none,,Ported,confirmed in port (install/uninstall/deps/erf/leto/editions/tga/skills/playdata/theme).
Defs.vb,Defs,ModWebPage,Property,,Defs.vb:1385,none,,Ported,confirmed in port (install/uninstall/deps/erf/leto/editions/tga/skills/playdata/theme).
Defs.vb,Defs,HelpLayoutWindows,Property,,Defs.vb:1416,none,,Divergence,WinForms UI-state/lifecycle/version/image-editor/crash glue; not applicable in Qt.
Defs.vb,Defs,HelpLayoutPanels,Property,,Defs.vb:1428,none,,Divergence,WinForms UI-state/lifecycle/version/image-editor/crash glue; not applicable in Qt.
Defs.vb,Defs,ConfirmDeleteOperationText,Property,,Defs.vb:1441,none,,Divergence,WinForms UI-state/lifecycle/version/image-editor/crash glue; not applicable in Qt.
Defs.vb,Defs,SteamWorkshopUrl,Property,,Defs.vb:1459,strong,vaultkeeper/game/workshop.py,AUTO-PORTED,
Defs.vb,Defs,ExportedModsCount,Property,,Defs.vb:1472,none,,Deferred,shared-store sync / auto-config-restorers / run-menu / auto-update / patch-import.
Defs.vb,Defs,ProgressBarPrefs,Property,,Defs.vb:1492,none,,Divergence,WinForms UI-state/lifecycle/version/image-editor/crash glue; not applicable in Qt.
Defs.vb,Defs,ToolTipTextAppearance,Property,,Defs.vb:1515,none,,Divergence,WinForms UI-state/lifecycle/version/image-editor/crash glue; not applicable in Qt.
Defs.vb,Defs,DefaultToolTipPlus,Function,,Defs.vb:1539,none,,Divergence,WinForms UI-state/lifecycle/version/image-editor/crash glue; not applicable in Qt.
Defs.vb,Defs,DefaultToolTipPlus,Function,,Defs.vb:1556,none,,Divergence,WinForms UI-state/lifecycle/version/image-editor/crash glue; not applicable in Qt.
Defs.vb,Defs,SaveCopiesPerByte,Sub,,Defs.vb:1574,none,,Divergence,WinForms UI-state/lifecycle/version/image-editor/crash glue; not applicable in Qt.
Defs.vb,Defs,ZipExeOption,Function,,Defs.vb:1598,none,,Divergence,WinForms UI-state/lifecycle/version/image-editor/crash glue; not applicable in Qt.
Defs.vb,Defs,ZipExeOption,Function,,Defs.vb:1609,none,,Divergence,WinForms UI-state/lifecycle/version/image-editor/crash glue; not applicable in Qt.
Defs.vb,Defs,SaveColourSettings,Function,,Defs.vb:1626,strong,vaultkeeper/config/settings.py,AUTO-PORTED,
Defs.vb,Defs,TgaToBitmap,Function,,Defs.vb:1693,none,,Ported,confirmed in port (install/uninstall/deps/erf/leto/editions/tga/skills/playdata/theme).
Defs.vb,Defs,IsNotPortraitFile,Function,,Defs.vb:1743,none,,Ported,confirmed in port (install/uninstall/deps/erf/leto/editions/tga/skills/playdata/theme).
Defs.vb,Defs,GetLocationInGameSave,Function,,Defs.vb:1768,strong,vaultkeeper/game/game_saves.py,AUTO-PORTED,
Defs.vb,Defs,ModHasWizard,Function,,Defs.vb:1796,none,,Ported,confirmed in port (install/uninstall/deps/erf/leto/editions/tga/skills/playdata/theme).
Defs.vb,Defs,GetFilteredSkills,Function,,Defs.vb:1831,none,,Ported,confirmed in port (install/uninstall/deps/erf/leto/editions/tga/skills/playdata/theme).
Defs.vb,Defs,ReadCrashReportFiles,Function,,Defs.vb:1845,none,,Divergence,WinForms UI-state/lifecycle/version/image-editor/crash glue; not applicable in Qt.
Defs.vb,Defs,SaveCrashReportFiles,Sub,,Defs.vb:1860,none,,Divergence,WinForms UI-state/lifecycle/version/image-editor/crash glue; not applicable in Qt.
DependencyManager.vb,DependencyManager,ExplanationText,Property,,DependencyManager.vb:25,none,,Divergence,Classes/Skills/Feats + Dependency editor + Basic Settings are ported in dedicated modules; these VB dialog methods are WinForms/virtual-list plumbing.
DependencyManager.vb,DependencyManager,ShowDialog,Function,,DependencyManager.vb:80,strong,vaultkeeper/ui/dialogs/about.py | vaultkeeper/ui/dialogs/classes_skills_feats.py | vaultkeeper/ui/main_window.py,Ported,DocOrganiser/ModPlayViewer/WizardBuilder core report/view/save logic (subagent+orchestrator).
DependencyManager.vb,DependencyManager,DependencyManager_Load,Sub,MyBase.Load,DependencyManager.vb:99,none,,Divergence,Classes/Skills/Feats + Dependency editor + Basic Settings are ported in dedicated modules; these VB dialog methods are WinForms/virtual-list plumbing.
DependencyManager.vb,DependencyManager,DependencyManager_Shown,Sub,Me.Shown,DependencyManager.vb:180,none,,Divergence,Classes/Skills/Feats + Dependency editor + Basic Settings are ported in dedicated modules; these VB dialog methods are WinForms/virtual-list plumbing.
DependencyManager.vb,DependencyManager,BhDependencyManager_Click,Sub,BhDependencyManager.Click,DependencyManager.vb:196,none,,Divergence,Classes/Skills/Feats + Dependency editor + Basic Settings are ported in dedicated modules; these VB dialog methods are WinForms/virtual-list plumbing.
DependencyManager.vb,DependencyManager,TsModDependenciesReport_Click,Sub,TsModDependenciesReport.Click,DependencyManager.vb:204,none,,Divergence,Classes/Skills/Feats + Dependency editor + Basic Settings are ported in dedicated modules; these VB dialog methods are WinForms/virtual-list plumbing.
DependencyManager.vb,DependencyManager,BtAuto_Click,Sub,BtAuto.Click,DependencyManager.vb:231,none,,Divergence,Classes/Skills/Feats + Dependency editor + Basic Settings are ported in dedicated modules; these VB dialog methods are WinForms/virtual-list plumbing.
DependencyManager.vb,DependencyManager,BtSave_Click,Sub,BtSave.Click,DependencyManager.vb:244,strong,vaultkeeper/ui/controller.py,Ported,DocOrganiser/ModPlayViewer/WizardBuilder core report/view/save logic (subagent+orchestrator).
DependencyManager.vb,DependencyManager,LvGroups_SelectedIndexChanged,Sub,LvGroups.SelectedIndexChanged,DependencyManager.vb:290,none,,Deferred,installation-SETS/checkpoints editor (dead MsInstallationManager) + nwm-convert + crash-dump.
DependencyManager.vb,DependencyManager,LvMods_RetrieveVirtualItem,Sub,LvMods.RetrieveVirtualItem,DependencyManager.vb:320,none,,Deferred,ModFindAndRename (dead MsFindAndRename) + DocOrganiser Properties/Reset + wizard file-threshold.
DependencyManager.vb,DependencyManager,LvMods_ItemClicked,Sub,LvMods.ItemClicked,DependencyManager.vb:336,none,,Deferred,ModFindAndRename (dead MsFindAndRename) + DocOrganiser Properties/Reset + wizard file-threshold.
DependencyManager.vb,DependencyManager,LvDependencies_RetrieveVirtualItem,Sub,LvDependencies.RetrieveVirtualItem,DependencyManager.vb:439,none,,Divergence,Classes/Skills/Feats + Dependency editor + Basic Settings are ported in dedicated modules; these VB dialog methods are WinForms/virtual-list plumbing.
DependencyManager.vb,DependencyManager,LvDependencies_ItemClicked,Sub,LvDependencies.ItemClicked,DependencyManager.vb:453,none,,Divergence,Classes/Skills/Feats + Dependency editor + Basic Settings are ported in dedicated modules; these VB dialog methods are WinForms/virtual-list plumbing.
DependencyManager.vb,DependencyManager,KeepSelected,Sub,,DependencyManager.vb:532,none,,Deferred,installation-SETS/checkpoints editor (dead MsInstallationManager) + nwm-convert + crash-dump.
DocOrganiser.DocInfo.vb,DocInfo,Qualifier,Property,,DocOrganiser.DocInfo.vb:28,strong,vaultkeeper/core/file_key.py | vaultkeeper/game/documentation.py | vaultkeeper/game/wizard.py,AUTO-PORTED,
DocOrganiser.DocInfo.vb,DocInfo,VersionlessQualifier,Property,,DocOrganiser.DocInfo.vb:33,strong,vaultkeeper/game/documentation.py,AUTO-PORTED,
DocOrganiser.DocInfo.vb,DocInfo,DocName,Property,,DocOrganiser.DocInfo.vb:38,strong,vaultkeeper/game/documentation.py | vaultkeeper/ui/controller.py | vaultkeeper/ui/dialogs/doc_organiser.py,AUTO-PORTED,
DocOrganiser.DocInfo.vb,DocInfo,FileName,Property,,DocOrganiser.DocInfo.vb:43,strong,vaultkeeper/core/constants.py | vaultkeeper/core/file_key.py | vaultkeeper/core/formats/erf_reader.py,Divergence,WinForms lifecycle/event/virtual-list/background-worker/mouse-hover plumbing.
DocOrganiser.DocInfo.vb,DocInfo,Checksum,Property,,DocOrganiser.DocInfo.vb:48,strong,vaultkeeper/core/change_data.py | vaultkeeper/core/hak_patch.py | vaultkeeper/core/profile_data.py,AUTO-PORTED,
DocOrganiser.DocInfo.vb,DocInfo,Copy,Property,,DocOrganiser.DocInfo.vb:54,strong,vaultkeeper/core/crc.py | vaultkeeper/core/file_data.py | vaultkeeper/core/file_ops.py,AUTO-PORTED,
DocOrganiser.DocInfo.vb,DocInfo,NameMatch,Property,,DocOrganiser.DocInfo.vb:60,strong,vaultkeeper/game/documentation.py | vaultkeeper/ui/controller.py | vaultkeeper/ui/dialogs/doc_organiser.py,AUTO-PORTED,
DocOrganiser.DocInfo.vb,DocInfo,New,Sub,,DocOrganiser.DocInfo.vb:68,strong,vaultkeeper/core/hak_patch.py | vaultkeeper/core/mapper.py | vaultkeeper/core/name_edit.py,N/A,framework/designer-generated
DocOrganiser.DocInfo.vb,DocInfo,New,Sub,,DocOrganiser.DocInfo.vb:80,strong,vaultkeeper/core/hak_patch.py | vaultkeeper/core/mapper.py | vaultkeeper/core/name_edit.py,N/A,framework/designer-generated
DocOrganiser.DocInfo.vb,DocInfo,RemoveVersionText,Function,,DocOrganiser.DocInfo.vb:137,strong,vaultkeeper/game/documentation.py,AUTO-PORTED,
DocOrganiser.DocInfo.vb,DocInfo,IsVersionNumber,Function,,DocOrganiser.DocInfo.vb:155,strong,vaultkeeper/game/documentation.py,AUTO-PORTED,
DocOrganiser.DocInfo.vb,DocInfo,Clone,Function,,DocOrganiser.DocInfo.vb:164,strong,vaultkeeper/core/change_data.py | vaultkeeper/core/file_data.py | vaultkeeper/core/mod_data.py,N/A,framework/designer-generated
DocOrganiser.ProcessDocs.vb,DocOrganiser,BgProcessDocs_DoWork,Sub,BgProcessDocs.DoWork,DocOrganiser.ProcessDocs.vb:27,strong,vaultkeeper/game/documentation.py,AUTO-PORTED,
DocOrganiser.ProcessDocs.vb,DocOrganiser,GetDocFile,Function,,DocOrganiser.ProcessDocs.vb:128,strong,vaultkeeper/game/documentation.py,AUTO-PORTED,
DocOrganiser.ProcessDocs.vb,DocOrganiser,BgProcessDocs_ProgressChanged,Sub,BgProcessDocs.ProgressChanged,DocOrganiser.ProcessDocs.vb:157,none,,GAP?,
DocOrganiser.ProcessDocs.vb,DocOrganiser,BgProcessDocs_RunWorkerCompleted,Sub,BgProcessDocs.RunWorkerCompleted,DocOrganiser.ProcessDocs.vb:197,none,,GAP?,
DocOrganiser.ProcessDocs.vb,DocOrganiser,RestoreDocInfo,Sub,,DocOrganiser.ProcessDocs.vb:315,none,,GAP?,
DocOrganiser.vb,DocOrganiser,ModCount,Property,,DocOrganiser.vb:27,comment,vaultkeeper/ui/main_window.py | vaultkeeper/ui/status_bar.py,Ported,DocOrganiser/ModPlayViewer/WizardBuilder core report/view/save logic (subagent+orchestrator).
DocOrganiser.vb,DocOrganiser,DocumentsCopied,Property,,DocOrganiser.vb:32,none,,Ported,DocOrganiser/ModPlayViewer/WizardBuilder core report/view/save logic (subagent+orchestrator).
DocOrganiser.vb,DocOrganiser,CopyErrors,Property,,DocOrganiser.vb:37,none,,Ported,DocOrganiser/ModPlayViewer/WizardBuilder core report/view/save logic (subagent+orchestrator).
DocOrganiser.vb,DocOrganiser,CloseIfNoDocuments,Property,,DocOrganiser.vb:43,none,,Divergence,"WinForms lifecycle/event/virtual-list/bg-worker + bounded-viewer extras (owner-confirm: ModPlayViewer end-level filter/recent, DocOrganiser rtf/properties)."
DocOrganiser.vb,DocOrganiser,InfoText,Property,,DocOrganiser.vb:50,strong,vaultkeeper/ui/controller.py,Ported,DocOrganiser/ModPlayViewer/WizardBuilder core report/view/save logic (subagent+orchestrator).
DocOrganiser.vb,DocOrganiser,FilesToCopy,Property,,DocOrganiser.vb:155,strong,vaultkeeper/ui/controller.py,Ported,DocOrganiser/ModPlayViewer/WizardBuilder core report/view/save logic (subagent+orchestrator).
DocOrganiser.vb,DocOrganiser,Copied,Property,,DocOrganiser.vb:174,strong,vaultkeeper/core/constants.py | vaultkeeper/game/documentation.py | vaultkeeper/game/installer_build.py,Ported,DocOrganiser/ModPlayViewer/WizardBuilder core report/view/save logic (subagent+orchestrator).
DocOrganiser.vb,DocOrganiser,Loading,Property,,DocOrganiser.vb:204,strong,vaultkeeper/game/client_log.py | vaultkeeper/game/game_mapper.py,Divergence,"WinForms lifecycle/event/virtual-list/bg-worker + bounded-viewer extras (owner-confirm: ModPlayViewer end-level filter/recent, DocOrganiser rtf/properties)."
DocOrganiser.vb,DocOrganiser,ModsToProcess,Property,,DocOrganiser.vb:226,none,,Divergence,"WinForms lifecycle/event/virtual-list/bg-worker + bounded-viewer extras (owner-confirm: ModPlayViewer end-level filter/recent, DocOrganiser rtf/properties)."
DocOrganiser.vb,DocOrganiser,DisplayCounts,Property,,DocOrganiser.vb:253,strong,vaultkeeper/ui/dialogs/create_missing_installers.py,Ported,DocOrganiser/ModPlayViewer/WizardBuilder core report/view/save logic (subagent+orchestrator).
DocOrganiser.vb,DocOrganiser,DisabledItemColour,Property,,DocOrganiser.vb:266,strong,vaultkeeper/ui/dialogs/doc_organiser.py,Divergence,"WinForms lifecycle/event/virtual-list/bg-worker + bounded-viewer extras (owner-confirm: ModPlayViewer end-level filter/recent, DocOrganiser rtf/properties)."
DocOrganiser.vb,DocOrganiser,DocManager_Load,Sub,MyBase.Load,DocOrganiser.vb:291,none,,Divergence,"WinForms lifecycle/event/virtual-list/bg-worker + bounded-viewer extras (owner-confirm: ModPlayViewer end-level filter/recent, DocOrganiser rtf/properties)."
DocOrganiser.vb,DocOrganiser,DocManager_Shown,Sub,Me.Shown,DocOrganiser.vb:345,none,,Divergence,"WinForms lifecycle/event/virtual-list/bg-worker + bounded-viewer extras (owner-confirm: ModPlayViewer end-level filter/recent, DocOrganiser rtf/properties)."
DocOrganiser.vb,DocOrganiser,DocOrganiser_FormClosing,Sub,Me.FormClosing,DocOrganiser.vb:371,none,,Divergence,"WinForms lifecycle/event/virtual-list/bg-worker + bounded-viewer extras (owner-confirm: ModPlayViewer end-level filter/recent, DocOrganiser rtf/properties)."
DocOrganiser.vb,DocOrganiser,BtCopy_Click,Sub,BtCopy.Click,DocOrganiser.vb:398,strong,vaultkeeper/ui/controller.py | vaultkeeper/ui/dialogs/doc_organiser.py,Ported,DocOrganiser/ModPlayViewer/WizardBuilder core report/view/save logic (subagent+orchestrator).
DocOrganiser.vb,DocOrganiser,BtNext_Click,Sub,BtNext.Click,DocOrganiser.vb:449,none,,Divergence,"WinForms lifecycle/event/virtual-list/bg-worker + bounded-viewer extras (owner-confirm: ModPlayViewer end-level filter/recent, DocOrganiser rtf/properties)."
DocOrganiser.vb,DocOrganiser,BhDocManager_Click,Sub,BhDocManager.Click,DocOrganiser.vb:467,none,,Divergence,"WinForms lifecycle/event/virtual-list/bg-worker + bounded-viewer extras (owner-confirm: ModPlayViewer end-level filter/recent, DocOrganiser rtf/properties)."
DocOrganiser.vb,DocOrganiser,CmVersion_Click,Sub,"CmVersion.Click, TsVersion.Click",DocOrganiser.vb:476,none,,Ported,DocOrganiser/ModPlayViewer/WizardBuilder core report/view/save logic (subagent+orchestrator).
DocOrganiser.vb,DocOrganiser,SetVersionMenuItem,Sub,,DocOrganiser.vb:496,none,,Ported,DocOrganiser/ModPlayViewer/WizardBuilder core report/view/save logic (subagent+orchestrator).
DocOrganiser.vb,DocOrganiser,CmRename_Click,Sub,"CmRename.Click, TsRename.Click",DocOrganiser.vb:509,none,,Ported,DocOrganiser/ModPlayViewer/WizardBuilder core report/view/save logic (subagent+orchestrator).
DocOrganiser.vb,DocOrganiser,ValidateName,Function,,DocOrganiser.vb:533,strong,vaultkeeper/core/name_edit.py | vaultkeeper/game/start_screen.py | vaultkeeper/ui/controller.py,Divergence,WinForms event/progress/UI plumbing refactored into controller/vault + bounded viewer (search/copy-paste/nav). Owner-confirm candidates: StartScreen export/copy-paste/search.
DocOrganiser.vb,DocOrganiser,CmRenameTo_Click,Sub,,DocOrganiser.vb:567,none,,Ported,DocOrganiser/ModPlayViewer/WizardBuilder core report/view/save logic (subagent+orchestrator).
DocOrganiser.vb,DocOrganiser,SetRenameTo,Sub,,DocOrganiser.vb:586,strong,vaultkeeper/ui/dialogs/doc_organiser.py,Ported,DocOrganiser/ModPlayViewer/WizardBuilder core report/view/save logic (subagent+orchestrator).
DocOrganiser.vb,DocOrganiser,CmProperties_Click,Sub,"CmProperties.Click, TsProperties.Click",DocOrganiser.vb:618,none,,Deferred,ModFindAndRename (dead MsFindAndRename) + DocOrganiser Properties/Reset + wizard file-threshold.
DocOrganiser.vb,DocOrganiser,CmReset_Click,Sub,"CmReset.Click, TsReset.Click",DocOrganiser.vb:633,none,,Deferred,ModFindAndRename (dead MsFindAndRename) + DocOrganiser Properties/Reset + wizard file-threshold.
DocOrganiser.vb,DocOrganiser,TsUncheck_Click,Sub,TsUncheck.Click,DocOrganiser.vb:644,strong,vaultkeeper/ui/dialogs/doc_organiser.py,Ported,DocOrganiser/ModPlayViewer/WizardBuilder core report/view/save logic (subagent+orchestrator).
DocOrganiser.vb,DocOrganiser,LvDocs_SelectedIndexChanged,Sub,LvDocs.SelectedIndexChanged,DocOrganiser.vb:660,none,,Divergence,"WinForms lifecycle/event/virtual-list/bg-worker + bounded-viewer extras (owner-confirm: ModPlayViewer end-level filter/recent, DocOrganiser rtf/properties)."
DocOrganiser.vb,DocOrganiser,LvContents_SelectedIndexChanged,Sub,LvContents.SelectedIndexChanged,DocOrganiser.vb:681,none,,Divergence,"WinForms lifecycle/event/virtual-list/bg-worker + bounded-viewer extras (owner-confirm: ModPlayViewer end-level filter/recent, DocOrganiser rtf/properties)."
DocOrganiser.vb,DocOrganiser,LvDocs_ItemCheck,Sub,LvDocs.ItemCheck,DocOrganiser.vb:700,none,,Divergence,"WinForms lifecycle/event/virtual-list/bg-worker + bounded-viewer extras (owner-confirm: ModPlayViewer end-level filter/recent, DocOrganiser rtf/properties)."
DocOrganiser.vb,DocOrganiser,Lv_ItemClicked,Sub,"LvDocs.ItemClicked, LvContents.ItemClicked",DocOrganiser.vb:718,none,,Divergence,WinForms event/progress/UI plumbing refactored into controller/vault + bounded viewer (search/copy-paste/nav). Owner-confirm candidates: StartScreen export/copy-paste/search.
DocOrganiser.vb,DocOrganiser,Lv_GotFocus,Sub,"LvDocs.GotFocus, LvContents.GotFocus",DocOrganiser.vb:737,none,,Divergence,"WinForms lifecycle/event/virtual-list/bg-worker + bounded-viewer extras (owner-confirm: ModPlayViewer end-level filter/recent, DocOrganiser rtf/properties)."
DocOrganiser.vb,DocOrganiser,Rt_MouseMove,Sub,"RtfDoc.MouseMove, RtfContents.MouseMove",DocOrganiser.vb:758,none,,Divergence,"WinForms lifecycle/event/virtual-list/bg-worker + bounded-viewer extras (owner-confirm: ModPlayViewer end-level filter/recent, DocOrganiser rtf/properties)."
DocOrganiser.vb,DocOrganiser,Rt_MouseClick,Sub,"RtfDoc.MouseClick, RtfContents.MouseClick",DocOrganiser.vb:789,none,,Divergence,"WinForms lifecycle/event/virtual-list/bg-worker + bounded-viewer extras (owner-confirm: ModPlayViewer end-level filter/recent, DocOrganiser rtf/properties)."
DocOrganiser.vb,DocOrganiser,DisplayFile,Function,,DocOrganiser.vb:826,strong,vaultkeeper/ui/controller.py | vaultkeeper/ui/dialogs/doc_organiser.py,Ported,DocOrganiser/ModPlayViewer/WizardBuilder core report/view/save logic (subagent+orchestrator).
DocOrganiser.vb,DocOrganiser,SetTextColour,Sub,,DocOrganiser.vb:866,none,,Divergence,"WinForms lifecycle/event/virtual-list/bg-worker + bounded-viewer extras (owner-confirm: ModPlayViewer end-level filter/recent, DocOrganiser rtf/properties)."
DocOrganiser.vb,DocOrganiser,LoadRichText,Sub,,DocOrganiser.vb:887,none,,Ported,DocOrganiser/ModPlayViewer/WizardBuilder core report/view/save logic (subagent+orchestrator).
DocOrganiser.vb,DocOrganiser,SetMenu,Sub,,DocOrganiser.vb:925,strong,vaultkeeper/ui/dialogs/doc_organiser.py | vaultkeeper/ui/menu_bar.py,Divergence,"WinForms lifecycle/event/virtual-list/bg-worker + bounded-viewer extras (owner-confirm: ModPlayViewer end-level filter/recent, DocOrganiser rtf/properties)."
DocOrganiser.vb,DocOrganiser,SetMenuItems,Sub,,DocOrganiser.vb:959,none,,Divergence,"WinForms lifecycle/event/virtual-list/bg-worker + bounded-viewer extras (owner-confirm: ModPlayViewer end-level filter/recent, DocOrganiser rtf/properties)."
DocOrganiser.vb,DocOrganiser,Reload,Sub,,DocOrganiser.vb:978,strong,vaultkeeper/ui/controller.py,Ported,DocOrganiser/ModPlayViewer/WizardBuilder core report/view/save logic (subagent+orchestrator).
DocOrganiser.vb,DocOrganiser,ProcessCmdKey,Function,,DocOrganiser.vb:1022,none,,Divergence,"bounded read-only viewer port: VB filters/navigation/editors/bg-workers/Windows-shell handlers intentionally not ported (PARITY.md recurring pattern). SOME are owner-confirm candidates: ModExplorer filter subsystem, PortraitManager prev/next navigation."
DownloadDeleteMsg.vb,DownloadDeleteMsg,New,Sub,,DownloadDeleteMsg.vb:38,strong,vaultkeeper/core/hak_patch.py | vaultkeeper/core/mapper.py | vaultkeeper/core/name_edit.py,N/A,framework/designer-generated
DownloadDeleteMsg.vb,DownloadDeleteMsg,MarkedFileCount,Property,,DownloadDeleteMsg.vb:68,none,,GAP?,
DownloadDeleteMsg.vb,DownloadDeleteMsg,MarkedFiles,Property,,DownloadDeleteMsg.vb:74,comment,vaultkeeper/ui/controller.py,AUTO-PORTED,matched in comment/docstring
DownloadDeleteMsg.vb,DownloadDeleteMsg,CheckedFileCount,Property,,DownloadDeleteMsg.vb:87,none,,GAP?,
DownloadDeleteMsg.vb,DownloadDeleteMsg,DownloadDeleteMsg_Load,Sub,Me.Load,DownloadDeleteMsg.vb:105,none,,GAP?,
DownloadDeleteMsg.vb,DownloadDeleteMsg,LvFileList_ItemChecked,Sub,,DownloadDeleteMsg.vb:127,none,,GAP?,
DownloadDeleteMsg.vb,DownloadDeleteMsg,BtDelete_Click,Sub,BtDelete.Click,DownloadDeleteMsg.vb:137,none,,Partial,"WizardBuilder transfer/display + GameManager archive/restore/activate/deactivate/delete actions (core ported, VB wiring divergent)."
DownloadDeleteMsg.vb,DownloadDeleteMsg,BtHistory_Click,Sub,BtHistory.Click,DownloadDeleteMsg.vb:146,none,,GAP?,
DownloadDeleteMsg.vb,DownloadDeleteMsg,BtCancel_Click,Sub,BtCancel.Click,DownloadDeleteMsg.vb:155,none,,Divergence,WinForms event/progress/UI plumbing refactored into controller/vault + bounded viewer (search/copy-paste/nav). Owner-confirm candidates: StartScreen export/copy-paste/search.
DownloadProject.Files.vb,DownloadProject,DownloadMarkedFiles,Sub,,DownloadProject.Files.vb:32,strong,vaultkeeper/ui/controller.py,Ported,"StartScreen actions + vault download/install pipeline (subagent-swept, orchestrator-verified vs memory)."
DownloadProject.Files.vb,DownloadProject,CreateModFolder,Function,,DownloadProject.Files.vb:186,strong,vaultkeeper/ui/controller.py,Ported,"StartScreen actions + vault download/install pipeline (subagent-swept, orchestrator-verified vs memory)."
DownloadProject.Files.vb,DownloadProject,DownloadFile,Sub,,DownloadProject.Files.vb:255,strong,vaultkeeper/vault/downloader.py,Ported,"StartScreen actions + vault download/install pipeline (subagent-swept, orchestrator-verified vs memory)."
DownloadProject.Files.vb,DownloadProject,CreateInstallers,Sub,,DownloadProject.Files.vb:319,strong,vaultkeeper/ui/controller.py,Ported,"StartScreen actions + vault download/install pipeline (subagent-swept, orchestrator-verified vs memory)."
DownloadProject.Files.vb,DownloadProject,SelectNoInstallerMods,Sub,,DownloadProject.Files.vb:452,none,,Divergence,WinForms event/progress/UI plumbing refactored into controller/vault + bounded viewer (search/copy-paste/nav). Owner-confirm candidates: StartScreen export/copy-paste/search.
DownloadProject.Files.vb,DownloadProject,GetUnits,Function,,DownloadProject.Files.vb:472,none,,Divergence,WinForms event/progress/UI plumbing refactored into controller/vault + bounded viewer (search/copy-paste/nav). Owner-confirm candidates: StartScreen export/copy-paste/search.
DownloadProject.Files.vb,DownloadProject,Client_DownloadProgressChanged,Sub,,DownloadProject.Files.vb:491,none,,Divergence,WinForms event/progress/UI plumbing refactored into controller/vault + bounded viewer (search/copy-paste/nav). Owner-confirm candidates: StartScreen export/copy-paste/search.
DownloadProject.Files.vb,DownloadProject,Client_DownloadFileCompleted,Sub,,DownloadProject.Files.vb:505,none,,Divergence,WinForms event/progress/UI plumbing refactored into controller/vault + bounded viewer (search/copy-paste/nav). Owner-confirm candidates: StartScreen export/copy-paste/search.
DownloadProject.Files.vb,DownloadProject,SetEstimate,Sub,,DownloadProject.Files.vb:561,none,,Divergence,WinForms event/progress/UI plumbing refactored into controller/vault + bounded viewer (search/copy-paste/nav). Owner-confirm candidates: StartScreen export/copy-paste/search.
DownloadProject.Files.vb,DownloadProject,CalculateEstimate,Sub,,DownloadProject.Files.vb:588,none,,Divergence,WinForms event/progress/UI plumbing refactored into controller/vault + bounded viewer (search/copy-paste/nav). Owner-confirm candidates: StartScreen export/copy-paste/search.
DownloadProject.Files.vb,DownloadProject,SetFileProgress,Sub,,DownloadProject.Files.vb:609,none,,Divergence,WinForms event/progress/UI plumbing refactored into controller/vault + bounded viewer (search/copy-paste/nav). Owner-confirm candidates: StartScreen export/copy-paste/search.
DownloadProject.Files.vb,DownloadProject,SetTotalProgress,Sub,,DownloadProject.Files.vb:628,none,,Divergence,WinForms event/progress/UI plumbing refactored into controller/vault + bounded viewer (search/copy-paste/nav). Owner-confirm candidates: StartScreen export/copy-paste/search.
DownloadProject.Files.vb,DownloadProject,GetEstimate,Function,,DownloadProject.Files.vb:659,none,,Divergence,WinForms event/progress/UI plumbing refactored into controller/vault + bounded viewer (search/copy-paste/nav). Owner-confirm candidates: StartScreen export/copy-paste/search.
DownloadProject.Files.vb,DownloadProject,BgDownloadTimer_DoWork,Sub,BgDownloadTimer.DoWork,DownloadProject.Files.vb:679,none,,Divergence,WinForms event/progress/UI plumbing refactored into controller/vault + bounded viewer (search/copy-paste/nav). Owner-confirm candidates: StartScreen export/copy-paste/search.
DownloadProject.Files.vb,DownloadProject,BgDownloadTimer_ProgressChanged,Sub,BgDownloadTimer.ProgressChanged,DownloadProject.Files.vb:699,none,,Divergence,WinForms event/progress/UI plumbing refactored into controller/vault + bounded viewer (search/copy-paste/nav). Owner-confirm candidates: StartScreen export/copy-paste/search.
DownloadProject.Methods.vb,DownloadProject,SetTitleText,Sub,,DownloadProject.Methods.vb:32,none,,Partial,"viewer shell + core present; VB richness simplified (haiku swept, orchestrator-verified)."
DownloadProject.Methods.vb,DownloadProject,IsNotValidUrl,Function,,DownloadProject.Methods.vb:47,none,,Divergence,WinForms event/progress/UI plumbing refactored into controller/vault + bounded viewer (search/copy-paste/nav). Owner-confirm candidates: StartScreen export/copy-paste/search.
DownloadProject.Methods.vb,DownloadProject,ProcessOldFiles,Sub,,DownloadProject.Methods.vb:68,none,,Deferred,slideshow/prefix (StartScreen) + retrieve-orchestration/old-file-mgmt/self-update (DownloadProject).
DownloadProject.Methods.vb,DownloadProject,DeleteOldFiles,Sub,,DownloadProject.Methods.vb:189,none,,Deferred,slideshow/prefix (StartScreen) + retrieve-orchestration/old-file-mgmt/self-update (DownloadProject).
DownloadProject.Methods.vb,DownloadProject,MoveOldFilesToHistory,Sub,,DownloadProject.Methods.vb:218,none,,Deferred,slideshow/prefix (StartScreen) + retrieve-orchestration/old-file-mgmt/self-update (DownloadProject).
DownloadProject.Methods.vb,DownloadProject,UpdateWizard,Sub,,DownloadProject.Methods.vb:252,none,,Deferred,slideshow/prefix (StartScreen) + retrieve-orchestration/old-file-mgmt/self-update (DownloadProject).
DownloadProject.Methods.vb,DownloadProject,GetPartialName,Function,,DownloadProject.Methods.vb:349,none,,Divergence,WinForms event/progress/UI plumbing refactored into controller/vault + bounded viewer (search/copy-paste/nav). Owner-confirm candidates: StartScreen export/copy-paste/search.
DownloadProject.Methods.vb,DownloadProject,GetDateName,Function,,DownloadProject.Methods.vb:420,none,,Divergence,WinForms event/progress/UI plumbing refactored into controller/vault + bounded viewer (search/copy-paste/nav). Owner-confirm candidates: StartScreen export/copy-paste/search.
DownloadProject.Methods.vb,DownloadProject,RetrieveProject,Function,,DownloadProject.Methods.vb:450,none,,Deferred,slideshow/prefix (StartScreen) + retrieve-orchestration/old-file-mgmt/self-update (DownloadProject).
DownloadProject.Methods.vb,DownloadProject,PopulateLists,Sub,,DownloadProject.Methods.vb:608,none,,Divergence,WinForms event/progress/UI plumbing refactored into controller/vault + bounded viewer (search/copy-paste/nav). Owner-confirm candidates: StartScreen export/copy-paste/search.
DownloadProject.Methods.vb,DownloadProject,PopulateProject,Sub,,DownloadProject.Methods.vb:641,none,,Divergence,WinForms event/progress/UI plumbing refactored into controller/vault + bounded viewer (search/copy-paste/nav). Owner-confirm candidates: StartScreen export/copy-paste/search.
DownloadProject.Methods.vb,DownloadProject,PopulateRequiredProjects,Sub,,DownloadProject.Methods.vb:774,none,,Divergence,WinForms event/progress/UI plumbing refactored into controller/vault + bounded viewer (search/copy-paste/nav). Owner-confirm candidates: StartScreen export/copy-paste/search.
DownloadProject.Methods.vb,DownloadProject,AddRequirementsFile,Sub,,DownloadProject.Methods.vb:940,none,,Divergence,WinForms event/progress/UI plumbing refactored into controller/vault + bounded viewer (search/copy-paste/nav). Owner-confirm candidates: StartScreen export/copy-paste/search.
DownloadProject.Methods.vb,DownloadProject,IsDownloaded,Function,,DownloadProject.Methods.vb:979,strong,vaultkeeper/ui/controller.py,Ported,"StartScreen actions + vault download/install pipeline (subagent-swept, orchestrator-verified vs memory)."
DownloadProject.Methods.vb,DownloadProject,Dependencies,Sub,,DownloadProject.Methods.vb:1038,strong,vaultkeeper/core/mod_data.py | vaultkeeper/core/profile_data.py | vaultkeeper/persistence/nrbf/mapping.py,Ported,"StartScreen actions + vault download/install pipeline (subagent-swept, orchestrator-verified vs memory)."
DownloadProject.Methods.vb,DownloadProject,AutoDependencies,Sub,,DownloadProject.Methods.vb:1086,none,,Divergence,WinForms event/progress/UI plumbing refactored into controller/vault + bounded viewer (search/copy-paste/nav). Owner-confirm candidates: StartScreen export/copy-paste/search.
DownloadProject.Properties.vb,DownloadProject,RetrieveDependencies,Property,,DownloadProject.Properties.vb:22,none,,Ported,mod-list report + bounded ModExplorer filter (name/state) + download required-projects/sizes + rule/extension prefs.
DownloadProject.Properties.vb,DownloadProject,DependencyErrorReport,Property,,DownloadProject.Properties.vb:27,none,,Divergence,"VB per-preference ListView-editor plumbing (Preferences/Advanced/MenuCommon/MapExceptions pages), ModExplorer rating/prefix/operand filters + virtual-list/bg-worker, and ModView WinForms events / cosmetic icons+tooltips. Bounded port = tabbed Settings dialog + name/state/completed ModExplorer filter."
DownloadProject.Properties.vb,DownloadProject,DependencyReportTitle,Property,,DownloadProject.Properties.vb:32,none,,Divergence,"VB per-preference ListView-editor plumbing (Preferences/Advanced/MenuCommon/MapExceptions pages), ModExplorer rating/prefix/operand filters + virtual-list/bg-worker, and ModView WinForms events / cosmetic icons+tooltips. Bounded port = tabbed Settings dialog + name/state/completed ModExplorer filter."
DownloadProject.Properties.vb,DownloadProject,Scraper,Property,,DownloadProject.Properties.vb:79,strong,vaultkeeper/ui/controller.py | vaultkeeper/ui/dialogs/dependency_editor.py | vaultkeeper/vault/downloader.py,AUTO-PORTED,
DownloadProject.Properties.vb,DownloadProject,DownloadCount,Property,,DownloadProject.Properties.vb:102,none,,Ported,mod-list report + bounded ModExplorer filter (name/state) + download required-projects/sizes + rule/extension prefs.
DownloadProject.Properties.vb,DownloadProject,DownloadSizeText,Property,,DownloadProject.Properties.vb:131,none,,Ported,mod-list report + bounded ModExplorer filter (name/state) + download required-projects/sizes + rule/extension prefs.
DownloadProject.Properties.vb,DownloadProject,DownloadSize,Property,,DownloadProject.Properties.vb:157,none,,Ported,mod-list report + bounded ModExplorer filter (name/state) + download required-projects/sizes + rule/extension prefs.
DownloadProject.Properties.vb,DownloadProject,Client,Property,,DownloadProject.Properties.vb:203,strong,vaultkeeper/game/client_log.py | vaultkeeper/game/locations.py | vaultkeeper/game/play_data_manager.py,AUTO-PORTED,
DownloadProject.Properties.vb,DownloadProject,WizardUpdateStatus,Property,,DownloadProject.Properties.vb:213,none,,Divergence,"VB per-preference ListView-editor plumbing (Preferences/Advanced/MenuCommon/MapExceptions pages), ModExplorer rating/prefix/operand filters + virtual-list/bg-worker, and ModView WinForms events / cosmetic icons+tooltips. Bounded port = tabbed Settings dialog + name/state/completed ModExplorer filter."
DownloadProject.vb,DownloadProject,DownloadProject_Load,Sub,MyBase.Load,DownloadProject.vb:36,none,,Divergence,WinForms event/progress/UI plumbing refactored into controller/vault + bounded viewer (search/copy-paste/nav). Owner-confirm candidates: StartScreen export/copy-paste/search.
DownloadProject.vb,DownloadProject,DownloadProject_Shown,Sub,Me.Shown,DownloadProject.vb:204,none,,Divergence,WinForms event/progress/UI plumbing refactored into controller/vault + bounded viewer (search/copy-paste/nav). Owner-confirm candidates: StartScreen export/copy-paste/search.
DownloadProject.vb,DownloadProject,DownloadProject_Activated,Sub,Me.Activated,DownloadProject.vb:240,none,,Divergence,WinForms event/progress/UI plumbing refactored into controller/vault + bounded viewer (search/copy-paste/nav). Owner-confirm candidates: StartScreen export/copy-paste/search.
DownloadProject.vb,DownloadProject,Lp_Resize,Sub,"LpProjectConfig.Resize, LpRequiredConfig.Resize",DownloadProject.vb:266,none,,Divergence,WinForms event/progress/UI plumbing refactored into controller/vault + bounded viewer (search/copy-paste/nav). Owner-confirm candidates: StartScreen export/copy-paste/search.
DownloadProject.vb,DownloadProject,DownloadProject_FormClosing,Sub,Me.FormClosing,DownloadProject.vb:281,none,,Divergence,WinForms event/progress/UI plumbing refactored into controller/vault + bounded viewer (search/copy-paste/nav). Owner-confirm candidates: StartScreen export/copy-paste/search.
DownloadProject.vb,DownloadProject,TxUrl_GotFocus,Sub,TxUrl.GotFocus,DownloadProject.vb:340,none,,Divergence,WinForms event/progress/UI plumbing refactored into controller/vault + bounded viewer (search/copy-paste/nav). Owner-confirm candidates: StartScreen export/copy-paste/search.
DownloadProject.vb,DownloadProject,TxUrl_LostFocus,Sub,TxUrl.LostFocus,DownloadProject.vb:348,none,,Divergence,WinForms event/progress/UI plumbing refactored into controller/vault + bounded viewer (search/copy-paste/nav). Owner-confirm candidates: StartScreen export/copy-paste/search.
DownloadProject.vb,DownloadProject,TxUrl_TextChanged,Sub,TxUrl.TextChanged,DownloadProject.vb:358,none,,Divergence,WinForms event/progress/UI plumbing refactored into controller/vault + bounded viewer (search/copy-paste/nav). Owner-confirm candidates: StartScreen export/copy-paste/search.
DownloadProject.vb,DownloadProject,BlClear_Click,Sub,BlClear.Click,DownloadProject.vb:368,none,,Divergence,WinForms event/progress/UI plumbing refactored into controller/vault + bounded viewer (search/copy-paste/nav). Owner-confirm candidates: StartScreen export/copy-paste/search.
DownloadProject.vb,DownloadProject,BtRetrieve_Click,Sub,BtRetrieve.Click,DownloadProject.vb:379,none,,Divergence,WinForms event/progress/UI plumbing refactored into controller/vault + bounded viewer (search/copy-paste/nav). Owner-confirm candidates: StartScreen export/copy-paste/search.
DownloadProject.vb,DownloadProject,Lk_LinkClicked,Sub,"LkProject.LinkClicked, LkRequiredProject.LinkClicked",DownloadProject.vb:416,none,,Divergence,WinForms event/progress/UI plumbing refactored into controller/vault + bounded viewer (search/copy-paste/nav). Owner-confirm candidates: StartScreen export/copy-paste/search.
DownloadProject.vb,DownloadProject,TsOpenRulesFile_Click,Sub,TsOpenRulesFile.Click,DownloadProject.vb:436,none,,Divergence,WinForms event/progress/UI plumbing refactored into controller/vault + bounded viewer (search/copy-paste/nav). Owner-confirm candidates: StartScreen export/copy-paste/search.
DownloadProject.vb,DownloadProject,TsReloadDownloadRulesFile_Click,Sub,TsReloadDownloadRulesFile.Click,DownloadProject.vb:446,none,,Divergence,WinForms event/progress/UI plumbing refactored into controller/vault + bounded viewer (search/copy-paste/nav). Owner-confirm candidates: StartScreen export/copy-paste/search.
DownloadProject.vb,DownloadProject,RulePreference_Click,Sub,,DownloadProject.vb:464,none,,Divergence,WinForms event/progress/UI plumbing refactored into controller/vault + bounded viewer (search/copy-paste/nav). Owner-confirm candidates: StartScreen export/copy-paste/search.
DownloadProject.vb,DownloadProject,BhDownloadProject_Click,Sub,BhDownloadProject.Click,DownloadProject.vb:485,none,,Divergence,WinForms event/progress/UI plumbing refactored into controller/vault + bounded viewer (search/copy-paste/nav). Owner-confirm candidates: StartScreen export/copy-paste/search.
DownloadProject.vb,DownloadProject,BtDownload_Click,Sub,BtDownload.Click,DownloadProject.vb:493,none,,Divergence,WinForms event/progress/UI plumbing refactored into controller/vault + bounded viewer (search/copy-paste/nav). Owner-confirm candidates: StartScreen export/copy-paste/search.
DownloadProject.vb,DownloadProject,BtInstall_Click,Sub,BtInstall.Click,DownloadProject.vb:503,none,,Divergence,WinForms event/progress/UI plumbing refactored into controller/vault + bounded viewer (search/copy-paste/nav). Owner-confirm candidates: StartScreen export/copy-paste/search.
DownloadProject.vb,DownloadProject,BtCancel_Click,Sub,BtCancel.Click,DownloadProject.vb:528,none,,Divergence,WinForms event/progress/UI plumbing refactored into controller/vault + bounded viewer (search/copy-paste/nav). Owner-confirm candidates: StartScreen export/copy-paste/search.
DownloadProject.vb,DownloadProject,CmCopyFilename_Click,Sub,CmCopyFilename.Click,DownloadProject.vb:540,none,,Divergence,WinForms event/progress/UI plumbing refactored into controller/vault + bounded viewer (search/copy-paste/nav). Owner-confirm candidates: StartScreen export/copy-paste/search.
DownloadProject.vb,DownloadProject,CmCopyLink_Click,Sub,CmCopyLink.Click,DownloadProject.vb:551,none,,Divergence,WinForms event/progress/UI plumbing refactored into controller/vault + bounded viewer (search/copy-paste/nav). Owner-confirm candidates: StartScreen export/copy-paste/search.
DownloadProject.vb,DownloadProject,Lv_KeyDown,Sub,"LvProject.KeyDown, LvRequirements.KeyDown",DownloadProject.vb:576,none,,Divergence,WinForms event/progress/UI plumbing refactored into controller/vault + bounded viewer (search/copy-paste/nav). Owner-confirm candidates: StartScreen export/copy-paste/search.
DownloadProject.vb,DownloadProject,Lv_KeyPress,Sub,"LvProject.KeyPress, LvRequirements.KeyPress",DownloadProject.vb:591,none,,Divergence,WinForms event/progress/UI plumbing refactored into controller/vault + bounded viewer (search/copy-paste/nav). Owner-confirm candidates: StartScreen export/copy-paste/search.
DownloadProject.vb,DownloadProject,Lv_ItemClicked,Sub,"LvRequirements.ItemClicked, LvProject.ItemClicked",DownloadProject.vb:622,none,,Divergence,WinForms event/progress/UI plumbing refactored into controller/vault + bounded viewer (search/copy-paste/nav). Owner-confirm candidates: StartScreen export/copy-paste/search.
DownloadProject.vb,DownloadProject,LbProjectFiles_MouseEnter,Sub,LbProjectFiles.MouseEnter,DownloadProject.vb:657,none,,Divergence,WinForms event/progress/UI plumbing refactored into controller/vault + bounded viewer (search/copy-paste/nav). Owner-confirm candidates: StartScreen export/copy-paste/search.
DownloadProject.vb,DownloadProject,LvProject_ItemCheck,Sub,LvProject.ItemCheck,DownloadProject.vb:667,none,,Divergence,WinForms event/progress/UI plumbing refactored into controller/vault + bounded viewer (search/copy-paste/nav). Owner-confirm candidates: StartScreen export/copy-paste/search.
DownloadProject.vb,DownloadProject,LvProject_SelectedIndexChanged,Sub,LvProject.SelectedIndexChanged,DownloadProject.vb:700,none,,Divergence,WinForms event/progress/UI plumbing refactored into controller/vault + bounded viewer (search/copy-paste/nav). Owner-confirm candidates: StartScreen export/copy-paste/search.
DownloadProject.vb,DownloadProject,LbRequiredProjects_MouseEnter,Sub,LbRequiredProjects.MouseEnter,DownloadProject.vb:722,none,,Divergence,WinForms event/progress/UI plumbing refactored into controller/vault + bounded viewer (search/copy-paste/nav). Owner-confirm candidates: StartScreen export/copy-paste/search.
DownloadProject.vb,DownloadProject,LvRequirements_ItemCheck,Sub,LvRequirements.ItemCheck,DownloadProject.vb:732,none,,Divergence,WinForms event/progress/UI plumbing refactored into controller/vault + bounded viewer (search/copy-paste/nav). Owner-confirm candidates: StartScreen export/copy-paste/search.
DownloadProject.vb,DownloadProject,LvRequirements_SelectedIndexChanged,Sub,LvRequirements.SelectedIndexChanged,DownloadProject.vb:765,none,,Divergence,WinForms event/progress/UI plumbing refactored into controller/vault + bounded viewer (search/copy-paste/nav). Owner-confirm candidates: StartScreen export/copy-paste/search.
DownloadProject.vb,DownloadProject,Tx_KeyPress,Sub,"TxModName.KeyPress, TxRequiredModName.KeyPress",DownloadProject.vb:831,none,,Divergence,WinForms event/progress/UI plumbing refactored into controller/vault + bounded viewer (search/copy-paste/nav). Owner-confirm candidates: StartScreen export/copy-paste/search.
DownloadProject.vb,DownloadProject,TxModName_TextChanged,Sub,TxModName.TextChanged,DownloadProject.vb:839,none,,Divergence,WinForms event/progress/UI plumbing refactored into controller/vault + bounded viewer (search/copy-paste/nav). Owner-confirm candidates: StartScreen export/copy-paste/search.
DownloadProject.vb,DownloadProject,RenameModFolder,Sub,,DownloadProject.vb:896,none,,Divergence,WinForms event/progress/UI plumbing refactored into controller/vault + bounded viewer (search/copy-paste/nav). Owner-confirm candidates: StartScreen export/copy-paste/search.
DownloadProject.vb,DownloadProject,TxRequiredModName_TextChanged,Sub,TxRequiredModName.TextChanged,DownloadProject.vb:953,none,,Divergence,WinForms event/progress/UI plumbing refactored into controller/vault + bounded viewer (search/copy-paste/nav). Owner-confirm candidates: StartScreen export/copy-paste/search.
DownloadProject.vb,DownloadProject,RenameRequired,Sub,,DownloadProject.vb:1026,none,,Divergence,WinForms event/progress/UI plumbing refactored into controller/vault + bounded viewer (search/copy-paste/nav). Owner-confirm candidates: StartScreen export/copy-paste/search.
DownloadProject.vb,DownloadProject,MbGroup_MenuItemChecked,Sub,MbGroup.MenuItemChecked,DownloadProject.vb:1076,none,,Divergence,WinForms event/progress/UI plumbing refactored into controller/vault + bounded viewer (search/copy-paste/nav). Owner-confirm candidates: StartScreen export/copy-paste/search.
DownloadProject.vb,DownloadProject,MbRequiredGroup_MenuItemChecked,Sub,MbRequiredGroup.MenuItemChecked,DownloadProject.vb:1094,none,,Divergence,WinForms event/progress/UI plumbing refactored into controller/vault + bounded viewer (search/copy-paste/nav). Owner-confirm candidates: StartScreen export/copy-paste/search.
DownloadProject.vb,DownloadProject,RenameGroup,Sub,,DownloadProject.vb:1135,strong,vaultkeeper/core/profile_data.py | vaultkeeper/ui/controller.py,Ported,"StartScreen actions + vault download/install pipeline (subagent-swept, orchestrator-verified vs memory)."
DownloadProject.vb,DownloadProject,BgScanner_DoWork,Sub,BgScanner.DoWork,DownloadProject.vb:1175,none,,Divergence,WinForms event/progress/UI plumbing refactored into controller/vault + bounded viewer (search/copy-paste/nav). Owner-confirm candidates: StartScreen export/copy-paste/search.
DownloadProject.vb,DownloadProject,BgScanner_ProgressChanged,Sub,BgScanner.ProgressChanged,DownloadProject.vb:1198,none,,Divergence,WinForms event/progress/UI plumbing refactored into controller/vault + bounded viewer (search/copy-paste/nav). Owner-confirm candidates: StartScreen export/copy-paste/search.
DownloadProject.vb,DownloadProject,BgWebFileSize_DoWork,Sub,BgWebFileSize.DoWork,DownloadProject.vb:1216,none,,Divergence,WinForms event/progress/UI plumbing refactored into controller/vault + bounded viewer (search/copy-paste/nav). Owner-confirm candidates: StartScreen export/copy-paste/search.
DownloadProject.vb,DownloadProject,GetByteSize,Function,,DownloadProject.vb:1243,none,,Divergence,WinForms event/progress/UI plumbing refactored into controller/vault + bounded viewer (search/copy-paste/nav). Owner-confirm candidates: StartScreen export/copy-paste/search.
DownloadProject.vb,DownloadProject,GetFtpByteSize,Function,,DownloadProject.vb:1275,none,,Divergence,WinForms event/progress/UI plumbing refactored into controller/vault + bounded viewer (search/copy-paste/nav). Owner-confirm candidates: StartScreen export/copy-paste/search.
DownloadProject.vb,DownloadProject,BgWebFileSize_ProgressChanged,Sub,BgWebFileSize.ProgressChanged,DownloadProject.vb:1294,none,,Divergence,WinForms event/progress/UI plumbing refactored into controller/vault + bounded viewer (search/copy-paste/nav). Owner-confirm candidates: StartScreen export/copy-paste/search.
DownloadProject.vb,DownloadProject,ProcessCmdKey,Function,,DownloadProject.vb:1325,none,,Divergence,"bounded read-only viewer port: VB filters/navigation/editors/bg-workers/Windows-shell handlers intentionally not ported (PARITY.md recurring pattern). SOME are owner-confirm candidates: ModExplorer filter subsystem, PortraitManager prev/next navigation."
ErfFileReader.IfoReader.vb,IfoReader,New,Sub,,ErfFileReader.IfoReader.vb:50,strong,vaultkeeper/core/hak_patch.py | vaultkeeper/core/mapper.py | vaultkeeper/core/name_edit.py,N/A,framework/designer-generated
ErfFileReader.IfoReader.vb,IfoReader,GetFieldText,Function,,ErfFileReader.IfoReader.vb:62,none,,GAP?,
ErfFileReader.IfoReader.vb,IfoReader,ReadHeader,Function,,ErfFileReader.IfoReader.vb:122,none,,GAP?,
ErfFileReader.IfoReader.vb,IfoReader,GetFieldDataCExoLocString,Function,,ErfFileReader.IfoReader.vb:152,none,,GAP?,
ErfFileReader.IfoReader.vb,IfoReader,GetLabel,Function,,ErfFileReader.IfoReader.vb:178,none,,GAP?,
ErfFileReader.IfoReader.vb,IfoReader,IsIfoHeader,Function,,ErfFileReader.IfoReader.vb:189,none,,GAP?,
ErfFileReader.vb,ErfFileReader,ModuleDataFileName,Property,,ErfFileReader.vb:34,none,,Ported,"confirmed in port (nwn.ini/alias read, ERF/module decode, status counts+confirm, profile mgmt, editions)."
ErfFileReader.vb,ErfFileReader,ModuleDataOnlineFile,Property,,ErfFileReader.vb:44,none,,Deferred,config-isolation writes NOT done / alias editor / online module fetch / patch file.
ErfFileReader.vb,ErfFileReader,ModFilename,Property,,ErfFileReader.vb:82,strong,vaultkeeper/game/game_mapper.py | vaultkeeper/game/module_reader.py,AUTO-PORTED,
ErfFileReader.vb,ErfFileReader,ModDescription,Property,,ErfFileReader.vb:87,none,,Ported,"confirmed in port (nwn.ini/alias read, ERF/module decode, status counts+confirm, profile mgmt, editions)."
ErfFileReader.vb,ErfFileReader,ModSavName,Property,,ErfFileReader.vb:92,none,,Ported,"confirmed in port (nwn.ini/alias read, ERF/module decode, status counts+confirm, profile mgmt, editions)."
ErfFileReader.vb,ErfFileReader,Status,Property,,ErfFileReader.vb:97,strong,vaultkeeper/config/settings.py | vaultkeeper/core/install_manager.py | vaultkeeper/core/log.py,Divergence,"VB per-preference ListView-editor framework (Preferences/Config/Profiles/Locations pages, Import/Export/Reset/Undo). Bounded port = tabbed dialog + FolderMapping + status-bar profile menu. Subagent verdict: 0 MISSING user prefs (see FINDING_3_SETTINGS.md for the pref-level gap = 10 add-a-setting items)."
ErfFileReader.vb,ErfFileReader,StatusMessage,Property,,ErfFileReader.vb:102,none,,Divergence,WinForms lifecycle/event/virtual-list/background-worker/mouse-hover plumbing.
ErfFileReader.vb,ErfFileReader,LogMessage,Property,,ErfFileReader.vb:108,none,,Divergence,UI status/progress + WinForms background-worker plumbing (CRC compute engine itself is ported in core).
ErfFileReader.vb,ErfFileReader,New,Sub,,ErfFileReader.vb:115,strong,vaultkeeper/core/hak_patch.py | vaultkeeper/core/mapper.py | vaultkeeper/core/name_edit.py,N/A,framework/designer-generated
ErfFileReader.vb,ErfFileReader,OpenModFile,Function,,ErfFileReader.vb:136,none,,Ported,"confirmed in port (nwn.ini/alias read, ERF/module decode, status counts+confirm, profile mgmt, editions)."
ErfFileReader.vb,ErfFileReader,ValidateModInfo,Sub,,ErfFileReader.vb:203,none,,Ported,"confirmed in port (nwn.ini/alias read, ERF/module decode, status counts+confirm, profile mgmt, editions)."
ErfFileReader.vb,ErfFileReader,LoadModuleData,Sub,,ErfFileReader.vb:235,none,,Ported,"confirmed in port (nwn.ini/alias read, ERF/module decode, status counts+confirm, profile mgmt, editions)."
ErfFileReader.vb,ErfFileReader,DownloadModuleData,Function,,ErfFileReader.vb:299,none,,Deferred,config-isolation writes NOT done / alias editor / online module fetch / patch file.
ErfFileReader.vb,ErfFileReader,IsValidType,Function,,ErfFileReader.vb:325,none,,Ported,"confirmed in port (nwn.ini/alias read, ERF/module decode, status counts+confirm, profile mgmt, editions)."
ErfFileReader.vb,ErfFileReader,IsValidVersion,Function,,ErfFileReader.vb:333,none,,Ported,"confirmed in port (nwn.ini/alias read, ERF/module decode, status counts+confirm, profile mgmt, editions)."
ErfFileReader.vb,ErfFileReader,GetDescription,Function,,ErfFileReader.vb:341,strong,vaultkeeper/game/module_reader.py,AUTO-PORTED,
ErfFileReader.vb,ErfFileReader,FindFile,Function,,ErfFileReader.vb:372,strong,vaultkeeper/game/module_reader.py,AUTO-PORTED,
ErfFileReader.vb,ErfFileReader,GetResourcePosition,Function,,ErfFileReader.vb:397,strong,vaultkeeper/game/module_reader.py,AUTO-PORTED,
ExtendedEditionDialogue.vb,ExtendedEditionDialogue,StartItem,Property,,ExtendedEditionDialogue.vb:37,none,,Deferred,"CrashDumpManager (Windows crash dumps), AliasSectionEditor (MsAliasSection dead), HakPatchEditor (MsHakPatchEditor dead; read-only model ported), ExtendedEditionDialogue (EE user-folder prompt; editions detection ported in editions.py/locations.py)."
ExtendedEditionDialogue.vb,ExtendedEditionDialogue,AllowDisable,Property,,ExtendedEditionDialogue.vb:43,none,,Deferred,"CrashDumpManager (Windows crash dumps), AliasSectionEditor (MsAliasSection dead), HakPatchEditor (MsHakPatchEditor dead; read-only model ported), ExtendedEditionDialogue (EE user-folder prompt; editions detection ported in editions.py/locations.py)."
ExtendedEditionDialogue.vb,ExtendedEditionDialogue,UserFolder,Property,,ExtendedEditionDialogue.vb:48,none,,Deferred,"CrashDumpManager (Windows crash dumps), AliasSectionEditor (MsAliasSection dead), HakPatchEditor (MsHakPatchEditor dead; read-only model ported), ExtendedEditionDialogue (EE user-folder prompt; editions detection ported in editions.py/locations.py)."
ExtendedEditionDialogue.vb,ExtendedEditionDialogue,LibraryFolder,Property,,ExtendedEditionDialogue.vb:53,comment,vaultkeeper/game/locations.py,AUTO-PORTED,matched in comment/docstring
ExtendedEditionDialogue.vb,ExtendedEditionDialogue,DetectionDisabled,Property,,ExtendedEditionDialogue.vb:58,none,,Deferred,"CrashDumpManager (Windows crash dumps), AliasSectionEditor (MsAliasSection dead), HakPatchEditor (MsHakPatchEditor dead; read-only model ported), ExtendedEditionDialogue (EE user-folder prompt; editions detection ported in editions.py/locations.py)."
ExtendedEditionDialogue.vb,ExtendedEditionDialogue,MandatoryFoldersSpecified,Property,,ExtendedEditionDialogue.vb:82,none,,Deferred,"CrashDumpManager (Windows crash dumps), AliasSectionEditor (MsAliasSection dead), HakPatchEditor (MsHakPatchEditor dead; read-only model ported), ExtendedEditionDialogue (EE user-folder prompt; editions detection ported in editions.py/locations.py)."
ExtendedEditionDialogue.vb,ExtendedEditionDialogue,New,Sub,,ExtendedEditionDialogue.vb:88,strong,vaultkeeper/core/hak_patch.py | vaultkeeper/core/mapper.py | vaultkeeper/core/name_edit.py,N/A,framework/designer-generated
ExtendedEditionDialogue.vb,ExtendedEditionDialogue,ExtendedDialogue_Load,Sub,MyBase.Load,ExtendedEditionDialogue.vb:102,none,,Deferred,"CrashDumpManager (Windows crash dumps), AliasSectionEditor (MsAliasSection dead), HakPatchEditor (MsHakPatchEditor dead; read-only model ported), ExtendedEditionDialogue (EE user-folder prompt; editions detection ported in editions.py/locations.py)."
ExtendedEditionDialogue.vb,ExtendedEditionDialogue,ExtendedEditionDialogue_Shown,Sub,Me.Shown,ExtendedEditionDialogue.vb:177,none,,Deferred,"CrashDumpManager (Windows crash dumps), AliasSectionEditor (MsAliasSection dead), HakPatchEditor (MsHakPatchEditor dead; read-only model ported), ExtendedEditionDialogue (EE user-folder prompt; editions detection ported in editions.py/locations.py)."
ExtendedEditionDialogue.vb,ExtendedEditionDialogue,BtSave_Click,Sub,BtSave.Click,ExtendedEditionDialogue.vb:202,strong,vaultkeeper/ui/controller.py,Ported,DocOrganiser/ModPlayViewer/WizardBuilder core report/view/save logic (subagent+orchestrator).
ExtendedEditionDialogue.vb,ExtendedEditionDialogue,BtCancel_Click,Sub,BtCancel.Click,ExtendedEditionDialogue.vb:211,none,,Divergence,WinForms event/progress/UI plumbing refactored into controller/vault + bounded viewer (search/copy-paste/nav). Owner-confirm candidates: StartScreen export/copy-paste/search.
ExtendedEditionDialogue.vb,ExtendedEditionDialogue,BuBrowse_Click,Sub,"BuUser.Click, BuLibrary.Click",ExtendedEditionDialogue.vb:220,none,,Deferred,"CrashDumpManager (Windows crash dumps), AliasSectionEditor (MsAliasSection dead), HakPatchEditor (MsHakPatchEditor dead; read-only model ported), ExtendedEditionDialogue (EE user-folder prompt; editions detection ported in editions.py/locations.py)."
ExtendedEditionDialogue.vb,ExtendedEditionDialogue,Tx_Enter,Sub,"TxUserFolder.Enter, TxLibrary.Enter",ExtendedEditionDialogue.vb:251,none,,Deferred,"CrashDumpManager (Windows crash dumps), AliasSectionEditor (MsAliasSection dead), HakPatchEditor (MsHakPatchEditor dead; read-only model ported), ExtendedEditionDialogue (EE user-folder prompt; editions detection ported in editions.py/locations.py)."
ExtendedEditionDialogue.vb,ExtendedEditionDialogue,TxUserFolder_TextChanged,Sub,TxUserFolder.TextChanged,ExtendedEditionDialogue.vb:262,none,,Deferred,"CrashDumpManager (Windows crash dumps), AliasSectionEditor (MsAliasSection dead), HakPatchEditor (MsHakPatchEditor dead; read-only model ported), ExtendedEditionDialogue (EE user-folder prompt; editions detection ported in editions.py/locations.py)."
ExtendedEditionDialogue.vb,ExtendedEditionDialogue,TxLibrary_TextChanged,Sub,TxLibrary.TextChanged,ExtendedEditionDialogue.vb:278,none,,Deferred,"CrashDumpManager (Windows crash dumps), AliasSectionEditor (MsAliasSection dead), HakPatchEditor (MsHakPatchEditor dead; read-only model ported), ExtendedEditionDialogue (EE user-folder prompt; editions detection ported in editions.py/locations.py)."
ExtendedEditionDialogue.vb,ExtendedEditionDialogue,CbDisable_CheckedChanged,Sub,CbDisable.CheckedChanged,ExtendedEditionDialogue.vb:299,none,,Deferred,"CrashDumpManager (Windows crash dumps), AliasSectionEditor (MsAliasSection dead), HakPatchEditor (MsHakPatchEditor dead; read-only model ported), ExtendedEditionDialogue (EE user-folder prompt; editions detection ported in editions.py/locations.py)."
ExtendedEditionDialogue.vb,ExtendedEditionDialogue,WndProc,Sub,,ExtendedEditionDialogue.vb:320,none,,Divergence,"bounded read-only viewer port: VB filters/navigation/editors/bg-workers/Windows-shell handlers intentionally not ported (PARITY.md recurring pattern). SOME are owner-confirm candidates: ModExplorer filter subsystem, PortraitManager prev/next navigation."
ExtendedEditionDialogue.vb,ExtendedEditionDialogue,ProcessCmdKey,Function,,ExtendedEditionDialogue.vb:352,none,,Divergence,"bounded read-only viewer port: VB filters/navigation/editors/bg-workers/Windows-shell handlers intentionally not ported (PARITY.md recurring pattern). SOME are owner-confirm candidates: ModExplorer filter subsystem, PortraitManager prev/next navigation."
FileConflictsViewer.vb,FileConflictsViewer,InstalledSuffix,Property,,FileConflictsViewer.vb:35,none,,Partial,"menu-item editor (web ported, run-menu deferred) + conflict counts."
FileConflictsViewer.vb,FileConflictsViewer,ShowDialog,Function,,FileConflictsViewer.vb:61,strong,vaultkeeper/ui/dialogs/about.py | vaultkeeper/ui/dialogs/classes_skills_feats.py | vaultkeeper/ui/main_window.py,Ported,DocOrganiser/ModPlayViewer/WizardBuilder core report/view/save logic (subagent+orchestrator).
FileConflictsViewer.vb,FileConflictsViewer,FileConflictsViewer_Load,Sub,MyBase.Load,FileConflictsViewer.vb:74,none,,Divergence,WinForms lifecycle/event/virtual-list/background-worker/mouse-hover plumbing.
FileConflictsViewer.vb,FileConflictsViewer,FileConflictsViewer_Shown,Sub,Me.Shown,FileConflictsViewer.vb:101,none,,Divergence,WinForms lifecycle/event/virtual-list/background-worker/mouse-hover plumbing.
FileConflictsViewer.vb,FileConflictsViewer,OnHelpButtonClicked,Sub,,FileConflictsViewer.vb:112,none,,Divergence,WinForms lifecycle/event/virtual-list/background-worker plumbing; N/A in Qt.
FileConflictsViewer.vb,FileConflictsViewer,BtSelected_Click,Sub,BtSelected.Click,FileConflictsViewer.vb:123,none,,Ported,"port view/domain layer (details/contents/status/paste/recent/profile views, hak-patch, play-data viewer, find-files, conflicts, workshop, publish)."
FileConflictsViewer.vb,FileConflictsViewer,BtInstalled_Click,Sub,BtInstalled.Click,FileConflictsViewer.vb:133,none,,Ported,"port view/domain layer (details/contents/status/paste/recent/profile views, hak-patch, play-data viewer, find-files, conflicts, workshop, publish)."
FileConflictsViewer.vb,FileConflictsViewer,BtAll_Click,Sub,BtAll.Click,FileConflictsViewer.vb:143,none,,Ported,"port view/domain layer (details/contents/status/paste/recent/profile views, hak-patch, play-data viewer, find-files, conflicts, workshop, publish)."
FileConflictsViewer.vb,FileConflictsViewer,BtClose_Click,Sub,BtClose.Click,FileConflictsViewer.vb:153,none,,Divergence,"bounded read-only viewer port: VB filters/navigation/editors/bg-workers/Windows-shell handlers intentionally not ported (PARITY.md recurring pattern). SOME are owner-confirm candidates: ModExplorer filter subsystem, PortraitManager prev/next navigation."
FileConflictsViewer.vb,FileConflictsViewer,FileConflictsViewer_FormClosing,Sub,Me.FormClosing,FileConflictsViewer.vb:163,none,,Divergence,WinForms lifecycle/event/virtual-list/background-worker/mouse-hover plumbing.
FileConflictsViewer.vb,FileConflictsViewer,LvFiles_SelectedIndexChanged,Sub,LvFiles.SelectedIndexChanged,FileConflictsViewer.vb:180,none,,Ported,install engine + rename + analyser browser report (subagent-swept).
FileConflictsViewer.vb,FileConflictsViewer,PopulateFileList,Sub,,FileConflictsViewer.vb:211,none,,Ported,"port view/domain layer (details/contents/status/paste/recent/profile views, hak-patch, play-data viewer, find-files, conflicts, workshop, publish)."
FileConflictsViewer.vb,ProgressInfo,ModName,Property,,FileConflictsViewer.vb:247,strong,vaultkeeper/core/change_data.py | vaultkeeper/core/file_key.py | vaultkeeper/core/install_manager.py,Ported,DocOrganiser/ModPlayViewer/WizardBuilder core report/view/save logic (subagent+orchestrator).
FileConflictsViewer.vb,ProgressInfo,ProcessingCount,Property,,FileConflictsViewer.vb:252,none,,Partial,"menu-item editor (web ported, run-menu deferred) + conflict counts."
FileConflictsViewer.vb,ProgressInfo,ModFileCount,Property,,FileConflictsViewer.vb:257,none,,Partial,"menu-item editor (web ported, run-menu deferred) + conflict counts."
FileConflictsViewer.vb,ProgressInfo,New,Sub,,FileConflictsViewer.vb:265,strong,vaultkeeper/core/hak_patch.py | vaultkeeper/core/mapper.py | vaultkeeper/core/name_edit.py,N/A,framework/designer-generated
FileConflictsViewer.vb,FileConflictsViewer,BgProcessModFiles_DoWork,Sub,BgProcessModFiles.DoWork,FileConflictsViewer.vb:278,none,,Divergence,WinForms lifecycle/event/virtual-list/background-worker/mouse-hover plumbing.
FileConflictsViewer.vb,FileConflictsViewer,BgProcessModFiles_ProgressChanged,Sub,BgProcessModFiles.ProgressChanged,FileConflictsViewer.vb:328,none,,Divergence,WinForms lifecycle/event/virtual-list/background-worker/mouse-hover plumbing.
FileConflictsViewer.vb,FileConflictsViewer,BgProcessModFiles_RunWorkerCompleted,Sub,BgProcessModFiles.RunWorkerCompleted,FileConflictsViewer.vb:343,none,,Divergence,WinForms lifecycle/event/virtual-list/background-worker/mouse-hover plumbing.
FileData.vb,FileData,New,Sub,,FileData.vb:30,strong,vaultkeeper/core/hak_patch.py | vaultkeeper/core/mapper.py | vaultkeeper/core/name_edit.py,N/A,framework/designer-generated
FileData.vb,FileData,New,Sub,,FileData.vb:45,strong,vaultkeeper/core/hak_patch.py | vaultkeeper/core/mapper.py | vaultkeeper/core/name_edit.py,N/A,framework/designer-generated
FileData.vb,FileData,New,Sub,,FileData.vb:62,strong,vaultkeeper/core/hak_patch.py | vaultkeeper/core/mapper.py | vaultkeeper/core/name_edit.py,N/A,framework/designer-generated
FileData.vb,FileData,Key,Property,,FileData.vb:78,strong,vaultkeeper/config/settings.py | vaultkeeper/core/change_data.py | vaultkeeper/core/ci_dict.py,AUTO-PORTED,
FileData.vb,FileData,FileState,Property,,FileData.vb:86,strong,vaultkeeper/core/file_data.py | vaultkeeper/core/install_manager.py | vaultkeeper/core/profile_data.py,AUTO-PORTED,
FileData.vb,FileData,Installed,Property,,FileData.vb:94,strong,vaultkeeper/config/settings.py | vaultkeeper/core/change_data.py | vaultkeeper/core/constants.py,Ported,DocOrganiser/ModPlayViewer/WizardBuilder core report/view/save logic (subagent+orchestrator).
FileData.vb,FileData,Extension,Property,,FileData.vb:106,strong,vaultkeeper/core/archive.py | vaultkeeper/core/constants.py | vaultkeeper/core/file_data.py,Divergence,"VB per-preference ListView-editor framework (Preferences/Config/Profiles/Locations pages, Import/Export/Reset/Undo). Bounded port = tabbed dialog + FolderMapping + status-bar profile menu. Subagent verdict: 0 MISSING user prefs (see FINDING_3_SETTINGS.md for the pref-level gap = 10 add-a-setting items)."
FileData.vb,FileData,Modified,Property,,FileData.vb:114,strong,vaultkeeper/core/file_data.py | vaultkeeper/core/hak_patch.py | vaultkeeper/core/profile_data.py,AUTO-PORTED,
FileData.vb,FileData,ByteSize,Property,,FileData.vb:122,strong,vaultkeeper/core/file_data.py | vaultkeeper/core/hak_patch.py | vaultkeeper/core/install_manager.py,AUTO-PORTED,
FileData.vb,FileData,FileCRC,Property,,FileData.vb:131,strong,vaultkeeper/core/file_data.py | vaultkeeper/core/hak_patch.py | vaultkeeper/core/install_manager.py,AUTO-PORTED,
FileData.vb,FileData,CrcCalculated,Property,,FileData.vb:139,strong,vaultkeeper/core/file_data.py,AUTO-PORTED,
FileData.vb,FileData,FullName,Property,,FileData.vb:151,strong,vaultkeeper/core/profile_data.py | vaultkeeper/game/documentation.py | vaultkeeper/game/game_backup.py,AUTO-PORTED,
FileData.vb,FileData,Rename,Sub,,FileData.vb:170,strong,vaultkeeper/core/file_data.py | vaultkeeper/core/fs.py | vaultkeeper/core/group_member.py,AUTO-PORTED,
FileData.vb,FileData,Clone,Function,,FileData.vb:207,strong,vaultkeeper/core/change_data.py | vaultkeeper/core/file_data.py | vaultkeeper/core/mod_data.py,N/A,framework/designer-generated
FileKeyInfo.vb,FileKeyInfo,New,Sub,,FileKeyInfo.vb:26,strong,vaultkeeper/core/hak_patch.py | vaultkeeper/core/mapper.py | vaultkeeper/core/name_edit.py,N/A,framework/designer-generated
FileKeyInfo.vb,FileKeyInfo,New,Sub,,FileKeyInfo.vb:46,strong,vaultkeeper/core/hak_patch.py | vaultkeeper/core/mapper.py | vaultkeeper/core/name_edit.py,N/A,framework/designer-generated
FileKeyInfo.vb,FileKeyInfo,New,Sub,,FileKeyInfo.vb:55,strong,vaultkeeper/core/hak_patch.py | vaultkeeper/core/mapper.py | vaultkeeper/core/name_edit.py,N/A,framework/designer-generated
FileKeyInfo.vb,FileKeyInfo,New,Sub,,FileKeyInfo.vb:65,strong,vaultkeeper/core/hak_patch.py | vaultkeeper/core/mapper.py | vaultkeeper/core/name_edit.py,N/A,framework/designer-generated
FileKeyInfo.vb,FileKeyInfo,New,Sub,,FileKeyInfo.vb:80,strong,vaultkeeper/core/hak_patch.py | vaultkeeper/core/mapper.py | vaultkeeper/core/name_edit.py,N/A,framework/designer-generated
FileKeyInfo.vb,FileKeyInfo,New,Sub,,FileKeyInfo.vb:91,strong,vaultkeeper/core/hak_patch.py | vaultkeeper/core/mapper.py | vaultkeeper/core/name_edit.py,N/A,framework/designer-generated
FileKeyInfo.vb,FileKeyInfo,New,Sub,,FileKeyInfo.vb:103,strong,vaultkeeper/core/hak_patch.py | vaultkeeper/core/mapper.py | vaultkeeper/core/name_edit.py,N/A,framework/designer-generated
FileKeyInfo.vb,FileKeyInfo,Group,Property,,FileKeyInfo.vb:129,strong,vaultkeeper/config/settings.py | vaultkeeper/core/constants.py | vaultkeeper/core/file_key.py,Ported,DocOrganiser/ModPlayViewer/WizardBuilder core report/view/save logic (subagent+orchestrator).
FileKeyInfo.vb,FileKeyInfo,ModName,Property,,FileKeyInfo.vb:134,strong,vaultkeeper/core/change_data.py | vaultkeeper/core/file_key.py | vaultkeeper/core/install_manager.py,Ported,DocOrganiser/ModPlayViewer/WizardBuilder core report/view/save logic (subagent+orchestrator).
FileKeyInfo.vb,FileKeyInfo,Folder,Property,,FileKeyInfo.vb:139,strong,vaultkeeper/config/settings.py | vaultkeeper/core/constants.py | vaultkeeper/core/file_data.py,Divergence,"VB per-preference ListView-editor framework (Preferences/Config/Profiles/Locations pages, Import/Export/Reset/Undo). Bounded port = tabbed dialog + FolderMapping + status-bar profile menu. Subagent verdict: 0 MISSING user prefs (see FINDING_3_SETTINGS.md for the pref-level gap = 10 add-a-setting items)."
FileKeyInfo.vb,FileKeyInfo,Filename,Property,,FileKeyInfo.vb:144,strong,vaultkeeper/core/constants.py | vaultkeeper/core/file_key.py | vaultkeeper/core/formats/erf_reader.py,AUTO-PORTED,
FileKeyInfo.vb,FileKeyInfo,Extension,Property,,FileKeyInfo.vb:149,strong,vaultkeeper/core/archive.py | vaultkeeper/core/constants.py | vaultkeeper/core/file_data.py,Divergence,"VB per-preference ListView-editor framework (Preferences/Config/Profiles/Locations pages, Import/Export/Reset/Undo). Bounded port = tabbed dialog + FolderMapping + status-bar profile menu. Subagent verdict: 0 MISSING user prefs (see FINDING_3_SETTINGS.md for the pref-level gap = 10 add-a-setting items)."
FileKeyInfo.vb,FileKeyInfo,Qualifier,Property,,FileKeyInfo.vb:163,strong,vaultkeeper/core/file_key.py | vaultkeeper/game/documentation.py | vaultkeeper/game/wizard.py,AUTO-PORTED,
FileKeyInfo.vb,FileKeyInfo,FullKey,Property,,FileKeyInfo.vb:179,strong,vaultkeeper/core/change_data.py | vaultkeeper/core/file_key.py | vaultkeeper/core/install_manager.py,AUTO-PORTED,
FileKeyInfo.vb,FileKeyInfo,FileKey,Property,,FileKeyInfo.vb:189,strong,vaultkeeper/core/change_data.py | vaultkeeper/core/constants.py | vaultkeeper/core/file_data.py,AUTO-PORTED,
FileKeyInfo.vb,FileKeyInfo,InstalledKey,Property,,FileKeyInfo.vb:199,strong,vaultkeeper/core/file_key.py | vaultkeeper/core/install_manager.py | vaultkeeper/core/profile_data.py,AUTO-PORTED,
FileKeyInfo.vb,FileKeyInfo,IsModFile,Property,,FileKeyInfo.vb:208,strong,vaultkeeper/core/file_key.py,AUTO-PORTED,
FileKeyInfo.vb,FileKeyInfo,IsModExtension,Property,,FileKeyInfo.vb:217,strong,vaultkeeper/core/file_key.py,AUTO-PORTED,
FileKeyInfo.vb,FileKeyInfo,IsNotModFile,Property,,FileKeyInfo.vb:226,strong,vaultkeeper/core/file_key.py,AUTO-PORTED,
FileKeyInfo.vb,FileKeyInfo,FullName,Property,,FileKeyInfo.vb:235,strong,vaultkeeper/core/profile_data.py | vaultkeeper/game/documentation.py | vaultkeeper/game/game_backup.py,AUTO-PORTED,
FileKeyInfo.vb,FileKeyInfo,CrashReportFullName,Property,,FileKeyInfo.vb:248,none,,GAP?,
FileKeyInfo.vb,FileKeyInfo,IsIdentifierKey,Property,,FileKeyInfo.vb:263,strong,vaultkeeper/core/file_key.py,AUTO-PORTED,
FileKeyInfo.vb,FileKeyInfo,IsInstallerKey,Property,,FileKeyInfo.vb:272,strong,vaultkeeper/core/file_key.py,AUTO-PORTED,
FileKeyInfo.vb,FileKeyInfo,IsRestorerKey,Property,,FileKeyInfo.vb:281,strong,vaultkeeper/core/file_key.py,AUTO-PORTED,
FileKeyInfo.vb,FileKeyInfo,ToString,Function,,FileKeyInfo.vb:293,strong,vaultkeeper/ui/dialogs/help_viewer.py,N/A,framework/designer-generated
FileKeyInfo.vb,FileKeyInfo,CompareTo,Function,,FileKeyInfo.vb:307,strong,vaultkeeper/core/file_key.py | vaultkeeper/core/play_time.py,N/A,framework/designer-generated
FileKeyInfo.vb,FileKeyInfo,Equals,Function,,FileKeyInfo.vb:320,strong,vaultkeeper/core/file_key.py | vaultkeeper/game/character.py | vaultkeeper/ui/dialogs/character_filter.py,N/A,framework/designer-generated
FileKeyInfo.vb,FileKeyInfo,GetHashCode,Function,,FileKeyInfo.vb:337,strong,vaultkeeper/core/file_key.py,N/A,framework/designer-generated
FileKeyInfo.vb,FileKeyInfo,Comparer,Function,,FileKeyInfo.vb:347,strong,vaultkeeper/core/file_data.py | vaultkeeper/core/file_key.py | vaultkeeper/core/install_manager.py,AUTO-PORTED,
FileKeyInfo.vb,EqualityComparer,IEqualityComparer_Equals,Function,,FileKeyInfo.vb:367,none,,GAP?,
FileKeyInfo.vb,EqualityComparer,IEqualityComparer_GetHashCode,Function,,FileKeyInfo.vb:372,none,,GAP?,
FindDialogue.vb,FindDialogue,FileView,Property,,FindDialogue.vb:24,strong,vaultkeeper/core/constants.py | vaultkeeper/ui/dialogs/mod_play_viewer.py | vaultkeeper/ui/file_view.py,Divergence,WinForms lifecycle/event/virtual-list/background-worker/mouse-hover plumbing.
FindDialogue.vb,FindDialogue,Selecting,Property,,FindDialogue.vb:30,strong,vaultkeeper/ui/dialogs/mod_play_viewer.py | vaultkeeper/ui/dialogs/workshop_viewer.py | vaultkeeper/ui/file_view.py,AUTO-PORTED,
FindDialogue.vb,FindDialogue,FindOptions,Property,,FindDialogue.vb:41,none,,Ported,"port view/domain layer (details/contents/status/paste/recent/profile views, hak-patch, play-data viewer, find-files, conflicts, workshop, publish)."
FindDialogue.vb,FindDialogue,New,Sub,,FindDialogue.vb:70,strong,vaultkeeper/core/hak_patch.py | vaultkeeper/core/mapper.py | vaultkeeper/core/name_edit.py,N/A,framework/designer-generated
FindDialogue.vb,FindDialogue,FindDialogue_Load,Sub,MyBase.Load,FindDialogue.vb:85,none,,GAP?,
FindDialogue.vb,FindDialogue,FindDialogue_Shown,Sub,Me.Shown,FindDialogue.vb:137,none,,GAP?,
FindDialogue.vb,FindDialogue,BtClose_Click,Sub,BtClose.Click,FindDialogue.vb:150,none,,Divergence,"bounded read-only viewer port: VB filters/navigation/editors/bg-workers/Windows-shell handlers intentionally not ported (PARITY.md recurring pattern). SOME are owner-confirm candidates: ModExplorer filter subsystem, PortraitManager prev/next navigation."
FindDialogue.vb,FindDialogue,CbxFind_TextChanged,Sub,CbxFind.TextChanged,FindDialogue.vb:162,none,,Divergence,WinForms lifecycle/event/virtual-list/background-worker/mouse-hover plumbing.
FindDialogue.vb,FindDialogue,CbMatch_CheckedChanged,Sub,"CbMatchWord.CheckedChanged, CbMatchCase.CheckedChanged",FindDialogue.vb:172,none,,Divergence,WinForms lifecycle/event/virtual-list/background-worker/mouse-hover plumbing.
FindDialogue.vb,FindDialogue,SetFindButtonAvailibility,Sub,,FindDialogue.vb:192,none,,GAP?,
FindDialogue.vb,FindDialogue,BtFindNext_Click,Sub,BtFindNext.Click,FindDialogue.vb:203,none,,GAP?,
FindDialogue.vb,FindDialogue,BtFindPrevious_Click,Sub,BtFindPrevious.Click,FindDialogue.vb:213,none,,GAP?,
FindDialogue.vb,FindDialogue,FindItem,Sub,,FindDialogue.vb:228,comment,vaultkeeper/ui/controller.py,AUTO-PORTED,matched in comment/docstring
FindDialogue.vb,FindDialogue,ItemFound,Sub,,FindDialogue.vb:269,none,,GAP?,
FindDialogue.vb,FindDialogue,WndProc,Sub,,FindDialogue.vb:295,none,,Divergence,"bounded read-only viewer port: VB filters/navigation/editors/bg-workers/Windows-shell handlers intentionally not ported (PARITY.md recurring pattern). SOME are owner-confirm candidates: ModExplorer filter subsystem, PortraitManager prev/next navigation."
FindProfileFilesDialogue.vb,ModFileInfo,ModName,Property,,FindProfileFilesDialogue.vb:37,strong,vaultkeeper/core/change_data.py | vaultkeeper/core/file_key.py | vaultkeeper/core/install_manager.py,Ported,DocOrganiser/ModPlayViewer/WizardBuilder core report/view/save logic (subagent+orchestrator).
FindProfileFilesDialogue.vb,ModFileInfo,FileName,Property,,FindProfileFilesDialogue.vb:42,strong,vaultkeeper/core/constants.py | vaultkeeper/core/file_key.py | vaultkeeper/core/formats/erf_reader.py,Divergence,WinForms lifecycle/event/virtual-list/background-worker/mouse-hover plumbing.
FindProfileFilesDialogue.vb,ModFileInfo,Folder,Property,,FindProfileFilesDialogue.vb:48,strong,vaultkeeper/config/settings.py | vaultkeeper/core/constants.py | vaultkeeper/core/file_data.py,Divergence,"VB per-preference ListView-editor framework (Preferences/Config/Profiles/Locations pages, Import/Export/Reset/Undo). Bounded port = tabbed dialog + FolderMapping + status-bar profile menu. Subagent verdict: 0 MISSING user prefs (see FINDING_3_SETTINGS.md for the pref-level gap = 10 add-a-setting items)."
FindProfileFilesDialogue.vb,ModFileInfo,New,Sub,,FindProfileFilesDialogue.vb:55,strong,vaultkeeper/core/hak_patch.py | vaultkeeper/core/mapper.py | vaultkeeper/core/name_edit.py,N/A,framework/designer-generated
FindProfileFilesDialogue.vb,FindProfileFilesDialogue,FindOptions,Property,,FindProfileFilesDialogue.vb:95,none,,Ported,"port view/domain layer (details/contents/status/paste/recent/profile views, hak-patch, play-data viewer, find-files, conflicts, workshop, publish)."
FindProfileFilesDialogue.vb,FindProfileFilesDialogue,New,Sub,,FindProfileFilesDialogue.vb:128,strong,vaultkeeper/core/hak_patch.py | vaultkeeper/core/mapper.py | vaultkeeper/core/name_edit.py,N/A,framework/designer-generated
FindProfileFilesDialogue.vb,FindProfileFilesDialogue,FindModFilesDialogue_Load,Sub,MyBase.Load,FindProfileFilesDialogue.vb:161,none,,Divergence,WinForms lifecycle/event/virtual-list/background-worker/mouse-hover plumbing.
FindProfileFilesDialogue.vb,FindProfileFilesDialogue,FindProfileFilesDialogue_SizeChanged,Sub,,FindProfileFilesDialogue.vb:193,none,,Divergence,WinForms lifecycle/event/virtual-list/background-worker/mouse-hover plumbing.
FindProfileFilesDialogue.vb,FindProfileFilesDialogue,BtSelect_Click,Sub,BtSelect.Click,FindProfileFilesDialogue.vb:208,none,,Divergence,"bounded read-only viewer port: VB filters/navigation/editors/bg-workers/Windows-shell handlers intentionally not ported (PARITY.md recurring pattern). SOME are owner-confirm candidates: ModExplorer filter subsystem, PortraitManager prev/next navigation."
FindProfileFilesDialogue.vb,FindProfileFilesDialogue,BtClose_Click,Sub,BtClose.Click,FindProfileFilesDialogue.vb:253,none,,Divergence,"bounded read-only viewer port: VB filters/navigation/editors/bg-workers/Windows-shell handlers intentionally not ported (PARITY.md recurring pattern). SOME are owner-confirm candidates: ModExplorer filter subsystem, PortraitManager prev/next navigation."
FindProfileFilesDialogue.vb,FindProfileFilesDialogue,FindProfileFilesDialogue_FormClosed,Sub,Me.FormClosed,FindProfileFilesDialogue.vb:261,none,,Divergence,WinForms lifecycle/event/virtual-list/background-worker/mouse-hover plumbing.
FindProfileFilesDialogue.vb,FindProfileFilesDialogue,CbxFind_TextChanged,Sub,,FindProfileFilesDialogue.vb:273,none,,Divergence,WinForms lifecycle/event/virtual-list/background-worker/mouse-hover plumbing.
FindProfileFilesDialogue.vb,FindProfileFilesDialogue,CbMatch_CheckedChanged,Sub,"CbMatchWord.CheckedChanged, CbMatchCase.CheckedChanged",FindProfileFilesDialogue.vb:293,none,,Divergence,WinForms lifecycle/event/virtual-list/background-worker/mouse-hover plumbing.
FindProfileFilesDialogue.vb,FindProfileFilesDialogue,CmDisplayInfo_Click,Sub,CmDisplayInfo.Click,FindProfileFilesDialogue.vb:314,none,,Divergence,WinForms lifecycle/event/virtual-list/background-worker/mouse-hover plumbing.
FindProfileFilesDialogue.vb,FindProfileFilesDialogue,CmProperties_Click,Sub,CmProperties.Click,FindProfileFilesDialogue.vb:346,none,,Deferred,ModFindAndRename (dead MsFindAndRename) + DocOrganiser Properties/Reset + wizard file-threshold.
FindProfileFilesDialogue.vb,FindProfileFilesDialogue,LvFound_ItemClicked,Sub,LvFound.ItemClicked,FindProfileFilesDialogue.vb:356,none,,Divergence,WinForms lifecycle/event/virtual-list/background-worker/mouse-hover plumbing.
FindProfileFilesDialogue.vb,FindProfileFilesDialogue,LvFound_SelectedIndexChanged,Sub,LvFound.SelectedIndexChanged,FindProfileFilesDialogue.vb:366,none,,Divergence,WinForms lifecycle/event/virtual-list/background-worker/mouse-hover plumbing.
FindProfileFilesDialogue.vb,FindProfileFilesDialogue,LvFound_RetrieveVirtualItem,Sub,LvFound.RetrieveVirtualItem,FindProfileFilesDialogue.vb:391,none,,Divergence,WinForms lifecycle/event/virtual-list/background-worker/mouse-hover plumbing.
FindProfileFilesDialogue.vb,FindProfileFilesDialogue,PopulateFileList,Sub,,FindProfileFilesDialogue.vb:408,none,,Ported,"port view/domain layer (details/contents/status/paste/recent/profile views, hak-patch, play-data viewer, find-files, conflicts, workshop, publish)."
FindProfileFilesDialogue.vb,FindProfileFilesDialogue,FilterFiles,Sub,,FindProfileFilesDialogue.vb:447,none,,Ported,"port view/domain layer (details/contents/status/paste/recent/profile views, hak-patch, play-data viewer, find-files, conflicts, workshop, publish)."
FindProfileFilesDialogue.vb,FindProfileFilesDialogue,SelectDetails,Sub,,FindProfileFilesDialogue.vb:470,none,,Ported,"port view/domain layer (details/contents/status/paste/recent/profile views, hak-patch, play-data viewer, find-files, conflicts, workshop, publish)."
FindProfileFilesDialogue.vb,FindProfileFilesDialogue,SelectFileViewItem,Sub,,FindProfileFilesDialogue.vb:504,none,,Ported,"port view/domain layer (details/contents/status/paste/recent/profile views, hak-patch, play-data viewer, find-files, conflicts, workshop, publish)."
FindProfileFilesDialogue.vb,FindProfileFilesDialogue,BgGetFiles_DoWork,Sub,BgGetFiles.DoWork,FindProfileFilesDialogue.vb:525,none,,Divergence,WinForms lifecycle/event/virtual-list/background-worker/mouse-hover plumbing.
FindProfileFilesDialogue.vb,FindProfileFilesDialogue,BgGetFiles_RunWorkerCompleted,Sub,BgGetFiles.RunWorkerCompleted,FindProfileFilesDialogue.vb:544,none,,Divergence,WinForms lifecycle/event/virtual-list/background-worker/mouse-hover plumbing.
GameManager.GameManagerInfo.vb,ItemInfo,SaveCount,Property,,GameManager.GameManagerInfo.vb:24,strong,vaultkeeper/game/game_backup.py,AUTO-PORTED,
GameManager.GameManagerInfo.vb,ItemInfo,SavesSpace,Property,,GameManager.GameManagerInfo.vb:29,none,,Divergence,WinForms list/cursor/notification/bg-progress/lifecycle/mouse-hover plumbing + display-only props.
GameManager.GameManagerInfo.vb,ItemInfo,ArchivesSpace,Property,,GameManager.GameManagerInfo.vb:34,none,,Divergence,WinForms list/cursor/notification/bg-progress/lifecycle/mouse-hover plumbing + display-only props.
GameManager.GameManagerInfo.vb,ItemInfo,TotalSpace,Property,,GameManager.GameManagerInfo.vb:39,none,,Divergence,WinForms list/cursor/notification/bg-progress/lifecycle/mouse-hover plumbing + display-only props.
GameManager.GameManagerInfo.vb,ItemInfo,New,Sub,,GameManager.GameManagerInfo.vb:44,strong,vaultkeeper/core/hak_patch.py | vaultkeeper/core/mapper.py | vaultkeeper/core/name_edit.py,N/A,framework/designer-generated
GameManager.GameManagerInfo.vb,ItemInfo,Clone,Function,,GameManager.GameManagerInfo.vb:47,strong,vaultkeeper/core/change_data.py | vaultkeeper/core/file_data.py | vaultkeeper/core/mod_data.py,N/A,framework/designer-generated
GameManager.GameManagerInfo.vb,GameManagerInfo,ModName,Property,,GameManager.GameManagerInfo.vb:69,strong,vaultkeeper/core/change_data.py | vaultkeeper/core/file_key.py | vaultkeeper/core/install_manager.py,Ported,DocOrganiser/ModPlayViewer/WizardBuilder core report/view/save logic (subagent+orchestrator).
GameManager.GameManagerInfo.vb,GameManagerInfo,GameSavesName,Property,,GameManager.GameManagerInfo.vb:75,none,,Divergence,WinForms list/cursor/notification/bg-progress/lifecycle/mouse-hover plumbing + display-only props.
GameManager.GameManagerInfo.vb,GameManagerInfo,SaveCount,Property,,GameManager.GameManagerInfo.vb:80,strong,vaultkeeper/game/game_backup.py,AUTO-PORTED,
GameManager.GameManagerInfo.vb,GameManagerInfo,ItemInformation,Property,,GameManager.GameManagerInfo.vb:89,none,,Divergence,WinForms list/cursor/notification/bg-progress/lifecycle/mouse-hover plumbing + display-only props.
GameManager.GameManagerInfo.vb,GameManagerInfo,GameSaves,Property,,GameManager.GameManagerInfo.vb:94,strong,vaultkeeper/game/game_backup.py | vaultkeeper/game/game_mapper.py | vaultkeeper/game/game_saves.py,AUTO-PORTED,
GameManager.GameManagerInfo.vb,GameManagerInfo,ArchivedFolder,Property,,GameManager.GameManagerInfo.vb:99,strong,vaultkeeper/game/save_archive.py | vaultkeeper/ui/controller.py,AUTO-PORTED,
GameManager.GameManagerInfo.vb,GameManagerInfo,ArchiveFolderSize,Property,,GameManager.GameManagerInfo.vb:106,strong,vaultkeeper/game/save_archive.py,AUTO-PORTED,
GameManager.GameManagerInfo.vb,GameManagerInfo,New,Sub,,GameManager.GameManagerInfo.vb:133,strong,vaultkeeper/core/hak_patch.py | vaultkeeper/core/mapper.py | vaultkeeper/core/name_edit.py,N/A,framework/designer-generated
GameManager.GameManagerInfo.vb,GameManagerInfo,New,Sub,,GameManager.GameManagerInfo.vb:153,strong,vaultkeeper/core/hak_patch.py | vaultkeeper/core/mapper.py | vaultkeeper/core/name_edit.py,N/A,framework/designer-generated
GameManager.GameManagerInfo.vb,GameManagerInfo,New,Sub,,GameManager.GameManagerInfo.vb:165,strong,vaultkeeper/core/hak_patch.py | vaultkeeper/core/mapper.py | vaultkeeper/core/name_edit.py,N/A,framework/designer-generated
GameManager.GameManagerInfo.vb,GameManagerInfo,GetArchives,Sub,,GameManager.GameManagerInfo.vb:189,none,,Partial,bg-worker scan/size merged into sync refresh; backup-folder merge + archive-size + display-name bounded.
GameManager.GameManagerInfo.vb,GameManagerInfo,CopyArchives,Sub,,GameManager.GameManagerInfo.vb:220,none,,Divergence,WinForms list/cursor/notification/bg-progress/lifecycle/mouse-hover plumbing + display-only props.
GameManager.GameManagerInfo.vb,GameManagerInfo,UpdateStatusInfo,Sub,,GameManager.GameManagerInfo.vb:238,none,,Divergence,WinForms list/cursor/notification/bg-progress/lifecycle/mouse-hover plumbing + display-only props.
GameManager.GameManagerInfo.vb,GameManagerInfo,NwnGameSaves_Notification,Sub,,GameManager.GameManagerInfo.vb:284,none,,Divergence,WinForms list/cursor/notification/bg-progress/lifecycle/mouse-hover plumbing + display-only props.
GameManager.GameManagerInfo.vb,GameManagerInfo,BackupGameSaves_Notification,Sub,,GameManager.GameManagerInfo.vb:306,none,,Divergence,WinForms list/cursor/notification/bg-progress/lifecycle/mouse-hover plumbing + display-only props.
GameManager.GameManagerInfo.vb,GameManagerInfo,ArchiveGameSaves_Notification,Sub,,GameManager.GameManagerInfo.vb:327,none,,Divergence,WinForms list/cursor/notification/bg-progress/lifecycle/mouse-hover plumbing + display-only props.
GameManager.GameManagerInfo.vb,GameManagerInfo,DiskUsageCompleted,Sub,,GameManager.GameManagerInfo.vb:351,none,,Divergence,WinForms list/cursor/notification/bg-progress/lifecycle/mouse-hover plumbing + display-only props.
GameManager.MenuActions.vb,GameManager,ArchiveGames,Sub,,GameManager.MenuActions.vb:26,strong,vaultkeeper/game/save_archive.py | vaultkeeper/ui/controller.py | vaultkeeper/ui/dialogs/game_saves_manager.py,Divergence,"WinForms lifecycle/event/virtual-list/bg-worker + bounded-viewer extras (owner-confirm: ModPlayViewer end-level filter/recent, DocOrganiser rtf/properties)."
GameManager.MenuActions.vb,GameManager,RestoreGames,Sub,,GameManager.MenuActions.vb:180,strong,vaultkeeper/game/save_archive.py | vaultkeeper/ui/controller.py | vaultkeeper/ui/dialogs/game_saves_manager.py,Divergence,"WinForms lifecycle/event/virtual-list/bg-worker + bounded-viewer extras (owner-confirm: ModPlayViewer end-level filter/recent, DocOrganiser rtf/properties)."
GameManager.MenuActions.vb,GameManager,DeactivateGame,Function,,GameManager.MenuActions.vb:204,strong,vaultkeeper/game/game_backup.py | vaultkeeper/ui/controller.py | vaultkeeper/ui/dialogs/game_saves_manager.py,Divergence,"WinForms lifecycle/event/virtual-list/bg-worker + bounded-viewer extras (owner-confirm: ModPlayViewer end-level filter/recent, DocOrganiser rtf/properties)."
GameManager.MenuActions.vb,GameManager,ActivateGame,Sub,,GameManager.MenuActions.vb:274,strong,vaultkeeper/game/game_backup.py | vaultkeeper/ui/controller.py | vaultkeeper/ui/dialogs/game_saves_manager.py,Divergence,"WinForms lifecycle/event/virtual-list/bg-worker + bounded-viewer extras (owner-confirm: ModPlayViewer end-level filter/recent, DocOrganiser rtf/properties)."
GameManager.MenuActions.vb,GameManager,DeleteGame,Sub,,GameManager.MenuActions.vb:357,strong,vaultkeeper/game/game_backup.py | vaultkeeper/ui/controller.py | vaultkeeper/ui/dialogs/game_saves_manager.py,Divergence,"WinForms lifecycle/event/virtual-list/bg-worker + bounded-viewer extras (owner-confirm: ModPlayViewer end-level filter/recent, DocOrganiser rtf/properties)."
GameManager.MenuActions.vb,GameManager,DeleteFinished,Sub,,GameManager.MenuActions.vb:481,none,,Divergence,"WinForms lifecycle/event/virtual-list/bg-worker + bounded-viewer extras (owner-confirm: ModPlayViewer end-level filter/recent, DocOrganiser rtf/properties)."
GameManager.Methods.vb,GameManager,PopulateSaveList,Sub,,GameManager.Methods.vb:28,none,,Divergence,WinForms list/cursor/notification/bg-progress/lifecycle/mouse-hover plumbing + display-only props.
GameManager.Methods.vb,GameManager,GetDisplayName,Function,,GameManager.Methods.vb:109,none,,Partial,bg-worker scan/size merged into sync refresh; backup-folder merge + archive-size + display-name bounded.
GameManager.Methods.vb,GameManager,SanitiseGameSaves,Function,,GameManager.Methods.vb:129,none,,Deferred,SanitiseGameSaves + ValidateAndRepair (complex sync-failure recovery).
GameManager.Methods.vb,GameManager,Backup,Function,,GameManager.Methods.vb:184,strong,vaultkeeper/core/archive.py | vaultkeeper/core/formats/erf_reader.py | vaultkeeper/core/hak_patch.py,AUTO-PORTED,
GameManager.Methods.vb,GameManager,CreateBackupFolder,Function,,GameManager.Methods.vb:244,none,,Partial,bg-worker scan/size merged into sync refresh; backup-folder merge + archive-size + display-name bounded.
GameManager.Methods.vb,GameManager,Restore,Function,,GameManager.Methods.vb:313,strong,vaultkeeper/config/settings.py | vaultkeeper/core/archive.py | vaultkeeper/core/change_data.py,AUTO-PORTED,
GameManager.Methods.vb,GameManager,AddItems,Sub,,GameManager.Methods.vb:380,strong,vaultkeeper/ui/dialogs/download_project.py | vaultkeeper/ui/dialogs/folder_mapping.py | vaultkeeper/ui/dialogs/settings_dialog.py,AUTO-PORTED,
GameManager.Methods.vb,GameManager,SortDisplayedGames,Sub,,GameManager.Methods.vb:433,none,,Divergence,WinForms list/cursor/notification/bg-progress/lifecycle/mouse-hover plumbing + display-only props.
GameManager.Methods.vb,GameManager,DisplaySavesList,Sub,,GameManager.Methods.vb:496,none,,Divergence,WinForms list/cursor/notification/bg-progress/lifecycle/mouse-hover plumbing + display-only props.
GameManager.Methods.vb,GameManager,WaitCursor,Sub,,GameManager.Methods.vb:532,comment,vaultkeeper/ui/menu_bar.py,AUTO-PORTED,matched in comment/docstring
GameManager.Methods.vb,GameManager,RestoreCursor,Sub,,GameManager.Methods.vb:542,none,,Divergence,WinForms list/cursor/notification/bg-progress/lifecycle/mouse-hover plumbing + display-only props.
GameManager.Methods.vb,GameManager,SetCursor,Sub,,GameManager.Methods.vb:553,strong,vaultkeeper/ui/ribbon.py | vaultkeeper/ui/status_bar.py,AUTO-PORTED,
GameManager.Methods.vb,GameManager,DoEvents,Sub,,GameManager.Methods.vb:567,none,,Divergence,WinForms list/cursor/notification/bg-progress/lifecycle/mouse-hover plumbing + display-only props.
GameManager.Methods.vb,GameManager,ArchiveRestoreAvailability,Sub,,GameManager.Methods.vb:583,none,,Divergence,WinForms list/cursor/notification/bg-progress/lifecycle/mouse-hover plumbing + display-only props.
GameManager.Methods.vb,GameManager,ReadLocation,Function,,GameManager.Methods.vb:597,none,,Ported,GameSaves data model + backup/restore/archive/location (game_saves/game_backup/save_archive).
GameManager.Methods.vb,GameManager,ValidateAndRepair,Sub,,GameManager.Methods.vb:626,none,,Deferred,SanitiseGameSaves + ValidateAndRepair (complex sync-failure recovery).
GameManager.Properties.vb,GameManager,StatusMessageText,Property,,GameManager.Properties.vb:42,none,,Divergence,"WinForms lifecycle/event/virtual-list/bg-worker + bounded-viewer extras (owner-confirm: ModPlayViewer end-level filter/recent, DocOrganiser rtf/properties)."
GameManager.Properties.vb,GameManager,AutoBackupText,Property,,GameManager.Properties.vb:47,none,,Divergence,"WinForms lifecycle/event/virtual-list/bg-worker + bounded-viewer extras (owner-confirm: ModPlayViewer end-level filter/recent, DocOrganiser rtf/properties)."
GameManager.Properties.vb,GameManager,ItemSpaceUsageVisible,Property,,GameManager.Properties.vb:58,none,,Divergence,"WinForms lifecycle/event/virtual-list/bg-worker + bounded-viewer extras (owner-confirm: ModPlayViewer end-level filter/recent, DocOrganiser rtf/properties)."
GameManager.Properties.vb,GameManager,GameSavesExists,Property,,GameManager.Properties.vb:71,none,,Divergence,"WinForms lifecycle/event/virtual-list/bg-worker + bounded-viewer extras (owner-confirm: ModPlayViewer end-level filter/recent, DocOrganiser rtf/properties)."
GameManager.Properties.vb,GameManager,ItemCountAndSpaceUsage,Property,,GameManager.Properties.vb:76,none,,Divergence,"WinForms lifecycle/event/virtual-list/bg-worker + bounded-viewer extras (owner-confirm: ModPlayViewer end-level filter/recent, DocOrganiser rtf/properties)."
GameManager.Properties.vb,GameManager,FinishedEnabled,Property,,GameManager.Properties.vb:102,none,,Divergence,"WinForms lifecycle/event/virtual-list/bg-worker + bounded-viewer extras (owner-confirm: ModPlayViewer end-level filter/recent, DocOrganiser rtf/properties)."
GameManager.Properties.vb,GameManager,GameModName,Property,,GameManager.Properties.vb:129,none,,Divergence,"WinForms lifecycle/event/virtual-list/bg-worker + bounded-viewer extras (owner-confirm: ModPlayViewer end-level filter/recent, DocOrganiser rtf/properties)."
GameManager.Properties.vb,GameManager,TotalBackupSize,Property,,GameManager.Properties.vb:202,strong,vaultkeeper/ui/controller.py,Divergence,"WinForms lifecycle/event/virtual-list/bg-worker + bounded-viewer extras (owner-confirm: ModPlayViewer end-level filter/recent, DocOrganiser rtf/properties)."
GameManager.Properties.vb,GameManager,TotalArchiveSize,Property,,GameManager.Properties.vb:222,none,,Divergence,"WinForms lifecycle/event/virtual-list/bg-worker + bounded-viewer extras (owner-confirm: ModPlayViewer end-level filter/recent, DocOrganiser rtf/properties)."
GameManager.Properties.vb,GameManager,ActiveGameKey,Property,,GameManager.Properties.vb:241,none,,Divergence,"WinForms lifecycle/event/virtual-list/bg-worker + bounded-viewer extras (owner-confirm: ModPlayViewer end-level filter/recent, DocOrganiser rtf/properties)."
GameManager.Properties.vb,GameManager,ActiveGame,Property,,GameManager.Properties.vb:250,strong,vaultkeeper/game/save_archive.py,Divergence,"WinForms lifecycle/event/virtual-list/bg-worker + bounded-viewer extras (owner-confirm: ModPlayViewer end-level filter/recent, DocOrganiser rtf/properties)."
GameManager.Properties.vb,GameManager,ActiveGameSaves,Property,,GameManager.Properties.vb:260,none,,Divergence,"WinForms lifecycle/event/virtual-list/bg-worker + bounded-viewer extras (owner-confirm: ModPlayViewer end-level filter/recent, DocOrganiser rtf/properties)."
GameManager.Properties.vb,GameManager,UninstallMods,Property,,GameManager.Properties.vb:269,none,,Ported,confirmed in port (install/uninstall/deps/erf/leto/editions/tga/skills/playdata/theme).
GameManager.vb,GameManager,RedoBackupFolder,Property,,GameManager.vb:28,none,,Divergence,"WinForms lifecycle/event/virtual-list/bg-worker + bounded-viewer extras (owner-confirm: ModPlayViewer end-level filter/recent, DocOrganiser rtf/properties)."
GameManager.vb,GameManager,GiveFvModsFocus,Property,,GameManager.vb:37,none,,Divergence,"WinForms lifecycle/event/virtual-list/bg-worker + bounded-viewer extras (owner-confirm: ModPlayViewer end-level filter/recent, DocOrganiser rtf/properties)."
GameManager.vb,GameManager,GameManager_Load,Sub,MyBase.Load,GameManager.vb:72,none,,Divergence,"WinForms lifecycle/event/virtual-list/bg-worker + bounded-viewer extras (owner-confirm: ModPlayViewer end-level filter/recent, DocOrganiser rtf/properties)."
GameManager.vb,GameManager,GameManager_Shown,Sub,Me.Shown,GameManager.vb:166,none,,Divergence,"WinForms lifecycle/event/virtual-list/bg-worker + bounded-viewer extras (owner-confirm: ModPlayViewer end-level filter/recent, DocOrganiser rtf/properties)."
GameManager.vb,GameManager,GameManager_KeyUp,Sub,Me.KeyUp,GameManager.vb:202,none,,Divergence,"WinForms lifecycle/event/virtual-list/bg-worker + bounded-viewer extras (owner-confirm: ModPlayViewer end-level filter/recent, DocOrganiser rtf/properties)."
GameManager.vb,GameManager,BtClose_Click,Sub,BtClose.Click,GameManager.vb:218,none,,Divergence,"bounded read-only viewer port: VB filters/navigation/editors/bg-workers/Windows-shell handlers intentionally not ported (PARITY.md recurring pattern). SOME are owner-confirm candidates: ModExplorer filter subsystem, PortraitManager prev/next navigation."
GameManager.vb,GameManager,NudKeep_ValueChanged,Sub,,GameManager.vb:237,none,,Divergence,"WinForms lifecycle/event/virtual-list/bg-worker + bounded-viewer extras (owner-confirm: ModPlayViewer end-level filter/recent, DocOrganiser rtf/properties)."
GameManager.vb,GameManager,LvGames_Enter,Sub,LvGames.Enter,GameManager.vb:255,none,,Divergence,"WinForms lifecycle/event/virtual-list/bg-worker + bounded-viewer extras (owner-confirm: ModPlayViewer end-level filter/recent, DocOrganiser rtf/properties)."
GameManager.vb,GameManager,LvGames_SelectedIndexChanged,Sub,LvGames.SelectedIndexChanged,GameManager.vb:271,none,,Divergence,"WinForms lifecycle/event/virtual-list/bg-worker + bounded-viewer extras (owner-confirm: ModPlayViewer end-level filter/recent, DocOrganiser rtf/properties)."
GameManager.vb,GameManager,LvGames_ItemClicked,Sub,LvGames.ItemClicked,GameManager.vb:304,none,,Divergence,"WinForms lifecycle/event/virtual-list/bg-worker + bounded-viewer extras (owner-confirm: ModPlayViewer end-level filter/recent, DocOrganiser rtf/properties)."
GameManager.vb,GameManager,LvGames_ItemChecked,Sub,LvGames.ItemChecked,GameManager.vb:332,none,,Divergence,"WinForms lifecycle/event/virtual-list/bg-worker + bounded-viewer extras (owner-confirm: ModPlayViewer end-level filter/recent, DocOrganiser rtf/properties)."
GameManager.vb,GameManager,FvGameSaves_Enter,Sub,FvGameSaves.Enter,GameManager.vb:357,none,,Divergence,"WinForms lifecycle/event/virtual-list/bg-worker + bounded-viewer extras (owner-confirm: ModPlayViewer end-level filter/recent, DocOrganiser rtf/properties)."
GameManager.vb,GameManager,FvGameSaves_SelectedIndexChanged,Sub,FvGameSaves.SelectedIndexChanged,GameManager.vb:374,none,,Divergence,"WinForms lifecycle/event/virtual-list/bg-worker + bounded-viewer extras (owner-confirm: ModPlayViewer end-level filter/recent, DocOrganiser rtf/properties)."
GameManager.vb,GameManager,FvGameSaves_Leave,Sub,FvGameSaves.Leave,GameManager.vb:399,none,,Divergence,"WinForms lifecycle/event/virtual-list/bg-worker + bounded-viewer extras (owner-confirm: ModPlayViewer end-level filter/recent, DocOrganiser rtf/properties)."
GameManager.vb,GameManager,CmOpen_Click,Sub,"CmOpen.Click, TsOpen.Click",GameManager.vb:407,none,,Divergence,"WinForms lifecycle/event/virtual-list/bg-worker + bounded-viewer extras (owner-confirm: ModPlayViewer end-level filter/recent, DocOrganiser rtf/properties)."
GameManager.vb,GameManager,CmCharacterSummary_Click,Sub,"CmCharacterSummary.Click, TsCharacterSummary.Click",GameManager.vb:441,none,,Divergence,"WinForms lifecycle/event/virtual-list/bg-worker + bounded-viewer extras (owner-confirm: ModPlayViewer end-level filter/recent, DocOrganiser rtf/properties)."
GameManager.vb,GameManager,LpGameList_MouseHover,Sub,"LpGameList.MouseHover, LbLocation.MouseHover",GameManager.vb:454,none,,Divergence,"WinForms lifecycle/event/virtual-list/bg-worker + bounded-viewer extras (owner-confirm: ModPlayViewer end-level filter/recent, DocOrganiser rtf/properties)."
GameManager.vb,GameManager,LpGameList_MouseLeave,Sub,LpGameList.MouseLeave,GameManager.vb:469,none,,Divergence,"WinForms lifecycle/event/virtual-list/bg-worker + bounded-viewer extras (owner-confirm: ModPlayViewer end-level filter/recent, DocOrganiser rtf/properties)."
GameManager.vb,GameManager,BhGameManager_Click,Sub,BhGameManager.Click,GameManager.vb:486,none,,Divergence,"WinForms lifecycle/event/virtual-list/bg-worker + bounded-viewer extras (owner-confirm: ModPlayViewer end-level filter/recent, DocOrganiser rtf/properties)."
GameManager.vb,GameManager,TsArchive_Click,Sub,TsArchive.Click,GameManager.vb:495,none,,Partial,"WizardBuilder transfer/display + GameManager archive/restore/activate/deactivate/delete actions (core ported, VB wiring divergent)."
GameManager.vb,GameManager,TsRestore_Click,Sub,TsRestore.Click,GameManager.vb:508,none,,Partial,"WizardBuilder transfer/display + GameManager archive/restore/activate/deactivate/delete actions (core ported, VB wiring divergent)."
GameManager.vb,GameManager,TsActivate_Click,Sub,TsActivate.Click,GameManager.vb:549,none,,Partial,"WizardBuilder transfer/display + GameManager archive/restore/activate/deactivate/delete actions (core ported, VB wiring divergent)."
GameManager.vb,GameManager,TsActivate_MouseUp,Sub,TsActivate.MouseUp,GameManager.vb:572,none,,Divergence,"WinForms lifecycle/event/virtual-list/bg-worker + bounded-viewer extras (owner-confirm: ModPlayViewer end-level filter/recent, DocOrganiser rtf/properties)."
GameManager.vb,GameManager,TsDeactivate_Click,Sub,TsDeactivate.Click,GameManager.vb:638,none,,Partial,"WizardBuilder transfer/display + GameManager archive/restore/activate/deactivate/delete actions (core ported, VB wiring divergent)."
GameManager.vb,GameManager,TsDeactivate_MouseUp,Sub,TsDeactivate.MouseUp,GameManager.vb:654,none,,Divergence,"WinForms lifecycle/event/virtual-list/bg-worker + bounded-viewer extras (owner-confirm: ModPlayViewer end-level filter/recent, DocOrganiser rtf/properties)."
GameManager.vb,GameManager,TsDelete_Click,Sub,TsDelete.Click,GameManager.vb:681,none,,Partial,"WizardBuilder transfer/display + GameManager archive/restore/activate/deactivate/delete actions (core ported, VB wiring divergent)."
GameManager.vb,GameManager,TsFinished_Click,Sub,TsFinished.Click,GameManager.vb:703,none,,Divergence,"WinForms lifecycle/event/virtual-list/bg-worker + bounded-viewer extras (owner-confirm: ModPlayViewer end-level filter/recent, DocOrganiser rtf/properties)."
GameManager.vb,GameManager,ProcessCmdKey,Function,,GameManager.vb:734,none,,Divergence,"bounded read-only viewer port: VB filters/navigation/editors/bg-workers/Windows-shell handlers intentionally not ported (PARITY.md recurring pattern). SOME are owner-confirm candidates: ModExplorer filter subsystem, PortraitManager prev/next navigation."
GameManagerRestore.vb,GameManagerRestore,SelectedRange,Property,,GameManagerRestore.vb:50,none,,Divergence,WinForms list/cursor/notification/bg-progress/lifecycle/mouse-hover plumbing + display-only props.
GameManagerRestore.vb,GameManagerRestore,SelectedRangeDisplayName,Property,,GameManagerRestore.vb:55,none,,Divergence,WinForms list/cursor/notification/bg-progress/lifecycle/mouse-hover plumbing + display-only props.
GameManagerRestore.vb,GameManagerRestore,ShowDialog,Function,,GameManagerRestore.vb:70,strong,vaultkeeper/ui/dialogs/about.py | vaultkeeper/ui/dialogs/classes_skills_feats.py | vaultkeeper/ui/main_window.py,Ported,DocOrganiser/ModPlayViewer/WizardBuilder core report/view/save logic (subagent+orchestrator).
GameManagerRestore.vb,GameManagerRestore,GameManagerRestore_Load,Sub,MyBase.Load,GameManagerRestore.vb:88,none,,Divergence,WinForms list/cursor/notification/bg-progress/lifecycle/mouse-hover plumbing + display-only props.
GameManagerRestore.vb,GameManagerRestore,RenameRangeDisplayNames,Sub,,GameManagerRestore.vb:149,none,,Divergence,WinForms list/cursor/notification/bg-progress/lifecycle/mouse-hover plumbing + display-only props.
GameManagerRestore.vb,GameManagerRestore,BtDelete_Click,Sub,BtDelete.Click,GameManagerRestore.vb:166,none,,Partial,"WizardBuilder transfer/display + GameManager archive/restore/activate/deactivate/delete actions (core ported, VB wiring divergent)."
GameManagerRestore.vb,GameManagerRestore,BtRestore_Click,Sub,BtRestore.Click,GameManagerRestore.vb:218,none,,Divergence,WinForms list/cursor/notification/bg-progress/lifecycle/mouse-hover plumbing + display-only props.
GameManagerRestore.vb,GameManagerRestore,BtClose_Click,Sub,BtClose.Click,GameManagerRestore.vb:230,none,,Divergence,"bounded read-only viewer port: VB filters/navigation/editors/bg-workers/Windows-shell handlers intentionally not ported (PARITY.md recurring pattern). SOME are owner-confirm candidates: ModExplorer filter subsystem, PortraitManager prev/next navigation."
GameManagerRestore.vb,GameManagerRestore,FvRanges_ItemSelectionChanged,Sub,FvRanges.ItemSelectionChanged,GameManagerRestore.vb:240,none,,Divergence,WinForms list/cursor/notification/bg-progress/lifecycle/mouse-hover plumbing + display-only props.
GameManagerRestore.vb,GameManagerRestore,FvGameSaves_Enter,Sub,FvGameSaves.Enter,GameManagerRestore.vb:252,none,,Divergence,"WinForms lifecycle/event/virtual-list/bg-worker + bounded-viewer extras (owner-confirm: ModPlayViewer end-level filter/recent, DocOrganiser rtf/properties)."
GameManagerRestore.vb,GameManagerRestore,FvGameSaves_ItemSelectionChanged,Sub,FvGameSaves.ItemSelectionChanged,GameManagerRestore.vb:263,none,,Divergence,WinForms list/cursor/notification/bg-progress/lifecycle/mouse-hover plumbing + display-only props.
GameManagerRestore.vb,GameManagerRestore,FvGameSaves_KeyPress,Sub,FvGameSaves.KeyPress,GameManagerRestore.vb:278,none,,Divergence,WinForms list/cursor/notification/bg-progress/lifecycle/mouse-hover plumbing + display-only props.
GameManagerRestore.vb,GameManagerRestore,FvGameSaves_Leave,Sub,FvGameSaves.Leave,GameManagerRestore.vb:289,none,,Divergence,"WinForms lifecycle/event/virtual-list/bg-worker + bounded-viewer extras (owner-confirm: ModPlayViewer end-level filter/recent, DocOrganiser rtf/properties)."
GameManagerRestore.vb,GameManagerRestore,LbLocation_MouseHover,Sub,"LbLocation.MouseHover, LbRange.MouseHover, LbLocationHdg.MouseHover,",GameManagerRestore.vb:297,none,,Divergence,WinForms list/cursor/notification/bg-progress/lifecycle/mouse-hover plumbing + display-only props.
GameManagerRestore.vb,GameManagerRestore,MouseIsOverTipControl,Function,,GameManagerRestore.vb:313,none,,Divergence,WinForms list/cursor/notification/bg-progress/lifecycle/mouse-hover plumbing + display-only props.
GameManagerRestore.vb,GameManagerRestore,LbLocation_MouseLeave,Sub,"LbLocation.MouseLeave, LbRange.MouseLeave, LbLocationHdg.MouseLeave,",GameManagerRestore.vb:323,none,,Divergence,WinForms list/cursor/notification/bg-progress/lifecycle/mouse-hover plumbing + display-only props.
GameManagerRestore.vb,GameManagerRestore,LpActions_MouseMove,Sub,LpActions.MouseMove,GameManagerRestore.vb:337,none,,Divergence,WinForms lifecycle/event/virtual-list/background-worker/mouse-hover plumbing.
GameManagerRestore.vb,GameManagerRestore,CmOpen_Click,Sub,"CmOpen.Click, TsOpen.Click",GameManagerRestore.vb:350,none,,Divergence,"WinForms lifecycle/event/virtual-list/bg-worker + bounded-viewer extras (owner-confirm: ModPlayViewer end-level filter/recent, DocOrganiser rtf/properties)."
GameManagerRestore.vb,GameManagerRestore,CmCharacterSummary_Click,Sub,"CmCharacterSummary.Click, TsCharacterSummary.Click",GameManagerRestore.vb:359,none,,Divergence,"WinForms lifecycle/event/virtual-list/bg-worker + bounded-viewer extras (owner-confirm: ModPlayViewer end-level filter/recent, DocOrganiser rtf/properties)."
GameMapper.Defs.vb,GameMapper,FileScanCurrent,Property,,GameMapper.Defs.vb:44,strong,vaultkeeper/game/game_mapper.py,AUTO-PORTED,
GameMapper.Defs.vb,GameMapper,GameMapData,Property,,GameMapper.Defs.vb:100,strong,vaultkeeper/game/game_mapper.py,AUTO-PORTED,
GameMapper.Defs.vb,GameMapper,UserResponsesFile,Property,,GameMapper.Defs.vb:109,none,,GAP?,
GameMapper.Internal.vb,GameMapper,Load,Function,,GameMapper.Internal.vb:30,strong,vaultkeeper/config/settings.py | vaultkeeper/core/formats/tga_reader.py | vaultkeeper/core/hak_patch.py,AUTO-PORTED,
GameMapper.Internal.vb,GameMapper,Save,Sub,,GameMapper.Internal.vb:71,strong,vaultkeeper/config/settings.py | vaultkeeper/core/change_data.py | vaultkeeper/core/install_manager.py,AUTO-PORTED,
GameMapper.Internal.vb,GameMapper,GetDescriptionFromFile,Function,,GameMapper.Internal.vb:106,none,,GAP?,
GameMapper.Internal.vb,GameMapper,IsNotPatch,Function,,GameMapper.Internal.vb:125,strong,vaultkeeper/game/game_mapper.py,AUTO-PORTED,
GameMapper.Internal.vb,GameMapper,IsNotPatch,Function,,GameMapper.Internal.vb:156,strong,vaultkeeper/game/game_mapper.py,AUTO-PORTED,
GameMapper.Internal.vb,GameMapper,AskUser,Function,,GameMapper.Internal.vb:188,strong,vaultkeeper/ui/prompter.py,AUTO-PORTED,
GameMapper.Internal.vb,GameMapper,FindModNames,Function,,GameMapper.Internal.vb:237,strong,vaultkeeper/game/game_mapper.py,AUTO-PORTED,
GameMapper.Internal.vb,GameMapper,ValidateName,Function,,GameMapper.Internal.vb:270,strong,vaultkeeper/core/name_edit.py | vaultkeeper/game/start_screen.py | vaultkeeper/ui/controller.py,Divergence,WinForms event/progress/UI plumbing refactored into controller/vault + bounded viewer (search/copy-paste/nav). Owner-confirm candidates: StartScreen export/copy-paste/search.
GameMapper.Internal.vb,GameMapper,GetSaveInfo,Function,,GameMapper.Internal.vb:297,none,,GAP?,
GameMapper.ModFileInfo.vb,ModFileInfo,SaveName,Property,,GameMapper.ModFileInfo.vb:24,strong,vaultkeeper/game/game_mapper.py | vaultkeeper/game/module_reader.py | vaultkeeper/game/play_data_manager.py,AUTO-PORTED,
GameMapper.ModFileInfo.vb,ModFileInfo,Description,Property,,GameMapper.ModFileInfo.vb:29,strong,vaultkeeper/game/character_filter.py | vaultkeeper/game/character_reference.py | vaultkeeper/game/game_mapper.py,Divergence,"VB per-preference ListView-editor framework (Preferences/Config/Profiles/Locations pages, Import/Export/Reset/Undo). Bounded port = tabbed dialog + FolderMapping + status-bar profile menu. Subagent verdict: 0 MISSING user prefs (see FINDING_3_SETTINGS.md for the pref-level gap = 10 add-a-setting items)."
GameMapper.ModFileInfo.vb,ModFileInfo,Profile,Property,,GameMapper.ModFileInfo.vb:34,strong,vaultkeeper/app_paths.py | vaultkeeper/config/settings.py | vaultkeeper/core/constants.py,AUTO-PORTED,
GameMapper.ModFileInfo.vb,ModFileInfo,ModName,Property,,GameMapper.ModFileInfo.vb:39,strong,vaultkeeper/core/change_data.py | vaultkeeper/core/file_key.py | vaultkeeper/core/install_manager.py,Ported,DocOrganiser/ModPlayViewer/WizardBuilder core report/view/save logic (subagent+orchestrator).
GameMapper.ModFileInfo.vb,ModFileInfo,ModUpdated,Property,,GameMapper.ModFileInfo.vb:44,strong,vaultkeeper/game/game_mapper.py,AUTO-PORTED,
GameMapper.ModFileInfo.vb,ModFileInfo,New,Sub,,GameMapper.ModFileInfo.vb:49,strong,vaultkeeper/core/hak_patch.py | vaultkeeper/core/mapper.py | vaultkeeper/core/name_edit.py,N/A,framework/designer-generated
GameMapper.ModFileInfo.vb,ModFileInfo,Clone,Function,,GameMapper.ModFileInfo.vb:56,strong,vaultkeeper/core/change_data.py | vaultkeeper/core/file_data.py | vaultkeeper/core/mod_data.py,N/A,framework/designer-generated
GameMapper.SaveNameInfo.vb,SaveNameInfo,ModFiles,Property,,GameMapper.SaveNameInfo.vb:24,strong,vaultkeeper/core/file_data.py | vaultkeeper/core/install_manager.py | vaultkeeper/core/profile_data.py,AUTO-PORTED,
GameMapper.SaveNameInfo.vb,SaveNameInfo,New,Sub,,GameMapper.SaveNameInfo.vb:29,strong,vaultkeeper/core/hak_patch.py | vaultkeeper/core/mapper.py | vaultkeeper/core/name_edit.py,N/A,framework/designer-generated
GameMapper.SaveNameInfo.vb,SaveNameInfo,Add,Sub,,GameMapper.SaveNameInfo.vb:42,strong,vaultkeeper/core/change_data.py | vaultkeeper/core/formats/bic_reader.py | vaultkeeper/core/formats/tga_reader.py,AUTO-PORTED,
GameMapper.SaveNameInfo.vb,SaveNameInfo,Clone,Function,,GameMapper.SaveNameInfo.vb:85,strong,vaultkeeper/core/change_data.py | vaultkeeper/core/file_data.py | vaultkeeper/core/mod_data.py,N/A,framework/designer-generated
GameMapper.UserResponses.vb,UserResponses,ModChoices,Property,,GameMapper.UserResponses.vb:31,strong,vaultkeeper/game/game_mapper.py | vaultkeeper/ui/controller.py,AUTO-PORTED,
GameMapper.UserResponses.vb,UserResponses,LogToModNames,Property,,GameMapper.UserResponses.vb:36,strong,vaultkeeper/game/game_mapper.py | vaultkeeper/ui/controller.py,AUTO-PORTED,
GameMapper.UserResponses.vb,UserResponses,SavToModNames,Property,,GameMapper.UserResponses.vb:41,strong,vaultkeeper/game/game_mapper.py | vaultkeeper/ui/controller.py,AUTO-PORTED,
GameMapper.UserResponses.vb,UserResponses,ProfileChoices,Property,,GameMapper.UserResponses.vb:46,strong,vaultkeeper/game/game_mapper.py | vaultkeeper/ui/controller.py,AUTO-PORTED,
GameMapper.UserResponses.vb,UserResponses,New,Sub,,GameMapper.UserResponses.vb:54,strong,vaultkeeper/core/hak_patch.py | vaultkeeper/core/mapper.py | vaultkeeper/core/name_edit.py,N/A,framework/designer-generated
GameMapper.UserResponses.vb,UserResponses,Load,Sub,,GameMapper.UserResponses.vb:65,strong,vaultkeeper/config/settings.py | vaultkeeper/core/formats/tga_reader.py | vaultkeeper/core/hak_patch.py,AUTO-PORTED,
GameMapper.UserResponses.vb,UserResponses,Save,Sub,,GameMapper.UserResponses.vb:119,strong,vaultkeeper/config/settings.py | vaultkeeper/core/change_data.py | vaultkeeper/core/install_manager.py,AUTO-PORTED,
GameMapper.UserResponses.vb,UserResponses,Add,Function,,GameMapper.UserResponses.vb:147,strong,vaultkeeper/core/change_data.py | vaultkeeper/core/formats/bic_reader.py | vaultkeeper/core/formats/tga_reader.py,AUTO-PORTED,
GameMapper.UserResponses.vb,UserResponses,Add,Sub,,GameMapper.UserResponses.vb:190,strong,vaultkeeper/core/change_data.py | vaultkeeper/core/formats/bic_reader.py | vaultkeeper/core/formats/tga_reader.py,AUTO-PORTED,
GameMapper.UserResponses.vb,UserResponses,RenameMod,Sub,,GameMapper.UserResponses.vb:205,strong,vaultkeeper/core/profile_data.py | vaultkeeper/game/game_mapper.py | vaultkeeper/game/play_data_manager.py,Ported,install engine + rename + analyser browser report (subagent-swept).
GameMapper.UserResponses.vb,UserResponses,PopulateListView,Sub,,GameMapper.UserResponses.vb:258,none,,GAP?,
GameMapper.UserResponses.vb,UserResponses,UpdateFromListView,Sub,,GameMapper.UserResponses.vb:313,none,,GAP?,
GameMapper.Workers.vb,GameMapper,BgModScanner_DoWork,Sub,BgModScanner.DoWork,GameMapper.Workers.vb:27,none,,GAP?,
GameMapper.Workers.vb,GameMapper,BgModScanner_ProgressChanged,Sub,BgModScanner.ProgressChanged,GameMapper.Workers.vb:55,none,,GAP?,
GameMapper.Workers.vb,GameMapper,ScanProfiles,Function,,GameMapper.Workers.vb:73,strong,vaultkeeper/game/game_mapper.py,AUTO-PORTED,
GameMapper.Workers.vb,GameMapper,ModFileExists,Function,,GameMapper.Workers.vb:129,none,,GAP?,
GameMapper.Workers.vb,GameMapper,IgnoreModFile,Function,,GameMapper.Workers.vb:150,strong,vaultkeeper/game/game_mapper.py,AUTO-PORTED,
GameMapper.vb,GameMapper,New,Sub,,GameMapper.vb:34,strong,vaultkeeper/core/hak_patch.py | vaultkeeper/core/mapper.py | vaultkeeper/core/name_edit.py,N/A,framework/designer-generated
GameMapper.vb,GameMapper,CreateMapEntries,Sub,,GameMapper.vb:67,strong,vaultkeeper/game/game_mapper.py,AUTO-PORTED,
GameMapper.vb,GameMapper,GetModDescription,Function,,GameMapper.vb:120,strong,vaultkeeper/game/game_mapper.py,AUTO-PORTED,
GameMapper.vb,GameMapper,LogNameToModName,Function,,GameMapper.vb:160,strong,vaultkeeper/game/client_log.py | vaultkeeper/game/game_mapper.py | vaultkeeper/ui/play_loop.py,AUTO-PORTED,
GameMapper.vb,GameMapper,GetModFromLogName,Function,,GameMapper.vb:182,none,,Ported,"domain layer ported Phase 1-5 (ModData mutators, play-data, vault scraper/rules parsing, GameMapper resolution)."
GameMapper.vb,GameMapper,GetModFromLogFilename,Function,,GameMapper.vb:290,none,,Ported,"domain layer ported Phase 1-5 (ModData mutators, play-data, vault scraper/rules parsing, GameMapper resolution)."
GameMapper.vb,GameMapper,SaveNameToModName,Function,,GameMapper.vb:337,strong,vaultkeeper/game/client_log.py | vaultkeeper/game/game_mapper.py | vaultkeeper/game/play_data_manager.py,AUTO-PORTED,
GameMapper.vb,GameMapper,GetModFromSaveName,Function,,GameMapper.vb:364,none,,Ported,"domain layer ported Phase 1-5 (ModData mutators, play-data, vault scraper/rules parsing, GameMapper resolution)."
GameMapper.vb,GameMapper,IsSaveName,Function,,GameMapper.vb:466,strong,vaultkeeper/game/game_mapper.py,AUTO-PORTED,
GameMapper.vb,GameMapper,IsModName,Function,,GameMapper.vb:481,strong,vaultkeeper/game/game_mapper.py,AUTO-PORTED,
GameMapper.vb,GameMapper,Clear,Sub,,GameMapper.vb:508,strong,vaultkeeper/core/change_data.py | vaultkeeper/core/profile_data.py | vaultkeeper/game/game_mapper.py,AUTO-PORTED,
GameMapper.vb,GameMapper,RenameMod,Sub,,GameMapper.vb:527,strong,vaultkeeper/core/profile_data.py | vaultkeeper/game/game_mapper.py | vaultkeeper/game/play_data_manager.py,Ported,install engine + rename + analyser browser report (subagent-swept).
GameMapper.vb,GameMapper,RenameModFile,Sub,,GameMapper.vb:581,strong,vaultkeeper/game/game_mapper.py,AUTO-PORTED,
GameMapper.vb,GameMapper,ResetRefreshTime,Sub,,GameMapper.vb:609,strong,vaultkeeper/game/game_mapper.py,AUTO-PORTED,
GameMapper.vb,GameMapper,Refresh,Sub,,GameMapper.vb:622,strong,vaultkeeper/game/game_mapper.py | vaultkeeper/game/game_saves.py | vaultkeeper/ui/controller.py,AUTO-PORTED,
GameMapper.vb,GameMapper,DisplayReport,Sub,,GameMapper.vb:663,none,,Divergence,UI status/progress + WinForms background-worker plumbing (CRC compute engine itself is ported in core).
GameMapper.vb,GameMapper,PopulateUserResponses,Sub,,GameMapper.vb:707,strong,vaultkeeper/ui/controller.py,AUTO-PORTED,
GameMapper.vb,GameMapper,UpdateUserResponses,Sub,,GameMapper.vb:723,none,,Ported,"domain layer ported Phase 1-5 (ModData mutators, play-data, vault scraper/rules parsing, GameMapper resolution)."
GameSaveInfo.vb,GameSaveInfo,FolderType,Property,,GameSaveInfo.vb:32,strong,vaultkeeper/game/game_saves.py,AUTO-PORTED,
GameSaveInfo.vb,GameSaveInfo,FullName,Property,,GameSaveInfo.vb:37,strong,vaultkeeper/core/profile_data.py | vaultkeeper/game/documentation.py | vaultkeeper/game/game_backup.py,AUTO-PORTED,
GameSaveInfo.vb,GameSaveInfo,Number,Property,,GameSaveInfo.vb:42,strong,vaultkeeper/config/settings.py | vaultkeeper/core/formatting.py | vaultkeeper/game/character.py,AUTO-PORTED,
GameSaveInfo.vb,GameSaveInfo,Saved,Property,,GameSaveInfo.vb:48,strong,vaultkeeper/config/settings.py | vaultkeeper/core/change_data.py | vaultkeeper/core/constants.py,AUTO-PORTED,
GameSaveInfo.vb,GameSaveInfo,ByteSize,Property,,GameSaveInfo.vb:53,strong,vaultkeeper/core/file_data.py | vaultkeeper/core/hak_patch.py | vaultkeeper/core/install_manager.py,AUTO-PORTED,
GameSaveInfo.vb,GameSaveInfo,Name,Property,,GameSaveInfo.vb:71,strong,vaultkeeper/config/settings.py | vaultkeeper/core/archive.py | vaultkeeper/core/change_data.py,AUTO-PORTED,
GameSaveInfo.vb,GameSaveInfo,GameSaveName,Property,,GameSaveInfo.vb:76,strong,vaultkeeper/game/game_saves.py | vaultkeeper/ui/controller.py,AUTO-PORTED,
GameSaveInfo.vb,GameSaveInfo,Location,Property,,GameSaveInfo.vb:81,strong,vaultkeeper/core/formats/erf_reader.py | vaultkeeper/core/profile_data.py | vaultkeeper/game/documentation.py,AUTO-PORTED,
GameSaveInfo.vb,GameSaveInfo,SaveType,Property,,GameSaveInfo.vb:86,strong,vaultkeeper/game/game_saves.py | vaultkeeper/game/save_archive.py | vaultkeeper/ui/controller.py,AUTO-PORTED,
GameSaveInfo.vb,GameSaveInfo,ErrorMessages,Property,,GameSaveInfo.vb:91,strong,vaultkeeper/game/game_saves.py,AUTO-PORTED,
GameSaveInfo.vb,GameSaveInfo,New,Sub,,GameSaveInfo.vb:101,strong,vaultkeeper/core/hak_patch.py | vaultkeeper/core/mapper.py | vaultkeeper/core/name_edit.py,N/A,framework/designer-generated
GameSaveInfo.vb,GameSaveInfo,New,Sub,,GameSaveInfo.vb:120,strong,vaultkeeper/core/hak_patch.py | vaultkeeper/core/mapper.py | vaultkeeper/core/name_edit.py,N/A,framework/designer-generated
GameSaveInfo.vb,GameSaveInfo,New,Sub,,GameSaveInfo.vb:131,strong,vaultkeeper/core/hak_patch.py | vaultkeeper/core/mapper.py | vaultkeeper/core/name_edit.py,N/A,framework/designer-generated
GameSaveInfo.vb,GameSaveInfo,SetLocation,Function,,GameSaveInfo.vb:199,strong,vaultkeeper/game/game_saves.py,AUTO-PORTED,
GameSaveInfo.vb,GameSaveInfo,Clone,Function,,GameSaveInfo.vb:218,strong,vaultkeeper/core/change_data.py | vaultkeeper/core/file_data.py | vaultkeeper/core/mod_data.py,N/A,framework/designer-generated
GameSaveInfo.vb,GameSaveInfo,CompareTo,Function,,GameSaveInfo.vb:242,strong,vaultkeeper/core/file_key.py | vaultkeeper/core/play_time.py,N/A,framework/designer-generated
GameSaves.vb,GameSaves,FolderType,Property,,GameSaves.vb:90,strong,vaultkeeper/game/game_saves.py,AUTO-PORTED,
GameSaves.vb,GameSaves,SavePathInfo,Property,,GameSaves.vb:95,none,,Ported,GameSaves data model + backup/restore/archive/location (game_saves/game_backup/save_archive).
GameSaves.vb,GameSaves,Folders,Property,,GameSaves.vb:100,strong,vaultkeeper/config/settings.py | vaultkeeper/core/mapper.py | vaultkeeper/core/profile_data.py,AUTO-PORTED,
GameSaves.vb,GameSaves,Count,Property,,GameSaves.vb:106,strong,vaultkeeper/core/archive.py | vaultkeeper/core/file_data.py | vaultkeeper/core/formats/bic_reader.py,Divergence,WinForms lifecycle/event/virtual-list/background-worker/mouse-hover plumbing.
GameSaves.vb,GameSaves,TotalSize,Property,,GameSaves.vb:115,strong,vaultkeeper/game/game_backup.py | vaultkeeper/game/game_saves.py | vaultkeeper/ui/controller.py,Deferred,BackupManager + NetworkManager shared-store/sync + SlideShow + find-rename + original-restorers + prefix editor + legacy migrate.
GameSaves.vb,GameSaves,CurrentCount,Property,,GameSaves.vb:135,strong,vaultkeeper/game/game_saves.py | vaultkeeper/ui/play_loop.py,AUTO-PORTED,
GameSaves.vb,GameSaves,CurrentSize,Property,,GameSaves.vb:157,strong,vaultkeeper/game/game_saves.py,AUTO-PORTED,
GameSaves.vb,GameSaves,CurrentInfo,Property,,GameSaves.vb:179,strong,vaultkeeper/game/game_saves.py,AUTO-PORTED,
GameSaves.vb,GameSaves,CurrentGameSave,Property,,GameSaves.vb:203,strong,vaultkeeper/game/game_backup.py | vaultkeeper/game/game_saves.py | vaultkeeper/game/play_data_manager.py,AUTO-PORTED,
GameSaves.vb,GameSaves,CurrentLocation,Property,,GameSaves.vb:224,strong,vaultkeeper/game/game_saves.py | vaultkeeper/ui/play_loop.py,AUTO-PORTED,
GameSaves.vb,GameSaves,New,Sub,,GameSaves.vb:248,strong,vaultkeeper/core/hak_patch.py | vaultkeeper/core/mapper.py | vaultkeeper/core/name_edit.py,N/A,framework/designer-generated
GameSaves.vb,GameSaves,New,Sub,,GameSaves.vb:270,strong,vaultkeeper/core/hak_patch.py | vaultkeeper/core/mapper.py | vaultkeeper/core/name_edit.py,N/A,framework/designer-generated
GameSaves.vb,GameSaves,New,Sub,,GameSaves.vb:283,strong,vaultkeeper/core/hak_patch.py | vaultkeeper/core/mapper.py | vaultkeeper/core/name_edit.py,N/A,framework/designer-generated
GameSaves.vb,GameSaves,Initialise,Sub,,GameSaves.vb:302,strong,vaultkeeper/core/mapper.py,Divergence,"VB per-preference ListView-editor framework (Preferences/Config/Profiles/Locations pages, Import/Export/Reset/Undo). Bounded port = tabbed dialog + FolderMapping + status-bar profile menu. Subagent verdict: 0 MISSING user prefs (see FINDING_3_SETTINGS.md for the pref-level gap = 10 add-a-setting items)."
GameSaves.vb,GameSaves,Refresh,Sub,,GameSaves.vb:322,strong,vaultkeeper/game/game_mapper.py | vaultkeeper/game/game_saves.py | vaultkeeper/ui/controller.py,AUTO-PORTED,
GameSaves.vb,GameSaves,WaitForScanner,Sub,,GameSaves.vb:347,none,,Divergence,WinForms list/cursor/notification/bg-progress/lifecycle/mouse-hover plumbing + display-only props.
GameSaves.vb,GameSaves,WaitForCompletion,Sub,,GameSaves.vb:360,none,,Divergence,WinForms list/cursor/notification/bg-progress/lifecycle/mouse-hover plumbing + display-only props.
GameSaves.vb,GameSaves,WaitForWorkerCompletion,Sub,,GameSaves.vb:372,none,,Divergence,WinForms list/cursor/notification/bg-progress/lifecycle/mouse-hover plumbing + display-only props.
GameSaves.vb,GameSaves,Remove,Function,,GameSaves.vb:389,strong,vaultkeeper/config/settings.py | vaultkeeper/core/change_data.py | vaultkeeper/core/group_member.py,Divergence,WinForms lifecycle/event/virtual-list/background-worker/mouse-hover plumbing.
GameSaves.vb,GameSaves,AddInfo,Sub,,GameSaves.vb:437,strong,vaultkeeper/game/game_saves.py,AUTO-PORTED,
GameSaves.vb,GameSaves,OnGameSavesNotification,Sub,,GameSaves.vb:467,none,,Divergence,WinForms list/cursor/notification/bg-progress/lifecycle/mouse-hover plumbing + display-only props.
GameSaves.vb,GameSaves,BgSaveScanner_DoWork,Sub,BgSaveScanner.DoWork,GameSaves.vb:479,none,,Partial,bg-worker scan/size merged into sync refresh; backup-folder merge + archive-size + display-name bounded.
GameSaves.vb,GameSaves,BgSaveScanner_ProgressChanged,Sub,BgSaveScanner.ProgressChanged,GameSaves.vb:525,none,,Divergence,WinForms list/cursor/notification/bg-progress/lifecycle/mouse-hover plumbing + display-only props.
GameSaves.vb,GameSaves,BgFolderSizes_DoWork,Sub,BgFolderSizes.DoWork,GameSaves.vb:543,none,,Partial,bg-worker scan/size merged into sync refresh; backup-folder merge + archive-size + display-name bounded.
GameSaves.vb,GameSaves,BgFolderSizes_ProgressChanged,Sub,BgFolderSizes.ProgressChanged,GameSaves.vb:580,none,,Divergence,WinForms list/cursor/notification/bg-progress/lifecycle/mouse-hover plumbing + display-only props.
GameSavesNotificationEventArgs.vb,GameSavesNotificationEventArgs,Type,Property,,GameSavesNotificationEventArgs.vb:37,strong,vaultkeeper/core/constants.py | vaultkeeper/core/formats/bic_reader.py | vaultkeeper/core/formats/erf_reader.py,Divergence,"VB per-preference ListView-editor framework (Preferences/Config/Profiles/Locations pages, Import/Export/Reset/Undo). Bounded port = tabbed dialog + FolderMapping + status-bar profile menu. Subagent verdict: 0 MISSING user prefs (see FINDING_3_SETTINGS.md for the pref-level gap = 10 add-a-setting items)."
GameSavesNotificationEventArgs.vb,GameSavesNotificationEventArgs,TotalSize,Property,,GameSavesNotificationEventArgs.vb:43,strong,vaultkeeper/game/game_backup.py | vaultkeeper/game/game_saves.py | vaultkeeper/ui/controller.py,Deferred,BackupManager + NetworkManager shared-store/sync + SlideShow + find-rename + original-restorers + prefix editor + legacy migrate.
GameSavesNotificationEventArgs.vb,GameSavesNotificationEventArgs,CurrentSize,Property,,GameSavesNotificationEventArgs.vb:49,strong,vaultkeeper/game/game_saves.py,AUTO-PORTED,
GameSavesNotificationEventArgs.vb,GameSavesNotificationEventArgs,New,Sub,,GameSavesNotificationEventArgs.vb:56,strong,vaultkeeper/core/hak_patch.py | vaultkeeper/core/mapper.py | vaultkeeper/core/name_edit.py,N/A,framework/designer-generated
GameSavesPathDialogue.vb,GameSavesPathDialogue,SavesFolder,Property,,GameSavesPathDialogue.vb:29,none,,Divergence,WinForms list/cursor/notification/bg-progress/lifecycle/mouse-hover plumbing + display-only props.
GameSavesPathDialogue.vb,GameSavesPathDialogue,New,Sub,,GameSavesPathDialogue.vb:41,strong,vaultkeeper/core/hak_patch.py | vaultkeeper/core/mapper.py | vaultkeeper/core/name_edit.py,N/A,framework/designer-generated
GameSavesPathDialogue.vb,GameSavesPathDialogue,GameSavesPathDialogue_Load,Sub,MyBase.Load,GameSavesPathDialogue.vb:59,none,,Divergence,WinForms list/cursor/notification/bg-progress/lifecycle/mouse-hover plumbing + display-only props.
GameSavesPathDialogue.vb,GameSavesPathDialogue,TxGameSaves_KeyPress,Sub,TxGameSaves.KeyPress,GameSavesPathDialogue.vb:148,none,,Divergence,WinForms list/cursor/notification/bg-progress/lifecycle/mouse-hover plumbing + display-only props.
GameSavesPathDialogue.vb,GameSavesPathDialogue,TxGameSaves_TextChanged,Sub,TxGameSaves.TextChanged,GameSavesPathDialogue.vb:156,none,,Divergence,WinForms list/cursor/notification/bg-progress/lifecycle/mouse-hover plumbing + display-only props.
GameSavesPathDialogue.vb,GameSavesPathDialogue,BuBrowse_Click,Sub,BuBrowse.Click,GameSavesPathDialogue.vb:174,none,,Deferred,"CrashDumpManager (Windows crash dumps), AliasSectionEditor (MsAliasSection dead), HakPatchEditor (MsHakPatchEditor dead; read-only model ported), ExtendedEditionDialogue (EE user-folder prompt; editions detection ported in editions.py/locations.py)."
GameSavesPathDialogue.vb,GameSavesPathDialogue,LvGameSaves_ItemClicked,Sub,LvGameSaves.ItemClicked,GameSavesPathDialogue.vb:197,none,,Divergence,WinForms list/cursor/notification/bg-progress/lifecycle/mouse-hover plumbing + display-only props.
GameSavesPathDialogue.vb,GameSavesPathDialogue,LvGameSaves_SelectedIndexChanged,Sub,LvGameSaves.SelectedIndexChanged,GameSavesPathDialogue.vb:210,none,,Divergence,WinForms list/cursor/notification/bg-progress/lifecycle/mouse-hover plumbing + display-only props.
GameSavesPathDialogue.vb,GameSavesPathDialogue,BtSave_Click,Sub,BtSave.Click,GameSavesPathDialogue.vb:222,strong,vaultkeeper/ui/controller.py,Ported,DocOrganiser/ModPlayViewer/WizardBuilder core report/view/save logic (subagent+orchestrator).
GameSavesPathDialogue.vb,GameSavesPathDialogue,BtCancel_Click,Sub,BtCancel.Click,GameSavesPathDialogue.vb:237,none,,Divergence,WinForms event/progress/UI plumbing refactored into controller/vault + bounded viewer (search/copy-paste/nav). Owner-confirm candidates: StartScreen export/copy-paste/search.
GameSavesPathDialogue.vb,GameSavesPathDialogue,WndProc,Sub,,GameSavesPathDialogue.vb:254,none,,Divergence,"bounded read-only viewer port: VB filters/navigation/editors/bg-workers/Windows-shell handlers intentionally not ported (PARITY.md recurring pattern). SOME are owner-confirm candidates: ModExplorer filter subsystem, PortraitManager prev/next navigation."
GroupMemberData.vb,GroupMemberData,New,Sub,,GroupMemberData.vb:24,strong,vaultkeeper/core/hak_patch.py | vaultkeeper/core/mapper.py | vaultkeeper/core/name_edit.py,N/A,framework/designer-generated
GroupMemberData.vb,GroupMemberData,GroupName,Property,,GroupMemberData.vb:32,strong,vaultkeeper/core/group_member.py | vaultkeeper/ui/controller.py | vaultkeeper/ui/file_view.py,AUTO-PORTED,
GroupMemberData.vb,GroupMemberData,State,Property,,GroupMemberData.vb:37,strong,vaultkeeper/core/change_data.py | vaultkeeper/core/file_data.py | vaultkeeper/core/formats/tga_reader.py,AUTO-PORTED,
GroupMemberData.vb,GroupMemberData,Count,Property,,GroupMemberData.vb:46,strong,vaultkeeper/core/archive.py | vaultkeeper/core/file_data.py | vaultkeeper/core/formats/bic_reader.py,Divergence,WinForms lifecycle/event/virtual-list/background-worker/mouse-hover plumbing.
GroupMemberData.vb,GroupMemberData,Members,Property,,GroupMemberData.vb:57,strong,vaultkeeper/core/change_data.py | vaultkeeper/core/group_member.py | vaultkeeper/core/profile_data.py,AUTO-PORTED,
GroupMemberData.vb,GroupMemberData,MemberNames,Property,,GroupMemberData.vb:68,strong,vaultkeeper/core/group_member.py | vaultkeeper/persistence/nrbf/reader.py,AUTO-PORTED,
GroupMemberData.vb,GroupMemberData,MemberPaths,Property,,GroupMemberData.vb:79,none,,GAP?,
GroupMemberData.vb,GroupMemberData,InstalledCount,Property,,GroupMemberData.vb:90,strong,vaultkeeper/core/group_member.py | vaultkeeper/game/install_verify.py | vaultkeeper/ui/controller.py,AUTO-PORTED,
GroupMemberData.vb,GroupMemberData,InstalledMembers,Property,,GroupMemberData.vb:101,strong,vaultkeeper/core/group_member.py,AUTO-PORTED,
GroupMemberData.vb,GroupMemberData,Remove,Sub,,GroupMemberData.vb:115,strong,vaultkeeper/config/settings.py | vaultkeeper/core/change_data.py | vaultkeeper/core/group_member.py,Divergence,WinForms lifecycle/event/virtual-list/background-worker/mouse-hover plumbing.
GroupMemberData.vb,GroupMemberData,Rename,Sub,,GroupMemberData.vb:132,strong,vaultkeeper/core/file_data.py | vaultkeeper/core/fs.py | vaultkeeper/core/group_member.py,AUTO-PORTED,
GroupMemberData.vb,GroupMemberData,AddMembers,Sub,,GroupMemberData.vb:194,strong,vaultkeeper/core/group_member.py,AUTO-PORTED,
GroupMemberData.vb,GroupMemberData,AddMembersThread,Sub,,GroupMemberData.vb:205,none,,GAP?,
GroupMemberData.vb,GroupMemberData,AddingMembers,Sub,,GroupMemberData.vb:236,none,,GAP?,
HakPatchEditor.vb,HakPatchEditor,HakPatchEditor_Load,Sub,MyBase.Load,HakPatchEditor.vb:30,none,,Deferred,"CrashDumpManager (Windows crash dumps), AliasSectionEditor (MsAliasSection dead), HakPatchEditor (MsHakPatchEditor dead; read-only model ported), ExtendedEditionDialogue (EE user-folder prompt; editions detection ported in editions.py/locations.py)."
HakPatchEditor.vb,HakPatchEditor,HakPatchEditor_Shown,Sub,Me.Shown,HakPatchEditor.vb:102,none,,Deferred,"CrashDumpManager (Windows crash dumps), AliasSectionEditor (MsAliasSection dead), HakPatchEditor (MsHakPatchEditor dead; read-only model ported), ExtendedEditionDialogue (EE user-folder prompt; editions detection ported in editions.py/locations.py)."
HakPatchEditor.vb,HakPatchEditor,LvPatchList_ItemClicked,Sub,LvPatchList.ItemClicked,HakPatchEditor.vb:114,none,,Deferred,"CrashDumpManager (Windows crash dumps), AliasSectionEditor (MsAliasSection dead), HakPatchEditor (MsHakPatchEditor dead; read-only model ported), ExtendedEditionDialogue (EE user-folder prompt; editions detection ported in editions.py/locations.py)."
HakPatchEditor.vb,HakPatchEditor,LvPatchList_SelectedIndexChanged,Sub,LvPatchList.SelectedIndexChanged,HakPatchEditor.vb:126,none,,Deferred,"CrashDumpManager (Windows crash dumps), AliasSectionEditor (MsAliasSection dead), HakPatchEditor (MsHakPatchEditor dead; read-only model ported), ExtendedEditionDialogue (EE user-folder prompt; editions detection ported in editions.py/locations.py)."
HakPatchEditor.vb,HakPatchEditor,MsMoveUp_Click,Sub,MsMoveUp.Click,HakPatchEditor.vb:143,none,,Deferred,"CrashDumpManager (Windows crash dumps), AliasSectionEditor (MsAliasSection dead), HakPatchEditor (MsHakPatchEditor dead; read-only model ported), ExtendedEditionDialogue (EE user-folder prompt; editions detection ported in editions.py/locations.py)."
HakPatchEditor.vb,HakPatchEditor,MsMoveDown_Click,Sub,MsMoveDown.Click,HakPatchEditor.vb:151,none,,Deferred,"CrashDumpManager (Windows crash dumps), AliasSectionEditor (MsAliasSection dead), HakPatchEditor (MsHakPatchEditor dead; read-only model ported), ExtendedEditionDialogue (EE user-folder prompt; editions detection ported in editions.py/locations.py)."
HakPatchEditor.vb,HakPatchEditor,CmMoveUp_Click,Sub,CmMoveUp.Click,HakPatchEditor.vb:159,none,,Deferred,"CrashDumpManager (Windows crash dumps), AliasSectionEditor (MsAliasSection dead), HakPatchEditor (MsHakPatchEditor dead; read-only model ported), ExtendedEditionDialogue (EE user-folder prompt; editions detection ported in editions.py/locations.py)."
HakPatchEditor.vb,HakPatchEditor,CmMoveDown_Click,Sub,CmMoveDown.Click,HakPatchEditor.vb:167,none,,Deferred,"CrashDumpManager (Windows crash dumps), AliasSectionEditor (MsAliasSection dead), HakPatchEditor (MsHakPatchEditor dead; read-only model ported), ExtendedEditionDialogue (EE user-folder prompt; editions detection ported in editions.py/locations.py)."
HakPatchEditor.vb,HakPatchEditor,MoveItem,Sub,,HakPatchEditor.vb:178,comment,vaultkeeper/ui/dialogs/wizard_builder.py,AUTO-PORTED,matched in comment/docstring
HakPatchEditor.vb,HakPatchEditor,BtSave_Click,Sub,BtSave.Click,HakPatchEditor.vb:202,strong,vaultkeeper/ui/controller.py,Ported,DocOrganiser/ModPlayViewer/WizardBuilder core report/view/save logic (subagent+orchestrator).
HakPatchEditor.vb,HakPatchEditor,BhHelp_Click,Sub,BhHelp.Click,HakPatchEditor.vb:222,none,,Deferred,"CrashDumpManager (Windows crash dumps), AliasSectionEditor (MsAliasSection dead), HakPatchEditor (MsHakPatchEditor dead; read-only model ported), ExtendedEditionDialogue (EE user-folder prompt; editions detection ported in editions.py/locations.py)."
HakPatchManager.vb,HakPatchManager,PatchSequenceFile,Property,,HakPatchManager.vb:43,strong,vaultkeeper/core/hak_patch.py,Divergence,WinForms lifecycle/event/virtual-list/background-worker/mouse-hover plumbing.
HakPatchManager.vb,HakPatchManager,PatchSequence,Property,,HakPatchManager.vb:52,strong,vaultkeeper/core/hak_patch.py | vaultkeeper/ui/controller.py,Divergence,WinForms lifecycle/event/virtual-list/background-worker/mouse-hover plumbing.
HakPatchManager.vb,HakPatchManager,HakFiles,Property,,HakPatchManager.vb:57,strong,vaultkeeper/ui/controller.py,Divergence,WinForms lifecycle/event/virtual-list/background-worker/mouse-hover plumbing.
HakPatchManager.vb,HakPatchManager,PatchHakFiles,Property,,HakPatchManager.vb:62,none,,Ported,"port view/domain layer (details/contents/status/paste/recent/profile views, hak-patch, play-data viewer, find-files, conflicts, workshop, publish)."
HakPatchManager.vb,HakPatchManager,HakFolder,Property,,HakPatchManager.vb:67,strong,vaultkeeper/game/installer_build.py,Divergence,WinForms lifecycle/event/virtual-list/background-worker/mouse-hover plumbing.
HakPatchManager.vb,HakPatchManager,PatchFolder,Property,,HakPatchManager.vb:72,strong,vaultkeeper/core/hak_patch.py | vaultkeeper/game/installer_build.py | vaultkeeper/ui/controller.py,Divergence,WinForms lifecycle/event/virtual-list/background-worker/mouse-hover plumbing.
HakPatchManager.vb,HakPatchManager,NwnIniHakFiles,Property,,HakPatchManager.vb:78,none,,Ported,"port view/domain layer (details/contents/status/paste/recent/profile views, hak-patch, play-data viewer, find-files, conflicts, workshop, publish)."
HakPatchManager.vb,HakPatchManager,ModIniHakFiles,Property,,HakPatchManager.vb:84,none,,Ported,"port view/domain layer (details/contents/status/paste/recent/profile views, hak-patch, play-data viewer, find-files, conflicts, workshop, publish)."
HakPatchManager.vb,HakPatchManager,ModIniFileFolder,Property,,HakPatchManager.vb:89,none,,Ported,"port view/domain layer (details/contents/status/paste/recent/profile views, hak-patch, play-data viewer, find-files, conflicts, workshop, publish)."
HakPatchManager.vb,HakPatchManager,ModIniFile,Property,,HakPatchManager.vb:98,none,,Ported,"port view/domain layer (details/contents/status/paste/recent/profile views, hak-patch, play-data viewer, find-files, conflicts, workshop, publish)."
HakPatchManager.vb,HakPatchManager,ModIniFilesCreated,Property,,HakPatchManager.vb:107,none,,Divergence,WinForms lifecycle/event/virtual-list/background-worker/mouse-hover plumbing.
HakPatchManager.vb,HakPatchManager,ModIniFilesDeleted,Property,,HakPatchManager.vb:112,none,,Divergence,WinForms lifecycle/event/virtual-list/background-worker/mouse-hover plumbing.
HakPatchManager.vb,HakPatchManager,New,Sub,,HakPatchManager.vb:119,strong,vaultkeeper/core/hak_patch.py | vaultkeeper/core/mapper.py | vaultkeeper/core/name_edit.py,N/A,framework/designer-generated
HakPatchManager.vb,HakPatchManager,GetInstalledPatchHaks,Function,,HakPatchManager.vb:174,none,,Ported,"port view/domain layer (details/contents/status/paste/recent/profile views, hak-patch, play-data viewer, find-files, conflicts, workshop, publish)."
HakPatchManager.vb,HakPatchManager,UpdateSequenceFile,Sub,,HakPatchManager.vb:197,strong,vaultkeeper/core/hak_patch.py | vaultkeeper/game/installer_build.py | vaultkeeper/ui/controller.py,Divergence,WinForms lifecycle/event/virtual-list/background-worker/mouse-hover plumbing.
HakPatchManager.vb,HakPatchManager,SaveSequenceFile,Sub,,HakPatchManager.vb:212,strong,vaultkeeper/core/hak_patch.py,Divergence,WinForms lifecycle/event/virtual-list/background-worker/mouse-hover plumbing.
HakPatchManager.vb,HakPatchManager,GetNwnIniHaks,Sub,,HakPatchManager.vb:223,none,,Ported,"port view/domain layer (details/contents/status/paste/recent/profile views, hak-patch, play-data viewer, find-files, conflicts, workshop, publish)."
HakPatchManager.vb,HakPatchManager,GetModIniHaks,Sub,,HakPatchManager.vb:231,none,,Ported,"port view/domain layer (details/contents/status/paste/recent/profile views, hak-patch, play-data viewer, find-files, conflicts, workshop, publish)."
HakPatchManager.vb,HakPatchManager,GetModIniHaks,Sub,,HakPatchManager.vb:239,none,,Ported,"port view/domain layer (details/contents/status/paste/recent/profile views, hak-patch, play-data viewer, find-files, conflicts, workshop, publish)."
HakPatchManager.vb,HakPatchManager,ValidateAll,Sub,,HakPatchManager.vb:249,none,,Deferred,BackupManager + NetworkManager shared-store/sync + SlideShow + find-rename + original-restorers + prefix editor + legacy migrate.
HakPatchManager.vb,HakPatchManager,ValidateAllThread,Sub,,HakPatchManager.vb:280,none,,Deferred,BackupManager + NetworkManager shared-store/sync + SlideShow + find-rename + original-restorers + prefix editor + legacy migrate.
HakPatchManager.vb,HakPatchManager,ValidateMod,Function,,HakPatchManager.vb:314,strong,vaultkeeper/ui/controller.py,Divergence,WinForms lifecycle/event/virtual-list/background-worker/mouse-hover plumbing.
HakPatchManager.vb,HakPatchManager,CreateNwnPatchIniFile,Function,,HakPatchManager.vb:360,strong,vaultkeeper/core/hak_patch.py | vaultkeeper/ui/controller.py,Divergence,WinForms lifecycle/event/virtual-list/background-worker/mouse-hover plumbing.
HakPatchManager.vb,HakPatchManager,GetPatchHaks,Function,,HakPatchManager.vb:447,strong,vaultkeeper/game/installer_build.py,Divergence,WinForms lifecycle/event/virtual-list/background-worker/mouse-hover plumbing.
HakPatchManager.vb,HakPatchManager,CreateModPatchIniFile,Function,,HakPatchManager.vb:478,none,,Ported,"port view/domain layer (details/contents/status/paste/recent/profile views, hak-patch, play-data viewer, find-files, conflicts, workshop, publish)."
HakPatchManager.vb,HakPatchManager,UpdateProfileData,Sub,,HakPatchManager.vb:534,strong,vaultkeeper/core/install_manager.py,Divergence,WinForms lifecycle/event/virtual-list/background-worker/mouse-hover plumbing.
InstallationAnalyser.vb,InstallationAnalyser,FileDetails,Property,,InstallationAnalyser.vb:48,strong,vaultkeeper/game/workshop.py,Ported,install engine + rename + analyser browser report (subagent-swept).
InstallationAnalyser.vb,InstallationAnalyser,New,Sub,,InstallationAnalyser.vb:85,strong,vaultkeeper/core/hak_patch.py | vaultkeeper/core/mapper.py | vaultkeeper/core/name_edit.py,N/A,framework/designer-generated
InstallationAnalyser.vb,InstallationAnalyser,InstallationAnalyser_Load,Sub,MyBase.Load,InstallationAnalyser.vb:106,none,,Divergence,WinForms lifecycle/virtual-list/shell-integration/key plumbing.
InstallationAnalyser.vb,InstallationAnalyser,InstallationAnalyser_Shown,Sub,Me.Shown,InstallationAnalyser.vb:198,none,,Divergence,WinForms lifecycle/virtual-list/shell-integration/key plumbing.
InstallationAnalyser.vb,InstallationAnalyser,TsMiniDumpInfo_Click,Sub,TsMiniDumpInfo.Click,InstallationAnalyser.vb:213,none,,Deferred,installation-SETS/checkpoints editor (dead MsInstallationManager) + nwm-convert + crash-dump.
InstallationAnalyser.vb,InstallationAnalyser,BtConvert_Click,Sub,BtConvert.Click,InstallationAnalyser.vb:249,none,,Deferred,installation-SETS/checkpoints editor (dead MsInstallationManager) + nwm-convert + crash-dump.
InstallationAnalyser.vb,InstallationAnalyser,BtRefresh_Click,Sub,BtRefresh.Click,InstallationAnalyser.vb:270,none,,Divergence,WinForms lifecycle/virtual-list/shell-integration/key plumbing.
InstallationAnalyser.vb,InstallationAnalyser,BtSelect_Click,Sub,BtSelect.Click,InstallationAnalyser.vb:300,none,,Divergence,"bounded read-only viewer port: VB filters/navigation/editors/bg-workers/Windows-shell handlers intentionally not ported (PARITY.md recurring pattern). SOME are owner-confirm candidates: ModExplorer filter subsystem, PortraitManager prev/next navigation."
InstallationAnalyser.vb,InstallationAnalyser,BtClose_Click,Sub,BtClose.Click,InstallationAnalyser.vb:312,none,,Divergence,"bounded read-only viewer port: VB filters/navigation/editors/bg-workers/Windows-shell handlers intentionally not ported (PARITY.md recurring pattern). SOME are owner-confirm candidates: ModExplorer filter subsystem, PortraitManager prev/next navigation."
InstallationAnalyser.vb,InstallationAnalyser,CmOpenFolder_Click,Sub,CmOpenFolder.Click,InstallationAnalyser.vb:325,none,,Divergence,WinForms lifecycle/virtual-list/shell-integration/key plumbing.
InstallationAnalyser.vb,InstallationAnalyser,CmProperties_Click,Sub,CmProperties.Click,InstallationAnalyser.vb:334,none,,Deferred,ModFindAndRename (dead MsFindAndRename) + DocOrganiser Properties/Reset + wizard file-threshold.
InstallationAnalyser.vb,InstallationAnalyser,CmCharacterSummary_Click,Sub,CmCharacterSummary.Click,InstallationAnalyser.vb:348,none,,Divergence,"WinForms lifecycle/event/virtual-list/bg-worker + bounded-viewer extras (owner-confirm: ModPlayViewer end-level filter/recent, DocOrganiser rtf/properties)."
InstallationAnalyser.vb,InstallationAnalyser,LbFilesInFolder_Click,Sub,LbFilesInFolder.Click,InstallationAnalyser.vb:365,none,,Divergence,WinForms lifecycle/virtual-list/shell-integration/key plumbing.
InstallationAnalyser.vb,InstallationAnalyser,MiDetails_Click,Sub,MiDetails.Click,InstallationAnalyser.vb:373,none,,Divergence,WinForms lifecycle/virtual-list/shell-integration/key plumbing.
InstallationAnalyser.vb,InstallationAnalyser,Lv_ItemClicked,Sub,"LvFolders.ItemClicked, LvFiles.ItemClicked",InstallationAnalyser.vb:391,none,,Divergence,WinForms event/progress/UI plumbing refactored into controller/vault + bounded viewer (search/copy-paste/nav). Owner-confirm candidates: StartScreen export/copy-paste/search.
InstallationAnalyser.vb,InstallationAnalyser,LvFolders_SelectedIndexChanged,Sub,LvFolders.SelectedIndexChanged,InstallationAnalyser.vb:414,none,,Ported,install engine + rename + analyser browser report (subagent-swept).
InstallationAnalyser.vb,InstallationAnalyser,LvFolders_MouseDoubleClick,Sub,LvFolders.MouseDoubleClick,InstallationAnalyser.vb:431,none,,Divergence,WinForms lifecycle/virtual-list/shell-integration/key plumbing.
InstallationAnalyser.vb,InstallationAnalyser,LvFiles_Enter,Sub,LvFiles.Enter,InstallationAnalyser.vb:439,none,,Divergence,WinForms lifecycle/virtual-list/shell-integration/key plumbing.
InstallationAnalyser.vb,InstallationAnalyser,LvFiles_Leave,Sub,LvFiles.Leave,InstallationAnalyser.vb:450,none,,Divergence,WinForms lifecycle/virtual-list/shell-integration/key plumbing.
InstallationAnalyser.vb,InstallationAnalyser,LvFiles_RetrieveVirtualItem,Sub,LvFiles.RetrieveVirtualItem,InstallationAnalyser.vb:460,none,,Divergence,WinForms lifecycle/virtual-list/shell-integration/key plumbing.
InstallationAnalyser.vb,InstallationAnalyser,LvFiles_SelectedIndexChanged,Sub,LvFiles.SelectedIndexChanged,InstallationAnalyser.vb:504,none,,Ported,install engine + rename + analyser browser report (subagent-swept).
InstallationAnalyser.vb,InstallationAnalyser,LvFiles_MouseDoubleClick,Sub,LvFiles.MouseDoubleClick,InstallationAnalyser.vb:519,none,,Divergence,WinForms lifecycle/virtual-list/shell-integration/key plumbing.
InstallationAnalyser.vb,InstallationAnalyser,LvFiles_SizeChanged,Sub,,InstallationAnalyser.vb:528,none,,Divergence,WinForms lifecycle/virtual-list/shell-integration/key plumbing.
InstallationAnalyser.vb,InstallationAnalyser,PopulateFolderList,Sub,,InstallationAnalyser.vb:546,none,,Ported,install engine + rename + analyser browser report (subagent-swept).
InstallationAnalyser.vb,InstallationAnalyser,PopulateCrashFiles,Sub,,InstallationAnalyser.vb:639,none,,Deferred,installation-SETS/checkpoints editor (dead MsInstallationManager) + nwm-convert + crash-dump.
InstallationAnalyser.vb,InstallationAnalyser,PopulateFiles,Sub,,InstallationAnalyser.vb:689,strong,vaultkeeper/ui/controller.py | vaultkeeper/ui/dialogs/download_project.py,Ported,DocOrganiser/ModPlayViewer/WizardBuilder core report/view/save logic (subagent+orchestrator).
InstallationAnalyser.vb,InstallationAnalyser,BhInstallationAnalyser_Click,Sub,BhInstallationAnalyser.Click,InstallationAnalyser.vb:721,none,,Divergence,WinForms lifecycle/virtual-list/shell-integration/key plumbing.
InstallationAnalyser.vb,InstallationAnalyser,ProcessCmdKey,Function,,InstallationAnalyser.vb:730,none,,Divergence,"bounded read-only viewer port: VB filters/navigation/editors/bg-workers/Windows-shell handlers intentionally not ported (PARITY.md recurring pattern). SOME are owner-confirm candidates: ModExplorer filter subsystem, PortraitManager prev/next navigation."
InstallationManager.GroupInfo.vb,GroupInfo,Name,Property,,InstallationManager.GroupInfo.vb:27,strong,vaultkeeper/config/settings.py | vaultkeeper/core/archive.py | vaultkeeper/core/change_data.py,AUTO-PORTED,
InstallationManager.GroupInfo.vb,GroupInfo,ModList,Property,,InstallationManager.GroupInfo.vb:32,strong,vaultkeeper/core/ci_dict.py | vaultkeeper/core/constants.py | vaultkeeper/core/file_data.py,AUTO-PORTED,
InstallationManager.GroupInfo.vb,GroupInfo,ModCount,Property,,InstallationManager.GroupInfo.vb:37,comment,vaultkeeper/ui/main_window.py | vaultkeeper/ui/status_bar.py,Ported,DocOrganiser/ModPlayViewer/WizardBuilder core report/view/save logic (subagent+orchestrator).
InstallationManager.GroupInfo.vb,GroupInfo,ModItems,Property,,InstallationManager.GroupInfo.vb:48,none,,GAP?,
InstallationManager.GroupInfo.vb,GroupInfo,ModItems,Property,,InstallationManager.GroupInfo.vb:59,none,,GAP?,
InstallationManager.GroupInfo.vb,GroupInfo,GroupState,Property,,InstallationManager.GroupInfo.vb:74,strong,vaultkeeper/core/group_member.py | vaultkeeper/core/mod_data.py | vaultkeeper/persistence/nrbf/mapping.py,AUTO-PORTED,
InstallationManager.GroupInfo.vb,GroupInfo,New,Sub,,InstallationManager.GroupInfo.vb:100,strong,vaultkeeper/core/hak_patch.py | vaultkeeper/core/mapper.py | vaultkeeper/core/name_edit.py,N/A,framework/designer-generated
InstallationManager.GroupInfo.vb,GroupInfo,New,Sub,,InstallationManager.GroupInfo.vb:111,strong,vaultkeeper/core/hak_patch.py | vaultkeeper/core/mapper.py | vaultkeeper/core/name_edit.py,N/A,framework/designer-generated
InstallationManager.GroupInfo.vb,GroupInfo,AddMod,Sub,,InstallationManager.GroupInfo.vb:122,strong,vaultkeeper/core/profile_data.py | vaultkeeper/persistence/nrbf/migrate.py | vaultkeeper/persistence/profile_store.py,AUTO-PORTED,
InstallationManager.GroupInfo.vb,GroupInfo,AddMod,Sub,,InstallationManager.GroupInfo.vb:135,strong,vaultkeeper/core/profile_data.py | vaultkeeper/persistence/nrbf/migrate.py | vaultkeeper/persistence/profile_store.py,AUTO-PORTED,
InstallationManager.GroupInfo.vb,GroupInfo,CompareTo,Function,,InstallationManager.GroupInfo.vb:145,strong,vaultkeeper/core/file_key.py | vaultkeeper/core/play_time.py,N/A,framework/designer-generated
InstallationManager.ModInfo.vb,ModInfo,Name,Property,,InstallationManager.ModInfo.vb:27,strong,vaultkeeper/config/settings.py | vaultkeeper/core/archive.py | vaultkeeper/core/change_data.py,AUTO-PORTED,
InstallationManager.ModInfo.vb,ModInfo,CurrentState,Property,,InstallationManager.ModInfo.vb:32,none,,GAP?,
InstallationManager.ModInfo.vb,ModInfo,DesiredState,Property,,InstallationManager.ModInfo.vb:45,none,,GAP?,
InstallationManager.ModInfo.vb,ModInfo,New,Sub,,InstallationManager.ModInfo.vb:55,strong,vaultkeeper/core/hak_patch.py | vaultkeeper/core/mapper.py | vaultkeeper/core/name_edit.py,N/A,framework/designer-generated
InstallationManager.ModInfo.vb,ModInfo,New,Sub,,InstallationManager.ModInfo.vb:66,strong,vaultkeeper/core/hak_patch.py | vaultkeeper/core/mapper.py | vaultkeeper/core/name_edit.py,N/A,framework/designer-generated
InstallationManager.ModInfo.vb,ModInfo,New,Sub,,InstallationManager.ModInfo.vb:85,strong,vaultkeeper/core/hak_patch.py | vaultkeeper/core/mapper.py | vaultkeeper/core/name_edit.py,N/A,framework/designer-generated
InstallationManager.ModInfo.vb,ModInfo,Clone,Function,,InstallationManager.ModInfo.vb:98,strong,vaultkeeper/core/change_data.py | vaultkeeper/core/file_data.py | vaultkeeper/core/mod_data.py,N/A,framework/designer-generated
InstallationManager.ModInfo.vb,ModInfo,CompareTo,Function,,InstallationManager.ModInfo.vb:114,strong,vaultkeeper/core/file_key.py | vaultkeeper/core/play_time.py,N/A,framework/designer-generated
InstallationManager.SetInfo.vb,SetInfo,Name,Property,,InstallationManager.SetInfo.vb:27,strong,vaultkeeper/config/settings.py | vaultkeeper/core/archive.py | vaultkeeper/core/change_data.py,AUTO-PORTED,
InstallationManager.SetInfo.vb,SetInfo,Created,Property,,InstallationManager.SetInfo.vb:32,strong,vaultkeeper/app_paths.py | vaultkeeper/config/settings.py | vaultkeeper/core/archive.py,AUTO-PORTED,
InstallationManager.SetInfo.vb,SetInfo,SetType,Property,,InstallationManager.SetInfo.vb:37,none,,GAP?,
InstallationManager.SetInfo.vb,SetInfo,Updated,Property,,InstallationManager.SetInfo.vb:42,strong,vaultkeeper/game/character.py | vaultkeeper/game/client_log.py | vaultkeeper/game/game_mapper.py,AUTO-PORTED,
InstallationManager.SetInfo.vb,SetInfo,GroupList,Property,,InstallationManager.SetInfo.vb:47,strong,vaultkeeper/ui/dialogs/dependency_editor.py,AUTO-PORTED,
InstallationManager.SetInfo.vb,SetInfo,GroupCount,Property,,InstallationManager.SetInfo.vb:52,none,,Ported,"port view/domain layer (details/contents/status/paste/recent/profile views, hak-patch, play-data viewer, find-files, conflicts, workshop, publish)."
InstallationManager.SetInfo.vb,SetInfo,GroupItems,Property,,InstallationManager.SetInfo.vb:63,none,,GAP?,
InstallationManager.SetInfo.vb,SetInfo,GroupItems,Property,,InstallationManager.SetInfo.vb:73,none,,GAP?,
InstallationManager.SetInfo.vb,SetInfo,GroupIndex,Property,,InstallationManager.SetInfo.vb:88,none,,GAP?,
InstallationManager.SetInfo.vb,SetInfo,SetState,Property,,InstallationManager.SetInfo.vb:97,none,,GAP?,
InstallationManager.SetInfo.vb,SetInfo,New,Sub,,InstallationManager.SetInfo.vb:132,strong,vaultkeeper/core/hak_patch.py | vaultkeeper/core/mapper.py | vaultkeeper/core/name_edit.py,N/A,framework/designer-generated
InstallationManager.SetInfo.vb,SetInfo,New,Sub,,InstallationManager.SetInfo.vb:145,strong,vaultkeeper/core/hak_patch.py | vaultkeeper/core/mapper.py | vaultkeeper/core/name_edit.py,N/A,framework/designer-generated
InstallationManager.SetInfo.vb,SetInfo,AddGroup,Function,,InstallationManager.SetInfo.vb:177,comment,vaultkeeper/core/profile_data.py | vaultkeeper/ui/controller.py,AUTO-PORTED,matched in comment/docstring
InstallationManager.SetInfo.vb,SetInfo,RemoveGroup,Sub,,InstallationManager.SetInfo.vb:204,strong,vaultkeeper/core/profile_data.py,AUTO-PORTED,
InstallationManager.SetInfo.vb,SetInfo,Clone,Function,,InstallationManager.SetInfo.vb:219,strong,vaultkeeper/core/change_data.py | vaultkeeper/core/file_data.py | vaultkeeper/core/mod_data.py,N/A,framework/designer-generated
InstallationManager.SetInfo.vb,SetInfo,CompareTo,Function,,InstallationManager.SetInfo.vb:246,strong,vaultkeeper/core/file_key.py | vaultkeeper/core/play_time.py,N/A,framework/designer-generated
InstallationManager.vb,InstallationManager,SetItems,Property,,InstallationManager.vb:103,none,,Deferred,installation-SETS/checkpoints editor (dead MsInstallationManager) + nwm-convert + crash-dump.
InstallationManager.vb,InstallationManager,SetItems,Property,,InstallationManager.vb:114,none,,Deferred,installation-SETS/checkpoints editor (dead MsInstallationManager) + nwm-convert + crash-dump.
InstallationManager.vb,InstallationManager,SetItems,Property,,InstallationManager.vb:125,none,,Deferred,installation-SETS/checkpoints editor (dead MsInstallationManager) + nwm-convert + crash-dump.
InstallationManager.vb,InstallationManager,RemovedGroups,Property,,InstallationManager.vb:139,none,,Deferred,installation-SETS/checkpoints editor (dead MsInstallationManager) + nwm-convert + crash-dump.
InstallationManager.vb,InstallationManager,RemovedMods,Property,,InstallationManager.vb:144,none,,Deferred,installation-SETS/checkpoints editor (dead MsInstallationManager) + nwm-convert + crash-dump.
InstallationManager.vb,InstallationManager,AddedMods,Property,,InstallationManager.vb:149,comment,vaultkeeper/config/settings.py,Deferred,installation-SETS/checkpoints editor (dead MsInstallationManager) + nwm-convert + crash-dump.
InstallationManager.vb,InstallationManager,ChangedState,Property,,InstallationManager.vb:154,none,,Deferred,installation-SETS/checkpoints editor (dead MsInstallationManager) + nwm-convert + crash-dump.
InstallationManager.vb,InstallationManager,ChangesInfo,Property,,InstallationManager.vb:159,none,,Deferred,installation-SETS/checkpoints editor (dead MsInstallationManager) + nwm-convert + crash-dump.
InstallationManager.vb,InstallationManager,SetItemIndex,Property,,InstallationManager.vb:190,none,,Deferred,installation-SETS/checkpoints editor (dead MsInstallationManager) + nwm-convert + crash-dump.
InstallationManager.vb,InstallationManager,ItemCount,Property,,InstallationManager.vb:199,comment,vaultkeeper/ui/dialogs/create_missing_installers.py | vaultkeeper/ui/dialogs/doc_organiser.py | vaultkeeper/ui/dialogs/download_project.py,Ported,install engine + rename + analyser browser report (subagent-swept).
InstallationManager.vb,InstallationManager,Current,Property,,InstallationManager.vb:208,strong,vaultkeeper/config/settings.py | vaultkeeper/core/change_data.py | vaultkeeper/core/hak_patch.py,Divergence,"VB per-preference ListView-editor framework (Preferences/Config/Profiles/Locations pages, Import/Export/Reset/Undo). Bounded port = tabbed dialog + FolderMapping + status-bar profile menu. Subagent verdict: 0 MISSING user prefs (see FINDING_3_SETTINGS.md for the pref-level gap = 10 add-a-setting items)."
InstallationManager.vb,InstallationManager,SortBy,Property,,InstallationManager.vb:218,comment,vaultkeeper/ui/dialogs/mod_explorer.py,Ported,install engine + rename + analyser browser report (subagent-swept).
InstallationManager.vb,InstallationManager,SortOrder,Property,,InstallationManager.vb:238,strong,vaultkeeper/ui/dialogs/mod_explorer.py,Ported,install engine + rename + analyser browser report (subagent-swept).
InstallationManager.vb,InstallationManager,New,Sub,,InstallationManager.vb:258,strong,vaultkeeper/core/hak_patch.py | vaultkeeper/core/mapper.py | vaultkeeper/core/name_edit.py,N/A,framework/designer-generated
InstallationManager.vb,InstallationManager,LoadSets,Function,,InstallationManager.vb:270,none,,Deferred,installation-SETS/checkpoints editor (dead MsInstallationManager) + nwm-convert + crash-dump.
InstallationManager.vb,InstallationManager,SaveSets,Sub,,InstallationManager.vb:321,none,,Deferred,installation-SETS/checkpoints editor (dead MsInstallationManager) + nwm-convert + crash-dump.
InstallationManager.vb,InstallationManager,CreateCurrent,Sub,,InstallationManager.vb:337,none,,Deferred,installation-SETS/checkpoints editor (dead MsInstallationManager) + nwm-convert + crash-dump.
InstallationManager.vb,InstallationManager,CreateCheckpoint,Function,,InstallationManager.vb:352,none,,Deferred,installation-SETS/checkpoints editor (dead MsInstallationManager) + nwm-convert + crash-dump.
InstallationManager.vb,InstallationManager,CreateSet,Sub,,InstallationManager.vb:370,none,,Deferred,installation-SETS/checkpoints editor (dead MsInstallationManager) + nwm-convert + crash-dump.
InstallationManager.vb,InstallationManager,Edit,Sub,,InstallationManager.vb:392,strong,vaultkeeper/ui/controller.py | vaultkeeper/ui/dialogs/dependency_editor.py | vaultkeeper/ui/dialogs/folder_mapping.py,Ported,install engine + rename + analyser browser report (subagent-swept).
InstallationManager.vb,InstallationManager,Sort,Sub,,InstallationManager.vb:406,strong,vaultkeeper/core/file_key.py | vaultkeeper/core/install_manager.py | vaultkeeper/core/mapper.py,Ported,install engine + rename + analyser browser report (subagent-swept).
InstallationManager.vb,InstallationManager,RenameSet,Sub,,InstallationManager.vb:425,none,,Deferred,installation-SETS/checkpoints editor (dead MsInstallationManager) + nwm-convert + crash-dump.
InstallationManager.vb,InstallationManager,RemoveSet,Sub,,InstallationManager.vb:442,none,,Deferred,installation-SETS/checkpoints editor (dead MsInstallationManager) + nwm-convert + crash-dump.
InstallationManager.vb,InstallationManager,RenameGroup,Sub,,InstallationManager.vb:459,strong,vaultkeeper/core/profile_data.py | vaultkeeper/ui/controller.py,Ported,"StartScreen actions + vault download/install pipeline (subagent-swept, orchestrator-verified vs memory)."
InstallationManager.vb,InstallationManager,RenameMod,Sub,,InstallationManager.vb:495,strong,vaultkeeper/core/profile_data.py | vaultkeeper/game/game_mapper.py | vaultkeeper/game/play_data_manager.py,Ported,install engine + rename + analyser browser report (subagent-swept).
InstallationManager.vb,InstallationManager,Checkpoint,Function,,InstallationManager.vb:536,none,,Deferred,installation-SETS/checkpoints editor (dead MsInstallationManager) + nwm-convert + crash-dump.
InstallationManager.vb,InstallationManager,ValidateSets,Sub,,InstallationManager.vb:551,none,,Deferred,installation-SETS/checkpoints editor (dead MsInstallationManager) + nwm-convert + crash-dump.
InstallationManager.vb,InstallationManager,Dispose,Sub,,InstallationManager.vb:689,none,,N/A,framework/designer-generated
InstallationManager.vb,InstallationManager,Dispose,Sub,,InstallationManager.vb:710,none,,N/A,framework/designer-generated
InstallationManagerEditor.vb,InstallationManagerEditor,SelectedSet,Property,,InstallationManagerEditor.vb:50,none,,Deferred,installation-SETS/checkpoints editor (dead MsInstallationManager) + nwm-convert + crash-dump.
InstallationManagerEditor.vb,InstallationManagerEditor,CursorState,Property,,InstallationManagerEditor.vb:76,none,,Divergence,WinForms lifecycle/virtual-list/shell-integration/key plumbing.
InstallationManagerEditor.vb,InstallationManagerEditor,ShowDialog,Function,,InstallationManagerEditor.vb:99,strong,vaultkeeper/ui/dialogs/about.py | vaultkeeper/ui/dialogs/classes_skills_feats.py | vaultkeeper/ui/main_window.py,Ported,DocOrganiser/ModPlayViewer/WizardBuilder core report/view/save logic (subagent+orchestrator).
InstallationManagerEditor.vb,InstallationManagerEditor,InstallationManager_Load,Sub,MyBase.Load,InstallationManagerEditor.vb:110,none,,Divergence,WinForms lifecycle/virtual-list/shell-integration/key plumbing.
InstallationManagerEditor.vb,InstallationManagerEditor,InstallationManager_Shown,Sub,Me.Shown,InstallationManagerEditor.vb:232,none,,Divergence,WinForms lifecycle/virtual-list/shell-integration/key plumbing.
InstallationManagerEditor.vb,InstallationManagerEditor,InstallationManagerEditor_FormClosing,Sub,Me.FormClosing,InstallationManagerEditor.vb:244,none,,Divergence,WinForms lifecycle/virtual-list/shell-integration/key plumbing.
InstallationManagerEditor.vb,InstallationManagerEditor,BtApply_Click,Sub,BtApply.Click,InstallationManagerEditor.vb:268,strong,vaultkeeper/ui/dialogs/character_filter.py,Deferred,ModFindAndRename (dead MsFindAndRename) + DocOrganiser Properties/Reset + wizard file-threshold.
InstallationManagerEditor.vb,InstallationManagerEditor,BtSave_Click,Sub,BtSave.Click,InstallationManagerEditor.vb:320,strong,vaultkeeper/ui/controller.py,Ported,DocOrganiser/ModPlayViewer/WizardBuilder core report/view/save logic (subagent+orchestrator).
InstallationManagerEditor.vb,InstallationManagerEditor,BtCancel_Click,Sub,BtCancel.Click,InstallationManagerEditor.vb:332,none,,Divergence,WinForms event/progress/UI plumbing refactored into controller/vault + bounded viewer (search/copy-paste/nav). Owner-confirm candidates: StartScreen export/copy-paste/search.
InstallationManagerEditor.vb,InstallationManagerEditor,TsCheckpoint_Click,Sub,TsCheckpoint.Click,InstallationManagerEditor.vb:347,none,,Deferred,installation-SETS/checkpoints editor (dead MsInstallationManager) + nwm-convert + crash-dump.
InstallationManagerEditor.vb,InstallationManagerEditor,TsCreateSet_Click,Sub,TsCreateSet.Click,InstallationManagerEditor.vb:359,none,,Deferred,installation-SETS/checkpoints editor (dead MsInstallationManager) + nwm-convert + crash-dump.
InstallationManagerEditor.vb,InstallationManagerEditor,TsRename_Click,Sub,TsRename.Click,InstallationManagerEditor.vb:381,none,,Deferred,installation-SETS/checkpoints editor (dead MsInstallationManager) + nwm-convert + crash-dump.
InstallationManagerEditor.vb,InstallationManagerEditor,TsPrune_Click,Sub,TsPrune.Click,InstallationManagerEditor.vb:398,none,,Deferred,installation-SETS/checkpoints editor (dead MsInstallationManager) + nwm-convert + crash-dump.
InstallationManagerEditor.vb,InstallationManagerEditor,TsDelete_Click,Sub,TsDelete.Click,InstallationManagerEditor.vb:424,none,,Partial,"WizardBuilder transfer/display + GameManager archive/restore/activate/deactivate/delete actions (core ported, VB wiring divergent)."
InstallationManagerEditor.vb,InstallationManagerEditor,TsSortBy_Click,Sub,"TsUpdated.Click, TsCreated.Click, TsSetName.Click",InstallationManagerEditor.vb:440,none,,Deferred,installation-SETS/checkpoints editor (dead MsInstallationManager) + nwm-convert + crash-dump.
InstallationManagerEditor.vb,InstallationManagerEditor,TsSortOrder_Click,Sub,"TsAscending.Click, TsDescending.Click",InstallationManagerEditor.vb:476,none,,Deferred,installation-SETS/checkpoints editor (dead MsInstallationManager) + nwm-convert + crash-dump.
InstallationManagerEditor.vb,InstallationManagerEditor,TsGroupSelector_Click,Sub,TsGroupSelector.Click,InstallationManagerEditor.vb:500,none,,Deferred,installation-SETS/checkpoints editor (dead MsInstallationManager) + nwm-convert + crash-dump.
InstallationManagerEditor.vb,InstallationManagerEditor,BhInstallationManager_Click,Sub,BhInstallationManager.Click,InstallationManagerEditor.vb:515,none,,Divergence,WinForms lifecycle/virtual-list/shell-integration/key plumbing.
InstallationManagerEditor.vb,InstallationManagerEditor,LvSets_Enter,Sub,LvSets.Enter,InstallationManagerEditor.vb:528,none,,Deferred,installation-SETS/checkpoints editor (dead MsInstallationManager) + nwm-convert + crash-dump.
InstallationManagerEditor.vb,InstallationManagerEditor,LvSets_RetrieveVirtualItem,Sub,LvSets.RetrieveVirtualItem,InstallationManagerEditor.vb:538,none,,Deferred,installation-SETS/checkpoints editor (dead MsInstallationManager) + nwm-convert + crash-dump.
InstallationManagerEditor.vb,InstallationManagerEditor,LvSets_ItemClicked,Sub,LvSets.ItemClicked,InstallationManagerEditor.vb:563,none,,Deferred,installation-SETS/checkpoints editor (dead MsInstallationManager) + nwm-convert + crash-dump.
InstallationManagerEditor.vb,InstallationManagerEditor,LvSets_SelectedIndexChanged,Sub,LvSets.SelectedIndexChanged,InstallationManagerEditor.vb:608,none,,Deferred,installation-SETS/checkpoints editor (dead MsInstallationManager) + nwm-convert + crash-dump.
InstallationManagerEditor.vb,InstallationManagerEditor,LvSets_Leave,Sub,LvSets.Leave,InstallationManagerEditor.vb:635,none,,Divergence,WinForms lifecycle/virtual-list/shell-integration/key plumbing.
InstallationManagerEditor.vb,InstallationManagerEditor,LvGroups_RetrieveVirtualItem,Sub,LvGroups.RetrieveVirtualItem,InstallationManagerEditor.vb:649,none,,Deferred,installation-SETS/checkpoints editor (dead MsInstallationManager) + nwm-convert + crash-dump.
InstallationManagerEditor.vb,InstallationManagerEditor,LvGroups_SelectedIndexChanged,Sub,LvGroups.SelectedIndexChanged,InstallationManagerEditor.vb:670,none,,Deferred,installation-SETS/checkpoints editor (dead MsInstallationManager) + nwm-convert + crash-dump.
InstallationManagerEditor.vb,InstallationManagerEditor,LvGroups_ItemClicked,Sub,LvGroups.ItemClicked,InstallationManagerEditor.vb:687,none,,Deferred,installation-SETS/checkpoints editor (dead MsInstallationManager) + nwm-convert + crash-dump.
InstallationManagerEditor.vb,InstallationManagerEditor,LvMods_RetrieveVirtualItem,Sub,LvMods.RetrieveVirtualItem,InstallationManagerEditor.vb:726,none,,Deferred,ModFindAndRename (dead MsFindAndRename) + DocOrganiser Properties/Reset + wizard file-threshold.
InstallationManagerEditor.vb,InstallationManagerEditor,LvMods_ItemClicked,Sub,LvMods.ItemClicked,InstallationManagerEditor.vb:746,none,,Deferred,ModFindAndRename (dead MsFindAndRename) + DocOrganiser Properties/Reset + wizard file-threshold.
InstallationManagerEditor.vb,InstallationManagerEditor,LvGroupSelector_ItemCheck,Sub,LvGroupSelector.ItemCheck,InstallationManagerEditor.vb:779,none,,Deferred,installation-SETS/checkpoints editor (dead MsInstallationManager) + nwm-convert + crash-dump.
InstallationManagerEditor.vb,InstallationManagerEditor,PopulateList,Sub,,InstallationManagerEditor.vb:821,none,,Deferred,installation-SETS/checkpoints editor (dead MsInstallationManager) + nwm-convert + crash-dump.
InstallationManagerEditor.vb,InstallationManagerEditor,Apply,Sub,,InstallationManagerEditor.vb:840,strong,vaultkeeper/game/play_data_manager.py | vaultkeeper/game/recovery.py | vaultkeeper/ui/app.py,Ported,install engine + rename + analyser browser report (subagent-swept).
InstallationManagerEditor.vb,InstallationManagerEditor,SetSelectorAvailability,Sub,,InstallationManagerEditor.vb:873,none,,Deferred,installation-SETS/checkpoints editor (dead MsInstallationManager) + nwm-convert + crash-dump.
InstallationManagerEditor.vb,InstallationManagerEditor,SetButtonAvailability,Sub,,InstallationManagerEditor.vb:889,none,,Deferred,installation-SETS/checkpoints editor (dead MsInstallationManager) + nwm-convert + crash-dump.
InstallationManagerEditor.vb,InstallationManagerEditor,KeepSelected,Sub,,InstallationManagerEditor.vb:921,none,,Deferred,installation-SETS/checkpoints editor (dead MsInstallationManager) + nwm-convert + crash-dump.
InstallationManagerEditor.vb,InstallationManagerEditor,SetGroupsSelected,Sub,,InstallationManagerEditor.vb:943,none,,Deferred,installation-SETS/checkpoints editor (dead MsInstallationManager) + nwm-convert + crash-dump.
InstallationManagerEditor.vb,InstallationManagerEditor,ValidateSetName,Function,,InstallationManagerEditor.vb:968,none,,Deferred,installation-SETS/checkpoints editor (dead MsInstallationManager) + nwm-convert + crash-dump.
InstallationManagerEditor.vb,InstallationManagerEditor,SortSets,Sub,,InstallationManagerEditor.vb:1005,none,,Deferred,installation-SETS/checkpoints editor (dead MsInstallationManager) + nwm-convert + crash-dump.
InstallationManagerEditor.vb,InstallationManagerEditor,WndProc,Sub,,InstallationManagerEditor.vb:1036,none,,Divergence,"bounded read-only viewer port: VB filters/navigation/editors/bg-workers/Windows-shell handlers intentionally not ported (PARITY.md recurring pattern). SOME are owner-confirm candidates: ModExplorer filter subsystem, PortraitManager prev/next navigation."
InstallationManagerEditor.vb,InstallationManagerEditor,ProcessCmdKey,Function,,InstallationManagerEditor.vb:1068,none,,Divergence,"bounded read-only viewer port: VB filters/navigation/editors/bg-workers/Windows-shell handlers intentionally not ported (PARITY.md recurring pattern). SOME are owner-confirm candidates: ModExplorer filter subsystem, PortraitManager prev/next navigation."
InstalledFileData.vb,InstalledFileData,New,Sub,,InstalledFileData.vb:27,strong,vaultkeeper/core/hak_patch.py | vaultkeeper/core/mapper.py | vaultkeeper/core/name_edit.py,N/A,framework/designer-generated
InstalledFileData.vb,InstalledFileData,New,Sub,,InstalledFileData.vb:45,strong,vaultkeeper/core/hak_patch.py | vaultkeeper/core/mapper.py | vaultkeeper/core/name_edit.py,N/A,framework/designer-generated
InstalledFileData.vb,InstalledFileData,New,Sub,,InstalledFileData.vb:65,strong,vaultkeeper/core/hak_patch.py | vaultkeeper/core/mapper.py | vaultkeeper/core/name_edit.py,N/A,framework/designer-generated
InstalledFileData.vb,InstalledFileData,FullName,Property,,InstalledFileData.vb:79,strong,vaultkeeper/core/profile_data.py | vaultkeeper/game/documentation.py | vaultkeeper/game/game_backup.py,AUTO-PORTED,
InstalledFileData.vb,InstalledFileData,Installer,Property,,InstalledFileData.vb:97,strong,vaultkeeper/__init__.py | vaultkeeper/config/settings.py | vaultkeeper/core/archive.py,Divergence,WinForms lifecycle/event/virtual-list/background-worker/mouse-hover plumbing.
InstalledFileData.vb,InstalledFileData,IsDefaultInstaller,Property,,InstalledFileData.vb:165,strong,vaultkeeper/core/file_data.py | vaultkeeper/core/install_manager.py | vaultkeeper/core/profile_data.py,AUTO-PORTED,
InstalledFileData.vb,InstalledFileData,IsUnknownInstaller,Property,,InstalledFileData.vb:177,strong,vaultkeeper/core/file_data.py | vaultkeeper/core/profile_data.py,AUTO-PORTED,
InstalledFileData.vb,InstalledFileData,ModFileConflicts,Property,,InstalledFileData.vb:189,strong,vaultkeeper/core/file_data.py | vaultkeeper/core/install_manager.py | vaultkeeper/core/profile_data.py,AUTO-PORTED,
InstalledFileData.vb,InstalledFileData,ModFiles,Property,,InstalledFileData.vb:198,strong,vaultkeeper/core/file_data.py | vaultkeeper/core/install_manager.py | vaultkeeper/core/profile_data.py,AUTO-PORTED,
InstalledFileData.vb,InstalledFileData,ModFileKeys,Property,,InstalledFileData.vb:206,none,,GAP?,
InstalledFileData.vb,InstalledFileData,DefaultInstaller,Sub,,InstalledFileData.vb:220,strong,vaultkeeper/core/profile_data.py,AUTO-PORTED,
InstalledFileData.vb,InstalledFileData,InstallerConflicts,Sub,,InstalledFileData.vb:251,strong,vaultkeeper/core/file_data.py | vaultkeeper/core/profile_data.py,AUTO-PORTED,
InstalledFileData.vb,InstalledFileData,ResetModFiles,Sub,,InstalledFileData.vb:280,strong,vaultkeeper/core/file_data.py | vaultkeeper/core/profile_data.py,AUTO-PORTED,
InstalledFileData.vb,InstalledFileData,RemoveModFile,Sub,,InstalledFileData.vb:354,strong,vaultkeeper/core/file_data.py | vaultkeeper/core/install_manager.py | vaultkeeper/core/profile_data.py,AUTO-PORTED,
InstalledFileData.vb,InstalledFileData,RemoveFile,Sub,,InstalledFileData.vb:392,strong,vaultkeeper/core/file_data.py | vaultkeeper/core/mod_data.py | vaultkeeper/core/profile_data.py,AUTO-PORTED,
InstalledFileData.vb,InstalledFileData,Rename,Sub,,InstalledFileData.vb:424,strong,vaultkeeper/core/file_data.py | vaultkeeper/core/fs.py | vaultkeeper/core/group_member.py,AUTO-PORTED,
InstalledFileData.vb,InstalledFileData,Clone,Function,,InstalledFileData.vb:466,strong,vaultkeeper/core/change_data.py | vaultkeeper/core/file_data.py | vaultkeeper/core/mod_data.py,N/A,framework/designer-generated
Mapper.vb,C,New,Sub,,Mapper.vb:131,strong,vaultkeeper/core/hak_patch.py | vaultkeeper/core/mapper.py | vaultkeeper/core/name_edit.py,N/A,framework/designer-generated
Mapper.vb,Mapper,NwnRootFolder,Property,,Mapper.vb:293,strong,vaultkeeper/core/file_key.py,AUTO-PORTED,
Mapper.vb,Mapper,LegalFolders,Property,,Mapper.vb:316,comment,vaultkeeper/core/mapper.py,AUTO-PORTED,matched in comment/docstring
Mapper.vb,Mapper,ExcludeTypes,Property,,Mapper.vb:329,none,,Partial,capability present but bounded (map editor via FolderMapping dialog + map_overrides; edition prompts).
Mapper.vb,Mapper,PlayerExcludesCount,Property,,Mapper.vb:341,none,,Partial,capability present but bounded (map editor via FolderMapping dialog + map_overrides; edition prompts).
Mapper.vb,Mapper,DatabaseFileMask,Property,,Mapper.vb:354,none,,Partial,capability present but bounded (map editor via FolderMapping dialog + map_overrides; edition prompts).
Mapper.vb,Mapper,ModInstallerList,Property,,Mapper.vb:375,none,,Partial,capability present but bounded (map editor via FolderMapping dialog + map_overrides; edition prompts).
Mapper.vb,Mapper,OldDatabaseExtensions,Property,,Mapper.vb:383,none,,Partial,capability present but bounded (map editor via FolderMapping dialog + map_overrides; edition prompts).
Mapper.vb,Mapper,New,Sub,,Mapper.vb:401,strong,vaultkeeper/core/hak_patch.py | vaultkeeper/core/mapper.py | vaultkeeper/core/name_edit.py,N/A,framework/designer-generated
Mapper.vb,Mapper,Initialise,Sub,,Mapper.vb:516,strong,vaultkeeper/core/mapper.py,Divergence,"VB per-preference ListView-editor framework (Preferences/Config/Profiles/Locations pages, Import/Export/Reset/Undo). Bounded port = tabbed dialog + FolderMapping + status-bar profile menu. Subagent verdict: 0 MISSING user prefs (see FINDING_3_SETTINGS.md for the pref-level gap = 10 add-a-setting items)."
Mapper.vb,Mapper,CheckPlayerExcludes,Function,,Mapper.vb:623,none,,Partial,capability present but bounded (map editor via FolderMapping dialog + map_overrides; edition prompts).
Mapper.vb,Mapper,MapMigrated,Property,,Mapper.vb:713,none,,Deferred,"unported subsystem: map-version migrations (Phase-8), original-restorers, MsValidate validators, dev-folder."
Mapper.vb,Mapper,MapMigratedText,Property,,Mapper.vb:719,none,,Deferred,"unported subsystem: map-version migrations (Phase-8), original-restorers, MsValidate validators, dev-folder."
Mapper.vb,Mapper,UpdateFromVersion6,Sub,,Mapper.vb:752,none,,Deferred,"unported subsystem: map-version migrations (Phase-8), original-restorers, MsValidate validators, dev-folder."
Mapper.vb,Mapper,UpdateFromVersion8,Sub,,Mapper.vb:812,none,,Deferred,"unported subsystem: map-version migrations (Phase-8), original-restorers, MsValidate validators, dev-folder."
Mapper.vb,Mapper,UpdateFromVersion9,Sub,,Mapper.vb:862,none,,Deferred,"unported subsystem: map-version migrations (Phase-8), original-restorers, MsValidate validators, dev-folder."
Mapper.vb,Mapper,UpdateFromVersion10,Sub,,Mapper.vb:901,none,,Deferred,"unported subsystem: map-version migrations (Phase-8), original-restorers, MsValidate validators, dev-folder."
Mapper.vb,Mapper,UpdateFromVersion11,Sub,,Mapper.vb:940,none,,Deferred,"unported subsystem: map-version migrations (Phase-8), original-restorers, MsValidate validators, dev-folder."
Mapper.vb,Mapper,UpdateFromVersion12,Sub,,Mapper.vb:963,none,,Deferred,"unported subsystem: map-version migrations (Phase-8), original-restorers, MsValidate validators, dev-folder."
Mapper.vb,Mapper,UpdateFromVersion13,Sub,,Mapper.vb:999,none,,Deferred,"unported subsystem: map-version migrations (Phase-8), original-restorers, MsValidate validators, dev-folder."
Mapper.vb,Mapper,UpdateFromVersion14,Sub,,Mapper.vb:1039,none,,Deferred,"unported subsystem: map-version migrations (Phase-8), original-restorers, MsValidate validators, dev-folder."
Mapper.vb,Mapper,UpdateFromVersion15,Sub,,Mapper.vb:1072,none,,Deferred,"unported subsystem: map-version migrations (Phase-8), original-restorers, MsValidate validators, dev-folder."
Mapper.vb,Mapper,UpdateFromVersion16,Sub,,Mapper.vb:1106,none,,Deferred,"unported subsystem: map-version migrations (Phase-8), original-restorers, MsValidate validators, dev-folder."
Mapper.vb,Mapper,UpdateFromVersion17,Sub,,Mapper.vb:1141,none,,Deferred,"unported subsystem: map-version migrations (Phase-8), original-restorers, MsValidate validators, dev-folder."
Mapper.vb,Mapper,UpdateFromVersion18,Sub,,Mapper.vb:1175,none,,Deferred,"unported subsystem: map-version migrations (Phase-8), original-restorers, MsValidate validators, dev-folder."
Mapper.vb,Mapper,UpdateFromVersion19,Sub,,Mapper.vb:1229,none,,Deferred,"unported subsystem: map-version migrations (Phase-8), original-restorers, MsValidate validators, dev-folder."
Mapper.vb,Mapper,UpdateFromVersion20,Sub,,Mapper.vb:1263,none,,Deferred,"unported subsystem: map-version migrations (Phase-8), original-restorers, MsValidate validators, dev-folder."
Mapper.vb,Mapper,UpdateFromVersion21,Sub,,Mapper.vb:1297,none,,Deferred,"unported subsystem: map-version migrations (Phase-8), original-restorers, MsValidate validators, dev-folder."
Mapper.vb,Mapper,DefaultExtMapping,Property,,Mapper.vb:1353,strong,vaultkeeper/core/mapper.py,AUTO-PORTED,
Mapper.vb,Mapper,DefaultDirMapping,Property,,Mapper.vb:1443,strong,vaultkeeper/core/mapper.py,AUTO-PORTED,
Mapper.vb,Mapper,DefaultExceptionFiles,Property,,Mapper.vb:1466,strong,vaultkeeper/core/mapper.py,AUTO-PORTED,
Mapper.vb,Mapper,DefaultExceptionPrefixes,Property,,Mapper.vb:1481,strong,vaultkeeper/core/mapper.py,AUTO-PORTED,
Mapper.vb,Mapper,DefaultFolderMoves,Property,,Mapper.vb:1528,strong,vaultkeeper/core/mapper.py,AUTO-PORTED,
Mapper.vb,Mapper,DefaultExcludeFolders,Property,,Mapper.vb:1547,strong,vaultkeeper/core/mapper.py,AUTO-PORTED,
Mapper.vb,Mapper,DefaultExcludeMods,Property,,Mapper.vb:1568,strong,vaultkeeper/core/mapper.py,AUTO-PORTED,
Mapper.vb,Mapper,DefaultExcludeFiles,Property,,Mapper.vb:1583,strong,vaultkeeper/core/mapper.py,AUTO-PORTED,
Mapper.vb,Mapper,DefineNwnFolders,Sub,,Mapper.vb:1601,strong,vaultkeeper/core/mapper.py,AUTO-PORTED,
Mapper.vb,Mapper,DefineEeFolders,Sub,,Mapper.vb:1643,strong,vaultkeeper/core/mapper.py,AUTO-PORTED,
Mapper.vb,Mapper,DevelopmentFolder,Sub,,Mapper.vb:1716,none,,Deferred,"unported subsystem: map-version migrations (Phase-8), original-restorers, MsValidate validators, dev-folder."
Mapper.vb,Mapper,CreateMandatoryFolders,Sub,,Mapper.vb:1775,none,,Partial,capability present but bounded (map editor via FolderMapping dialog + map_overrides; edition prompts).
Mapper.vb,Mapper,MappedFolder,Function,,Mapper.vb:1796,comment,vaultkeeper/game/installer_build.py | vaultkeeper/game/wizard.py,AUTO-PORTED,matched in comment/docstring
Mapper.vb,Mapper,MappedFolderPath,Function,,Mapper.vb:1810,none,,Ported,confirmed in port core (grep): mapping/reserved/editions/checksums/mutators.
Mapper.vb,Mapper,MappedExtension,Function,,Mapper.vb:1823,strong,vaultkeeper/core/mapper.py | vaultkeeper/core/profile_data.py,AUTO-PORTED,
Mapper.vb,Mapper,RootMappedExtension,Function,,Mapper.vb:1836,strong,vaultkeeper/core/mapper.py,AUTO-PORTED,
Mapper.vb,Mapper,ExtensionFolder,Function,,Mapper.vb:1849,strong,vaultkeeper/core/mapper.py,AUTO-PORTED,
Mapper.vb,Mapper,AllowMoves,Function,,Mapper.vb:1867,strong,vaultkeeper/core/mapper.py,AUTO-PORTED,
Mapper.vb,Mapper,IsExceptionFile,Function,,Mapper.vb:1880,strong,vaultkeeper/core/mapper.py,AUTO-PORTED,
Mapper.vb,Mapper,IsOptionalExtension,Function,,Mapper.vb:1893,strong,vaultkeeper/core/mapper.py,AUTO-PORTED,
Mapper.vb,Mapper,IsDatabaseExtension,Function,,Mapper.vb:1906,strong,vaultkeeper/core/install_manager.py | vaultkeeper/core/mapper.py,AUTO-PORTED,
Mapper.vb,Mapper,IsNwnExtension,Function,,Mapper.vb:1919,strong,vaultkeeper/core/mapper.py | vaultkeeper/ui/controller.py,AUTO-PORTED,
Mapper.vb,Mapper,CanRenameExtension,Function,,Mapper.vb:1932,strong,vaultkeeper/core/mapper.py,AUTO-PORTED,
Mapper.vb,Mapper,IsIdentifierFile,Function,,Mapper.vb:1945,strong,vaultkeeper/core/mapper.py,AUTO-PORTED,
Mapper.vb,Mapper,IsLegalFolder,Function,,Mapper.vb:1958,strong,vaultkeeper/core/mapper.py | vaultkeeper/ui/controller.py,AUTO-PORTED,
Mapper.vb,Mapper,IsExcludedFolder,Function,,Mapper.vb:1971,strong,vaultkeeper/core/mapper.py | vaultkeeper/game/wizard.py | vaultkeeper/ui/controller.py,AUTO-PORTED,
Mapper.vb,Mapper,ContainsExcludedFolder,Function,,Mapper.vb:1984,strong,vaultkeeper/core/mapper.py | vaultkeeper/game/installer_build.py,AUTO-PORTED,
Mapper.vb,Mapper,IsExcludedFile,Function,,Mapper.vb:2008,strong,vaultkeeper/core/mapper.py | vaultkeeper/game/installer_build.py | vaultkeeper/ui/controller.py,AUTO-PORTED,
Mapper.vb,Mapper,IsExcludedFile,Function,,Mapper.vb:2021,strong,vaultkeeper/core/mapper.py | vaultkeeper/game/installer_build.py | vaultkeeper/ui/controller.py,AUTO-PORTED,
Mapper.vb,Mapper,IsDemoMod,Function,,Mapper.vb:2046,strong,vaultkeeper/core/mapper.py | vaultkeeper/game/installer_build.py,AUTO-PORTED,
Mapper.vb,Mapper,IsDemoMod,Function,,Mapper.vb:2059,strong,vaultkeeper/core/mapper.py | vaultkeeper/game/installer_build.py,AUTO-PORTED,
Mapper.vb,Mapper,IsExcludedErf,Function,,Mapper.vb:2098,strong,vaultkeeper/core/mapper.py,AUTO-PORTED,
Mapper.vb,Mapper,IsExcludedErfFolder,Function,,Mapper.vb:2112,strong,vaultkeeper/core/mapper.py | vaultkeeper/game/installer_build.py,AUTO-PORTED,
Mapper.vb,Mapper,IsTexturePackFolder,Function,,Mapper.vb:2123,strong,vaultkeeper/core/mapper.py,AUTO-PORTED,
Mapper.vb,Mapper,GetMappedFolder,Function,,Mapper.vb:2139,strong,vaultkeeper/core/mapper.py | vaultkeeper/game/installer_build.py | vaultkeeper/game/wizard.py,AUTO-PORTED,
Mapper.vb,Mapper,GetMappedFolder,Function,,Mapper.vb:2153,strong,vaultkeeper/core/mapper.py | vaultkeeper/game/installer_build.py | vaultkeeper/game/wizard.py,AUTO-PORTED,
Mapper.vb,Mapper,GetMoveTarget,Function,,Mapper.vb:2230,strong,vaultkeeper/core/mapper.py,AUTO-PORTED,
Mapper.vb,Mapper,GetSecondaryFolder,Function,,Mapper.vb:2248,strong,vaultkeeper/core/mapper.py | vaultkeeper/game/installer_build.py | vaultkeeper/ui/controller.py,AUTO-PORTED,
Mapper.vb,Mapper,GetPrimaryFolder,Function,,Mapper.vb:2265,strong,vaultkeeper/core/mapper.py | vaultkeeper/game/installer_build.py,AUTO-PORTED,
Mapper.vb,Mapper,GetFolderList,Function,,Mapper.vb:2283,none,,Ported,confirmed in port core (grep): mapping/reserved/editions/checksums/mutators.
Mapper.vb,Mapper,GetExtensionMap,Sub,,Mapper.vb:2324,none,,Partial,capability present but bounded (map editor via FolderMapping dialog + map_overrides; edition prompts).
Mapper.vb,Mapper,GetDefaultExtensionMap,Function,,Mapper.vb:2346,none,,Partial,capability present but bounded (map editor via FolderMapping dialog + map_overrides; edition prompts).
Mapper.vb,Mapper,ImportedExtensionMap,Function,,Mapper.vb:2360,none,,Partial,capability present but bounded (map editor via FolderMapping dialog + map_overrides; edition prompts).
Mapper.vb,Mapper,ExtensionMapDictionary,Function,,Mapper.vb:2377,none,,Partial,capability present but bounded (map editor via FolderMapping dialog + map_overrides; edition prompts).
Mapper.vb,Mapper,SetExtensionMap,Sub,,Mapper.vb:2407,none,,Partial,capability present but bounded (map editor via FolderMapping dialog + map_overrides; edition prompts).
Mapper.vb,Mapper,GetDirMapping,Sub,,Mapper.vb:2441,none,,Partial,capability present but bounded (map editor via FolderMapping dialog + map_overrides; edition prompts).
Mapper.vb,Mapper,ImportedDirMapping,Function,,Mapper.vb:2455,none,,Partial,capability present but bounded (map editor via FolderMapping dialog + map_overrides; edition prompts).
Mapper.vb,Mapper,SetDirMapping,Sub,,Mapper.vb:2466,none,,Partial,capability present but bounded (map editor via FolderMapping dialog + map_overrides; edition prompts).
Mapper.vb,Mapper,GetExceptionFiles,Sub,,Mapper.vb:2482,none,,Partial,capability present but bounded (map editor via FolderMapping dialog + map_overrides; edition prompts).
Mapper.vb,Mapper,ImportedExceptionFiles,Function,,Mapper.vb:2497,none,,Partial,capability present but bounded (map editor via FolderMapping dialog + map_overrides; edition prompts).
Mapper.vb,Mapper,SetExceptionFiles,Sub,,Mapper.vb:2509,none,,Partial,capability present but bounded (map editor via FolderMapping dialog + map_overrides; edition prompts).
Mapper.vb,Mapper,GetExceptionPrefixes,Sub,,Mapper.vb:2525,none,,Partial,capability present but bounded (map editor via FolderMapping dialog + map_overrides; edition prompts).
Mapper.vb,Mapper,SetExceptionPrefixes,Sub,,Mapper.vb:2539,none,,Partial,capability present but bounded (map editor via FolderMapping dialog + map_overrides; edition prompts).
Mapper.vb,Mapper,GetFolderMoves,Sub,,Mapper.vb:2556,none,,Partial,capability present but bounded (map editor via FolderMapping dialog + map_overrides; edition prompts).
Mapper.vb,Mapper,SetFolderMoves,Sub,,Mapper.vb:2570,none,,Partial,capability present but bounded (map editor via FolderMapping dialog + map_overrides; edition prompts).
Mapper.vb,Mapper,GetExcludes,Sub,,Mapper.vb:2587,none,,Partial,capability present but bounded (map editor via FolderMapping dialog + map_overrides; edition prompts).
Mapper.vb,Mapper,ImportedExcludeMods,Function,,Mapper.vb:2626,none,,Partial,capability present but bounded (map editor via FolderMapping dialog + map_overrides; edition prompts).
Mapper.vb,Mapper,ImportedExcludeFiles,Function,,Mapper.vb:2648,none,,Partial,capability present but bounded (map editor via FolderMapping dialog + map_overrides; edition prompts).
Mapper.vb,Mapper,ImportedExcludeFolders,Function,,Mapper.vb:2670,none,,Partial,capability present but bounded (map editor via FolderMapping dialog + map_overrides; edition prompts).
Mapper.vb,Mapper,IsPlayerExclude,Function,,Mapper.vb:2691,none,,Partial,capability present but bounded (map editor via FolderMapping dialog + map_overrides; edition prompts).
Mapper.vb,Mapper,AddPlayerExcludes,Function,,Mapper.vb:2705,none,,Partial,capability present but bounded (map editor via FolderMapping dialog + map_overrides; edition prompts).
Mapper.vb,Mapper,RemovePlayerExcludes,Function,,Mapper.vb:2741,none,,Partial,capability present but bounded (map editor via FolderMapping dialog + map_overrides; edition prompts).
Mapper.vb,Mapper,SetExcludes,Sub,,Mapper.vb:2767,none,,Partial,capability present but bounded (map editor via FolderMapping dialog + map_overrides; edition prompts).
Mapper.vb,Mapper,UpdateMapSettings,Sub,,Mapper.vb:2819,none,,Partial,capability present but bounded (map editor via FolderMapping dialog + map_overrides; edition prompts).
Mapper.vb,Mapper,GetSettingExcludeFolders,Sub,,Mapper.vb:2842,none,,Divergence,"VB ListView/settings-format plumbing, native-JSON persistence (vs NRBF tables), UI-state files, Windows-specific."
Mapper.vb,Mapper,GetSettingsExcludeMods,Sub,,Mapper.vb:2855,none,,Divergence,"VB ListView/settings-format plumbing, native-JSON persistence (vs NRBF tables), UI-state files, Windows-specific."
Mapper.vb,Mapper,GetSettingsExcludeFiles,Sub,,Mapper.vb:2868,none,,Divergence,"VB ListView/settings-format plumbing, native-JSON persistence (vs NRBF tables), UI-state files, Windows-specific."
Mapper.vb,Mapper,GetExcludes,Sub,,Mapper.vb:2884,none,,Partial,capability present but bounded (map editor via FolderMapping dialog + map_overrides; edition prompts).
Mapper.vb,Mapper,FormatExcludes,Function,,Mapper.vb:2914,none,,Divergence,"VB ListView/settings-format plumbing, native-JSON persistence (vs NRBF tables), UI-state files, Windows-specific."
Mapper.vb,Mapper,GetSettingSingle,Function,,Mapper.vb:2937,none,,Divergence,"VB ListView/settings-format plumbing, native-JSON persistence (vs NRBF tables), UI-state files, Windows-specific."
Mapper.vb,Mapper,FormatSettingSingle,Function,,Mapper.vb:2961,none,,Divergence,"VB ListView/settings-format plumbing, native-JSON persistence (vs NRBF tables), UI-state files, Windows-specific."
Mapper.vb,Mapper,GetSettingList,Function,,Mapper.vb:2981,none,,Divergence,"VB ListView/settings-format plumbing, native-JSON persistence (vs NRBF tables), UI-state files, Windows-specific."
Mapper.vb,Mapper,FormatSettingList,Function,,Mapper.vb:3005,none,,Divergence,"VB ListView/settings-format plumbing, native-JSON persistence (vs NRBF tables), UI-state files, Windows-specific."
Mapper.vb,Mapper,SingleToListView,Function,,Mapper.vb:3032,none,,Divergence,"VB ListView/settings-format plumbing, native-JSON persistence (vs NRBF tables), UI-state files, Windows-specific."
Mapper.vb,Mapper,SingleFromListView,Function,,Mapper.vb:3065,none,,Divergence,"VB ListView/settings-format plumbing, native-JSON persistence (vs NRBF tables), UI-state files, Windows-specific."
Mapper.vb,Mapper,ListToListView,Function,,Mapper.vb:3084,none,,Divergence,"VB ListView/settings-format plumbing, native-JSON persistence (vs NRBF tables), UI-state files, Windows-specific."
Mapper.vb,Mapper,ListFromListView,Function,,Mapper.vb:3112,none,,Divergence,"VB ListView/settings-format plumbing, native-JSON persistence (vs NRBF tables), UI-state files, Windows-specific."
MenuItemEditor.vb,MenuItemEditor,Operation,Property,,MenuItemEditor.vb:49,strong,vaultkeeper/core/archive.py | vaultkeeper/game/game_backup.py | vaultkeeper/game/play_data_manager.py,Divergence,WinForms lifecycle/event/virtual-list/background-worker/mouse-hover plumbing.
MenuItemEditor.vb,MenuItemEditor,MenuLocation,Property,,MenuItemEditor.vb:78,none,,Partial,"menu-item editor (web ported, run-menu deferred) + conflict counts."
MenuItemEditor.vb,MenuItemEditor,MenuText,Property,,MenuItemEditor.vb:93,none,,Partial,"menu-item editor (web ported, run-menu deferred) + conflict counts."
MenuItemEditor.vb,MenuItemEditor,UsedCharacters,Property,,MenuItemEditor.vb:108,none,,Partial,"menu-item editor (web ported, run-menu deferred) + conflict counts."
MenuItemEditor.vb,MenuItemEditor,Lv,Property,,MenuItemEditor.vb:127,none,,Divergence,WinForms lifecycle/event/virtual-list/background-worker/mouse-hover plumbing.
MenuItemEditor.vb,MenuItemEditor,ShowDialog,Function,,MenuItemEditor.vb:156,strong,vaultkeeper/ui/dialogs/about.py | vaultkeeper/ui/dialogs/classes_skills_feats.py | vaultkeeper/ui/main_window.py,Ported,DocOrganiser/ModPlayViewer/WizardBuilder core report/view/save logic (subagent+orchestrator).
MenuItemEditor.vb,MenuItemEditor,ShowDialog,Function,,MenuItemEditor.vb:173,strong,vaultkeeper/ui/dialogs/about.py | vaultkeeper/ui/dialogs/classes_skills_feats.py | vaultkeeper/ui/main_window.py,Ported,DocOrganiser/ModPlayViewer/WizardBuilder core report/view/save logic (subagent+orchestrator).
MenuItemEditor.vb,MenuItemEditor,MenuItemEditor_Load,Sub,MyBase.Load,MenuItemEditor.vb:188,none,,Divergence,WinForms lifecycle/event/virtual-list/background-worker/mouse-hover plumbing.
MenuItemEditor.vb,MenuItemEditor,MenuItemEditor_Shown,Sub,Me.Shown,MenuItemEditor.vb:295,none,,Divergence,WinForms lifecycle/event/virtual-list/background-worker/mouse-hover plumbing.
MenuItemEditor.vb,MenuItemEditor,BtCancel_Click,Sub,BtCancel.Click,MenuItemEditor.vb:309,none,,Divergence,WinForms event/progress/UI plumbing refactored into controller/vault + bounded viewer (search/copy-paste/nav). Owner-confirm candidates: StartScreen export/copy-paste/search.
MenuItemEditor.vb,MenuItemEditor,BtSave_Click,Sub,BtSave.Click,MenuItemEditor.vb:320,strong,vaultkeeper/ui/controller.py,Ported,DocOrganiser/ModPlayViewer/WizardBuilder core report/view/save logic (subagent+orchestrator).
MenuItemEditor.vb,MenuItemEditor,TxProgramLocation_KeyPress,Sub,,MenuItemEditor.vb:342,none,,Divergence,WinForms lifecycle/event/virtual-list/background-worker/mouse-hover plumbing.
MenuItemEditor.vb,MenuItemEditor,TxProgramLocation_TextChanged,Sub,,MenuItemEditor.vb:350,none,,Divergence,WinForms lifecycle/event/virtual-list/background-worker/mouse-hover plumbing.
MenuItemEditor.vb,MenuItemEditor,BhProgramBrowseLocation_Click,Sub,,MenuItemEditor.vb:388,none,,Divergence,WinForms lifecycle/event/virtual-list/background-worker/mouse-hover plumbing.
MenuItemEditor.vb,MenuItemEditor,TxWebLocation_TextChanged,Sub,,MenuItemEditor.vb:423,none,,Divergence,WinForms lifecycle/event/virtual-list/background-worker/mouse-hover plumbing.
MenuItemEditor.vb,MenuItemEditor,BhWebBrowseLocation_Click,Sub,,MenuItemEditor.vb:434,none,,Divergence,WinForms lifecycle/event/virtual-list/background-worker/mouse-hover plumbing.
MenuItemEditor.vb,MenuItemEditor,MenuItemEditor_Deactivate,Sub,,MenuItemEditor.vb:446,none,,Divergence,WinForms lifecycle/event/virtual-list/background-worker/mouse-hover plumbing.
MenuItemEditor.vb,MenuItemEditor,MenuItemEditor_Activated,Sub,,MenuItemEditor.vb:454,none,,Divergence,WinForms lifecycle/event/virtual-list/background-worker/mouse-hover plumbing.
MenuItemEditor.vb,MenuItemEditor,TxMenuText_KeyPress,Sub,TxMenuText.KeyPress,MenuItemEditor.vb:482,none,,Divergence,WinForms lifecycle/event/virtual-list/background-worker/mouse-hover plumbing.
MenuItemEditor.vb,MenuItemEditor,TxMenuText_TextChanged,Sub,TxMenuText.TextChanged,MenuItemEditor.vb:500,none,,Divergence,WinForms lifecycle/event/virtual-list/background-worker/mouse-hover plumbing.
MenuItemEditor.vb,MenuItemEditor,MenuTextExists,Function,,MenuItemEditor.vb:538,none,,Partial,"menu-item editor (web ported, run-menu deferred) + conflict counts."
MenuItemEditor.vb,MenuItemEditor,DisplayCharacterCount,Sub,,MenuItemEditor.vb:555,none,,Partial,"menu-item editor (web ported, run-menu deferred) + conflict counts."
MenuItemEditor.vb,MenuItemEditor,WndProc,Sub,,MenuItemEditor.vb:591,none,,Divergence,"bounded read-only viewer port: VB filters/navigation/editors/bg-workers/Windows-shell handlers intentionally not ported (PARITY.md recurring pattern). SOME are owner-confirm candidates: ModExplorer filter subsystem, PortraitManager prev/next navigation."
ModData.vb,ModData,New,Sub,,ModData.vb:31,strong,vaultkeeper/core/hak_patch.py | vaultkeeper/core/mapper.py | vaultkeeper/core/name_edit.py,N/A,framework/designer-generated
ModData.vb,ModData,New,Sub,,ModData.vb:45,strong,vaultkeeper/core/hak_patch.py | vaultkeeper/core/mapper.py | vaultkeeper/core/name_edit.py,N/A,framework/designer-generated
ModData.vb,ModData,Group,Property,,ModData.vb:71,strong,vaultkeeper/config/settings.py | vaultkeeper/core/constants.py | vaultkeeper/core/file_key.py,Ported,DocOrganiser/ModPlayViewer/WizardBuilder core report/view/save logic (subagent+orchestrator).
ModData.vb,ModData,IsGroupItem,Property,,ModData.vb:76,strong,vaultkeeper/core/mod_data.py | vaultkeeper/core/profile_data.py | vaultkeeper/game/install_verify.py,AUTO-PORTED,
ModData.vb,ModData,IsNotGroupItem,Property,,ModData.vb:85,strong,vaultkeeper/core/group_member.py | vaultkeeper/core/mod_data.py | vaultkeeper/core/profile_data.py,AUTO-PORTED,
ModData.vb,ModData,IsHiddenGroup,Property,,ModData.vb:94,strong,vaultkeeper/core/mod_data.py | vaultkeeper/core/profile_data.py | vaultkeeper/ui/controller.py,AUTO-PORTED,
ModData.vb,ModData,GroupState,Property,,ModData.vb:104,strong,vaultkeeper/core/group_member.py | vaultkeeper/core/mod_data.py | vaultkeeper/persistence/nrbf/mapping.py,AUTO-PORTED,
ModData.vb,ModData,ModName,Property,,ModData.vb:112,strong,vaultkeeper/core/change_data.py | vaultkeeper/core/file_key.py | vaultkeeper/core/install_manager.py,Ported,DocOrganiser/ModPlayViewer/WizardBuilder core report/view/save logic (subagent+orchestrator).
ModData.vb,ModData,WorkshopId,Property,,ModData.vb:122,strong,vaultkeeper/core/mod_data.py | vaultkeeper/persistence/nrbf/mapping.py | vaultkeeper/persistence/profile_store.py,AUTO-PORTED,
ModData.vb,ModData,DateCompleted,Property,,ModData.vb:131,strong,vaultkeeper/core/mod_data.py | vaultkeeper/game/play_data_manager.py | vaultkeeper/game/recovery.py,AUTO-PORTED,
ModData.vb,ModData,CompletedCount,Property,,ModData.vb:140,strong,vaultkeeper/core/mod_data.py | vaultkeeper/game/play_data_manager.py | vaultkeeper/game/recovery.py,AUTO-PORTED,
ModData.vb,ModData,LastPlayed,Property,,ModData.vb:152,strong,vaultkeeper/core/play_time.py | vaultkeeper/game/play_data_manager.py | vaultkeeper/ui/controller.py,AUTO-PORTED,
ModData.vb,ModData,IsSteamManaged,Property,,ModData.vb:177,strong,vaultkeeper/core/mod_data.py | vaultkeeper/game/workshop.py,AUTO-PORTED,
ModData.vb,ModData,InstallState,Property,,ModData.vb:195,strong,vaultkeeper/core/mod_data.py | vaultkeeper/core/state.py | vaultkeeper/persistence/nrbf/mapping.py,AUTO-PORTED,
ModData.vb,ModData,ModState,Property,,ModData.vb:204,strong,vaultkeeper/core/install_manager.py | vaultkeeper/core/mod_data.py | vaultkeeper/game/install_verify.py,Ported,DocOrganiser/ModPlayViewer/WizardBuilder core report/view/save logic (subagent+orchestrator).
ModData.vb,ModData,Installed,Property,,ModData.vb:212,strong,vaultkeeper/config/settings.py | vaultkeeper/core/change_data.py | vaultkeeper/core/constants.py,Ported,DocOrganiser/ModPlayViewer/WizardBuilder core report/view/save logic (subagent+orchestrator).
ModData.vb,ModData,ModPath,Property,,ModData.vb:224,strong,vaultkeeper/core/install_manager.py | vaultkeeper/game/documentation.py | vaultkeeper/game/play_data_manager.py,AUTO-PORTED,
ModData.vb,ModData,InstallerPath,Property,,ModData.vb:236,strong,vaultkeeper/game/installer_build.py,AUTO-PORTED,
ModData.vb,ModData,HasModInstaller,Function,,ModData.vb:248,strong,vaultkeeper/core/mod_data.py | vaultkeeper/core/profile_data.py | vaultkeeper/ui/controller.py,AUTO-PORTED,
ModData.vb,ModData,HasModInstaller,Function,,ModData.vb:262,strong,vaultkeeper/core/mod_data.py | vaultkeeper/core/profile_data.py | vaultkeeper/ui/controller.py,AUTO-PORTED,
ModData.vb,ModData,HasSourceFiles,Function,,ModData.vb:275,none,,Ported,"domain layer ported Phase 1-5 (ModData mutators, play-data, vault scraper/rules parsing, GameMapper resolution)."
ModData.vb,ModData,IsRestorer,Function,,ModData.vb:287,strong,vaultkeeper/core/mod_data.py | vaultkeeper/ui/controller.py | vaultkeeper/ui/main_window.py,AUTO-PORTED,
ModData.vb,ModData,IsInstaller,Function,,ModData.vb:300,strong,vaultkeeper/core/mod_data.py | vaultkeeper/core/profile_data.py | vaultkeeper/ui/controller.py,AUTO-PORTED,
ModData.vb,ModData,HasModFile,Property,,ModData.vb:313,strong,vaultkeeper/core/mod_data.py | vaultkeeper/ui/controller.py,AUTO-PORTED,
ModData.vb,ModData,Files,Property,,ModData.vb:327,strong,vaultkeeper/app_paths.py | vaultkeeper/config/settings.py | vaultkeeper/core/archive.py,AUTO-PORTED,
ModData.vb,ModData,Dependencies,Property,,ModData.vb:335,strong,vaultkeeper/core/mod_data.py | vaultkeeper/core/profile_data.py | vaultkeeper/persistence/nrbf/mapping.py,Ported,"StartScreen actions + vault download/install pipeline (subagent-swept, orchestrator-verified vs memory)."
ModData.vb,ModData,FileKeyIndex,Function,,ModData.vb:344,strong,vaultkeeper/core/mod_data.py,AUTO-PORTED,
ModData.vb,ModData,IsModIdentifierFile,Function,,ModData.vb:356,strong,vaultkeeper/core/mod_data.py | vaultkeeper/core/profile_data.py,AUTO-PORTED,
ModData.vb,ModData,Rating,Property,,ModData.vb:369,strong,vaultkeeper/core/mod_data.py | vaultkeeper/core/state.py | vaultkeeper/game/recovery.py,Ported,DocOrganiser/ModPlayViewer/WizardBuilder core report/view/save logic (subagent+orchestrator).
ModData.vb,ModData,LevelStart,Property,,ModData.vb:378,strong,vaultkeeper/core/mod_data.py | vaultkeeper/game/recovery.py | vaultkeeper/persistence/nrbf/mapping.py,Ported,DocOrganiser/ModPlayViewer/WizardBuilder core report/view/save logic (subagent+orchestrator).
ModData.vb,ModData,LevelEnd,Property,,ModData.vb:398,strong,vaultkeeper/core/mod_data.py | vaultkeeper/game/recovery.py | vaultkeeper/persistence/nrbf/mapping.py,Ported,DocOrganiser/ModPlayViewer/WizardBuilder core report/view/save logic (subagent+orchestrator).
ModData.vb,ModData,BestWeapon,Property,,ModData.vb:417,strong,vaultkeeper/core/mod_data.py | vaultkeeper/game/recovery.py | vaultkeeper/persistence/nrbf/mapping.py,Ported,DocOrganiser/ModPlayViewer/WizardBuilder core report/view/save logic (subagent+orchestrator).
ModData.vb,ModData,HenchCount,Property,,ModData.vb:426,strong,vaultkeeper/core/mod_data.py | vaultkeeper/game/recovery.py | vaultkeeper/persistence/nrbf/mapping.py,AUTO-PORTED,
ModData.vb,ModData,WebLink,Property,,ModData.vb:435,strong,vaultkeeper/core/mod_data.py | vaultkeeper/game/recovery.py | vaultkeeper/persistence/nrbf/mapping.py,Ported,DocOrganiser/ModPlayViewer/WizardBuilder core report/view/save logic (subagent+orchestrator).
ModData.vb,ModData,Notes,Property,,ModData.vb:444,strong,vaultkeeper/app_paths.py | vaultkeeper/core/change_data.py | vaultkeeper/core/constants.py,Ported,DocOrganiser/ModPlayViewer/WizardBuilder core report/view/save logic (subagent+orchestrator).
ModData.vb,ModData,DeleteInstaller,Function,,ModData.vb:461,none,,Ported,"domain layer ported Phase 1-5 (ModData mutators, play-data, vault scraper/rules parsing, GameMapper resolution)."
ModData.vb,ModData,RemoveAllFiles,Sub,,ModData.vb:482,strong,vaultkeeper/core/mod_data.py | vaultkeeper/core/profile_data.py,AUTO-PORTED,
ModData.vb,ModData,RemoveFile,Sub,,ModData.vb:514,strong,vaultkeeper/core/file_data.py | vaultkeeper/core/mod_data.py | vaultkeeper/core/profile_data.py,AUTO-PORTED,
ModData.vb,ModData,Remove,Sub,,ModData.vb:533,strong,vaultkeeper/config/settings.py | vaultkeeper/core/change_data.py | vaultkeeper/core/group_member.py,Divergence,WinForms lifecycle/event/virtual-list/background-worker/mouse-hover plumbing.
ModData.vb,ModData,Rename,Sub,,ModData.vb:557,strong,vaultkeeper/core/file_data.py | vaultkeeper/core/fs.py | vaultkeeper/core/group_member.py,AUTO-PORTED,
ModData.vb,ModData,CreateInstallerFolder,Function,,ModData.vb:626,none,,Ported,"domain layer ported Phase 1-5 (ModData mutators, play-data, vault scraper/rules parsing, GameMapper resolution)."
ModData.vb,ModData,CreateInstaller,Function,,ModData.vb:649,strong,vaultkeeper/core/mod_data.py | vaultkeeper/game/installer_build.py | vaultkeeper/game/wizard.py,AUTO-PORTED,
ModData.vb,ModData,CreateRestorer,Function,,ModData.vb:668,strong,vaultkeeper/ui/controller.py | vaultkeeper/ui/main_window.py,AUTO-PORTED,
ModData.vb,ModData,CreateTypeFile,Function,,ModData.vb:689,none,,Ported,"domain layer ported Phase 1-5 (ModData mutators, play-data, vault scraper/rules parsing, GameMapper resolution)."
ModData.vb,ModData,ValidateInstallerType,Function,,ModData.vb:721,none,,Ported,verified present in port (subagent/orchestrator swept 2026-07-15).
ModData.vb,ModData,AddModFile,Sub,,ModData.vb:801,comment,vaultkeeper/ui/menu_bar.py | vaultkeeper/ui/resources.py,AUTO-PORTED,matched in comment/docstring
ModData.vb,ModData,GetModFolderFiles,Function,,ModData.vb:839,none,,Ported,"domain layer ported Phase 1-5 (ModData mutators, play-data, vault scraper/rules parsing, GameMapper resolution)."
ModData.vb,ModData,FolderHasSourceFiles,Function,,ModData.vb:854,none,,Ported,"domain layer ported Phase 1-5 (ModData mutators, play-data, vault scraper/rules parsing, GameMapper resolution)."
ModData.vb,ModData,SetModState,Sub,,ModData.vb:879,strong,vaultkeeper/core/mod_data.py | vaultkeeper/core/profile_data.py,AUTO-PORTED,
ModData.vb,ModData,UpdateFileKeys,Sub,,ModData.vb:983,strong,vaultkeeper/core/mod_data.py | vaultkeeper/core/profile_data.py,AUTO-PORTED,
ModData.vb,ModData,RebuildFileList,Sub,,ModData.vb:1015,strong,vaultkeeper/core/mod_data.py,AUTO-PORTED,
ModData.vb,ModData,Clone,Function,,ModData.vb:1029,strong,vaultkeeper/core/change_data.py | vaultkeeper/core/file_data.py | vaultkeeper/core/mod_data.py,N/A,framework/designer-generated
ModExplorer.Common.vb,ModExplorer,DefineContextMenus,Sub,,ModExplorer.Common.vb:27,strong,vaultkeeper/ui/main_window.py,AUTO-PORTED,
ModExplorer.Common.vb,ModExplorer,PopulateGroupFilters,Sub,,ModExplorer.Common.vb:42,none,,Divergence,"VB per-preference ListView-editor plumbing (Preferences/Advanced/MenuCommon/MapExceptions pages), ModExplorer rating/prefix/operand filters + virtual-list/bg-worker, and ModView WinForms events / cosmetic icons+tooltips. Bounded port = tabbed Settings dialog + name/state/completed ModExplorer filter."
ModExplorer.Common.vb,ModExplorer,UseDefaultGroupFilters,Sub,,ModExplorer.Common.vb:87,none,,Divergence,"VB per-preference ListView-editor plumbing (Preferences/Advanced/MenuCommon/MapExceptions pages), ModExplorer rating/prefix/operand filters + virtual-list/bg-worker, and ModView WinForms events / cosmetic icons+tooltips. Bounded port = tabbed Settings dialog + name/state/completed ModExplorer filter."
ModExplorer.Common.vb,ModExplorer,PopulateModPrefixes,Sub,,ModExplorer.Common.vb:113,none,,Divergence,"VB per-preference ListView-editor plumbing (Preferences/Advanced/MenuCommon/MapExceptions pages), ModExplorer rating/prefix/operand filters + virtual-list/bg-worker, and ModView WinForms events / cosmetic icons+tooltips. Bounded port = tabbed Settings dialog + name/state/completed ModExplorer filter."
ModExplorer.Common.vb,ModExplorer,ValidatePrefix,Function,,ModExplorer.Common.vb:147,none,,Divergence,"VB per-preference ListView-editor plumbing (Preferences/Advanced/MenuCommon/MapExceptions pages), ModExplorer rating/prefix/operand filters + virtual-list/bg-worker, and ModView WinForms events / cosmetic icons+tooltips. Bounded port = tabbed Settings dialog + name/state/completed ModExplorer filter."
ModExplorer.Common.vb,ModExplorer,ShowPrefixFilterDialogue,Sub,,ModExplorer.Common.vb:175,none,,Divergence,"VB per-preference ListView-editor plumbing (Preferences/Advanced/MenuCommon/MapExceptions pages), ModExplorer rating/prefix/operand filters + virtual-list/bg-worker, and ModView WinForms events / cosmetic icons+tooltips. Bounded port = tabbed Settings dialog + name/state/completed ModExplorer filter."
ModExplorer.Common.vb,ModExplorer,AddPrefixFilter,Sub,,ModExplorer.Common.vb:203,none,,Divergence,"VB per-preference ListView-editor plumbing (Preferences/Advanced/MenuCommon/MapExceptions pages), ModExplorer rating/prefix/operand filters + virtual-list/bg-worker, and ModView WinForms events / cosmetic icons+tooltips. Bounded port = tabbed Settings dialog + name/state/completed ModExplorer filter."
ModExplorer.Common.vb,ModExplorer,SavePrefixFilters,Sub,,ModExplorer.Common.vb:239,none,,Divergence,"VB per-preference ListView-editor plumbing (Preferences/Advanced/MenuCommon/MapExceptions pages), ModExplorer rating/prefix/operand filters + virtual-list/bg-worker, and ModView WinForms events / cosmetic icons+tooltips. Bounded port = tabbed Settings dialog + name/state/completed ModExplorer filter."
ModExplorer.Common.vb,ModExplorer,ShowRatings,Sub,,ModExplorer.Common.vb:260,none,,Divergence,"VB per-preference ListView-editor plumbing (Preferences/Advanced/MenuCommon/MapExceptions pages), ModExplorer rating/prefix/operand filters + virtual-list/bg-worker, and ModView WinForms events / cosmetic icons+tooltips. Bounded port = tabbed Settings dialog + name/state/completed ModExplorer filter."
ModExplorer.ListManager.vb,ModExplorer,BgPopulate_DoWork,Sub,BgPopulate.DoWork,ModExplorer.ListManager.vb:45,none,,Divergence,"VB per-preference ListView-editor plumbing (Preferences/Advanced/MenuCommon/MapExceptions pages), ModExplorer rating/prefix/operand filters + virtual-list/bg-worker, and ModView WinForms events / cosmetic icons+tooltips. Bounded port = tabbed Settings dialog + name/state/completed ModExplorer filter."
ModExplorer.ListManager.vb,ModExplorer,BgPopulate_ProgressChanged,Sub,BgPopulate.ProgressChanged,ModExplorer.ListManager.vb:77,none,,Divergence,"VB per-preference ListView-editor plumbing (Preferences/Advanced/MenuCommon/MapExceptions pages), ModExplorer rating/prefix/operand filters + virtual-list/bg-worker, and ModView WinForms events / cosmetic icons+tooltips. Bounded port = tabbed Settings dialog + name/state/completed ModExplorer filter."
ModExplorer.ListManager.vb,ModExplorer,PopulateModList,Sub,,ModExplorer.ListManager.vb:88,none,,Ported,mod-list report + bounded ModExplorer filter (name/state) + download required-projects/sizes + rule/extension prefs.
ModExplorer.ListManager.vb,ModExplorer,NotFiltered,Function,,ModExplorer.ListManager.vb:149,none,,Divergence,"VB per-preference ListView-editor plumbing (Preferences/Advanced/MenuCommon/MapExceptions pages), ModExplorer rating/prefix/operand filters + virtual-list/bg-worker, and ModView WinForms events / cosmetic icons+tooltips. Bounded port = tabbed Settings dialog + name/state/completed ModExplorer filter."
ModExplorer.ListManager.vb,ModExplorer,FilterNumber,Function,,ModExplorer.ListManager.vb:236,none,,Divergence,"VB per-preference ListView-editor plumbing (Preferences/Advanced/MenuCommon/MapExceptions pages), ModExplorer rating/prefix/operand filters + virtual-list/bg-worker, and ModView WinForms events / cosmetic icons+tooltips. Bounded port = tabbed Settings dialog + name/state/completed ModExplorer filter."
ModExplorer.ListManager.vb,ModExplorer,FilterState,Function,,ModExplorer.ListManager.vb:261,none,,Divergence,"VB per-preference ListView-editor plumbing (Preferences/Advanced/MenuCommon/MapExceptions pages), ModExplorer rating/prefix/operand filters + virtual-list/bg-worker, and ModView WinForms events / cosmetic icons+tooltips. Bounded port = tabbed Settings dialog + name/state/completed ModExplorer filter."
ModExplorer.ListManager.vb,ModExplorer,FilterRating,Function,,ModExplorer.ListManager.vb:284,none,,Divergence,"VB per-preference ListView-editor plumbing (Preferences/Advanced/MenuCommon/MapExceptions pages), ModExplorer rating/prefix/operand filters + virtual-list/bg-worker, and ModView WinForms events / cosmetic icons+tooltips. Bounded port = tabbed Settings dialog + name/state/completed ModExplorer filter."
ModExplorer.ListManager.vb,ModExplorer,LvExplorer_RetrieveVirtualItem,Sub,LvExplorer.RetrieveVirtualItem,ModExplorer.ListManager.vb:326,none,,Divergence,"VB per-preference ListView-editor plumbing (Preferences/Advanced/MenuCommon/MapExceptions pages), ModExplorer rating/prefix/operand filters + virtual-list/bg-worker, and ModView WinForms events / cosmetic icons+tooltips. Bounded port = tabbed Settings dialog + name/state/completed ModExplorer filter."
ModExplorer.ListManager.vb,ModExplorer,LvExplorer_SelectedIndexChanged,Sub,LvExplorer.SelectedIndexChanged,ModExplorer.ListManager.vb:352,none,,Divergence,"VB per-preference ListView-editor plumbing (Preferences/Advanced/MenuCommon/MapExceptions pages), ModExplorer rating/prefix/operand filters + virtual-list/bg-worker, and ModView WinForms events / cosmetic icons+tooltips. Bounded port = tabbed Settings dialog + name/state/completed ModExplorer filter."
ModExplorer.ListManager.vb,ModExplorer,ClearStatusInfo,Sub,,ModExplorer.ListManager.vb:396,none,,Divergence,"WinForms lifecycle/event/virtual-list/bg-worker + bounded-viewer extras (owner-confirm: ModPlayViewer end-level filter/recent, DocOrganiser rtf/properties)."
ModExplorer.ListManager.vb,ModExplorer,PopulatePlayTimes,Sub,,ModExplorer.ListManager.vb:418,none,,Divergence,"VB per-preference ListView-editor plumbing (Preferences/Advanced/MenuCommon/MapExceptions pages), ModExplorer rating/prefix/operand filters + virtual-list/bg-worker, and ModView WinForms events / cosmetic icons+tooltips. Bounded port = tabbed Settings dialog + name/state/completed ModExplorer filter."
ModExplorer.Properties.vb,ModExplorer,CueText,Property,,ModExplorer.Properties.vb:114,none,,Divergence,"VB per-preference ListView-editor plumbing (Preferences/Advanced/MenuCommon/MapExceptions pages), ModExplorer rating/prefix/operand filters + virtual-list/bg-worker, and ModView WinForms events / cosmetic icons+tooltips. Bounded port = tabbed Settings dialog + name/state/completed ModExplorer filter."
ModExplorer.Properties.vb,ModExplorer,TextFilter,Property,,ModExplorer.Properties.vb:132,none,,Ported,mod-list report + bounded ModExplorer filter (name/state) + download required-projects/sizes + rule/extension prefs.
ModExplorer.Properties.vb,ModExplorer,StateOperandMenuItem,Property,,ModExplorer.Properties.vb:151,none,,Divergence,"VB per-preference ListView-editor plumbing (Preferences/Advanced/MenuCommon/MapExceptions pages), ModExplorer rating/prefix/operand filters + virtual-list/bg-worker, and ModView WinForms events / cosmetic icons+tooltips. Bounded port = tabbed Settings dialog + name/state/completed ModExplorer filter."
ModExplorer.Properties.vb,ModExplorer,StateOperand,Property,,ModExplorer.Properties.vb:180,none,,Divergence,"VB per-preference ListView-editor plumbing (Preferences/Advanced/MenuCommon/MapExceptions pages), ModExplorer rating/prefix/operand filters + virtual-list/bg-worker, and ModView WinForms events / cosmetic icons+tooltips. Bounded port = tabbed Settings dialog + name/state/completed ModExplorer filter."
ModExplorer.Properties.vb,ModExplorer,StateFilterMenuItem,Property,,ModExplorer.Properties.vb:192,none,,Divergence,"VB per-preference ListView-editor plumbing (Preferences/Advanced/MenuCommon/MapExceptions pages), ModExplorer rating/prefix/operand filters + virtual-list/bg-worker, and ModView WinForms events / cosmetic icons+tooltips. Bounded port = tabbed Settings dialog + name/state/completed ModExplorer filter."
ModExplorer.Properties.vb,ModExplorer,StateFilter,Property,,ModExplorer.Properties.vb:213,none,,Ported,mod-list report + bounded ModExplorer filter (name/state) + download required-projects/sizes + rule/extension prefs.
ModExplorer.Properties.vb,ModExplorer,RatingOperandMenuItem,Property,,ModExplorer.Properties.vb:228,none,,Divergence,"VB per-preference ListView-editor plumbing (Preferences/Advanced/MenuCommon/MapExceptions pages), ModExplorer rating/prefix/operand filters + virtual-list/bg-worker, and ModView WinForms events / cosmetic icons+tooltips. Bounded port = tabbed Settings dialog + name/state/completed ModExplorer filter."
ModExplorer.Properties.vb,ModExplorer,RatingOperand,Property,,ModExplorer.Properties.vb:257,none,,Divergence,"VB per-preference ListView-editor plumbing (Preferences/Advanced/MenuCommon/MapExceptions pages), ModExplorer rating/prefix/operand filters + virtual-list/bg-worker, and ModView WinForms events / cosmetic icons+tooltips. Bounded port = tabbed Settings dialog + name/state/completed ModExplorer filter."
ModExplorer.Properties.vb,ModExplorer,RatingFilterMenuItem,Property,,ModExplorer.Properties.vb:269,none,,Divergence,"VB per-preference ListView-editor plumbing (Preferences/Advanced/MenuCommon/MapExceptions pages), ModExplorer rating/prefix/operand filters + virtual-list/bg-worker, and ModView WinForms events / cosmetic icons+tooltips. Bounded port = tabbed Settings dialog + name/state/completed ModExplorer filter."
ModExplorer.Properties.vb,ModExplorer,RatingFilter,Property,,ModExplorer.Properties.vb:290,none,,Divergence,"VB per-preference ListView-editor plumbing (Preferences/Advanced/MenuCommon/MapExceptions pages), ModExplorer rating/prefix/operand filters + virtual-list/bg-worker, and ModView WinForms events / cosmetic icons+tooltips. Bounded port = tabbed Settings dialog + name/state/completed ModExplorer filter."
ModExplorer.Properties.vb,ModExplorer,SelectedMod,Property,,ModExplorer.Properties.vb:302,strong,vaultkeeper/ui/main_window.py,AUTO-PORTED,
ModExplorer.Properties.vb,ModExplorer,ModFiles,Property,,ModExplorer.Properties.vb:327,strong,vaultkeeper/core/file_data.py | vaultkeeper/core/install_manager.py | vaultkeeper/core/profile_data.py,AUTO-PORTED,
ModExplorer.Properties.vb,ModExplorer,Installers,Property,,ModExplorer.Properties.vb:344,strong,vaultkeeper/core/profile_data.py | vaultkeeper/game/game_mapper.py | vaultkeeper/ui/controller.py,AUTO-PORTED,
ModExplorer.Properties.vb,ModExplorer,Restorers,Property,,ModExplorer.Properties.vb:361,strong,vaultkeeper/core/reserved.py | vaultkeeper/game/start_screen.py | vaultkeeper/ui/controller.py,AUTO-PORTED,
ModExplorer.Properties.vb,ModExplorer,IgnoreFilters,Property,,ModExplorer.Properties.vb:378,none,,Divergence,"VB per-preference ListView-editor plumbing (Preferences/Advanced/MenuCommon/MapExceptions pages), ModExplorer rating/prefix/operand filters + virtual-list/bg-worker, and ModView WinForms events / cosmetic icons+tooltips. Bounded port = tabbed Settings dialog + name/state/completed ModExplorer filter."
ModExplorer.vb,ModExplorer,ModExplorer_Load,Sub,MyBase.Load,ModExplorer.vb:42,none,,Partial,"viewer shell + core present; VB richness simplified (haiku swept, orchestrator-verified)."
ModExplorer.vb,ModExplorer,ModExplorer_Shown,Sub,Me.Shown,ModExplorer.vb:365,none,,Partial,"viewer shell + core present; VB richness simplified (haiku swept, orchestrator-verified)."
ModExplorer.vb,ModExplorer,TsCharacter_Click,Sub,TsCharacter.Click,ModExplorer.vb:377,none,,Divergence,"bounded read-only viewer port: VB filters/navigation/editors/bg-workers/Windows-shell handlers intentionally not ported (PARITY.md recurring pattern). SOME are owner-confirm candidates: ModExplorer filter subsystem, PortraitManager prev/next navigation."
ModExplorer.vb,ModExplorer,BtSelect_Click,Sub,BtSelect.Click,ModExplorer.vb:394,none,,Divergence,"bounded read-only viewer port: VB filters/navigation/editors/bg-workers/Windows-shell handlers intentionally not ported (PARITY.md recurring pattern). SOME are owner-confirm candidates: ModExplorer filter subsystem, PortraitManager prev/next navigation."
ModExplorer.vb,ModExplorer,BtClose_Click,Sub,BtClose.Click,ModExplorer.vb:408,none,,Divergence,"bounded read-only viewer port: VB filters/navigation/editors/bg-workers/Windows-shell handlers intentionally not ported (PARITY.md recurring pattern). SOME are owner-confirm candidates: ModExplorer filter subsystem, PortraitManager prev/next navigation."
ModExplorer.vb,ModExplorer,ModExplorer_FormClosing,Sub,Me.FormClosing,ModExplorer.vb:416,none,,Divergence,"bounded read-only viewer port: VB filters/navigation/editors/bg-workers/Windows-shell handlers intentionally not ported (PARITY.md recurring pattern). SOME are owner-confirm candidates: ModExplorer filter subsystem, PortraitManager prev/next navigation."
ModExplorer.vb,ModExplorer,LvPlayTimes_SizeChanged,Sub,,ModExplorer.vb:463,none,,Divergence,"bounded read-only viewer port: VB filters/navigation/editors/bg-workers/Windows-shell handlers intentionally not ported (PARITY.md recurring pattern). SOME are owner-confirm candidates: ModExplorer filter subsystem, PortraitManager prev/next navigation."
ModExplorer.vb,ModExplorer,ScMain_SplitterMoved,Sub,ScMain.SplitterMoved,ModExplorer.vb:477,none,,Divergence,"bounded read-only viewer port: VB filters/navigation/editors/bg-workers/Windows-shell handlers intentionally not ported (PARITY.md recurring pattern). SOME are owner-confirm candidates: ModExplorer filter subsystem, PortraitManager prev/next navigation."
ModExplorer.vb,ModExplorer,LvFilters_ItemChecked,Sub,,ModExplorer.vb:492,none,,Divergence,"bounded read-only viewer port: VB filters/navigation/editors/bg-workers/Windows-shell handlers intentionally not ported (PARITY.md recurring pattern). SOME are owner-confirm candidates: ModExplorer filter subsystem, PortraitManager prev/next navigation."
ModExplorer.vb,ModExplorer,RttNotes_RichTextContentSaved,Sub,RttNotes.RichTextContentSaved,ModExplorer.vb:502,none,,Divergence,"bounded read-only viewer port: VB filters/navigation/editors/bg-workers/Windows-shell handlers intentionally not ported (PARITY.md recurring pattern). SOME are owner-confirm candidates: ModExplorer filter subsystem, PortraitManager prev/next navigation."
ModExplorer.vb,ModExplorer,LvExplorer_KeyPress,Sub,LvExplorer.KeyPress,ModExplorer.vb:512,none,,Divergence,"bounded read-only viewer port: VB filters/navigation/editors/bg-workers/Windows-shell handlers intentionally not ported (PARITY.md recurring pattern). SOME are owner-confirm candidates: ModExplorer filter subsystem, PortraitManager prev/next navigation."
ModExplorer.vb,ModExplorer,TxFilter_Enter,Sub,,ModExplorer.vb:531,none,,Divergence,"bounded read-only viewer port: VB filters/navigation/editors/bg-workers/Windows-shell handlers intentionally not ported (PARITY.md recurring pattern). SOME are owner-confirm candidates: ModExplorer filter subsystem, PortraitManager prev/next navigation."
ModExplorer.vb,ModExplorer,TxFilter_Leave,Sub,,ModExplorer.vb:551,none,,Divergence,"bounded read-only viewer port: VB filters/navigation/editors/bg-workers/Windows-shell handlers intentionally not ported (PARITY.md recurring pattern). SOME are owner-confirm candidates: ModExplorer filter subsystem, PortraitManager prev/next navigation."
ModExplorer.vb,ModExplorer,TxFilter_KeyPress,Sub,,ModExplorer.vb:566,none,,Divergence,"bounded read-only viewer port: VB filters/navigation/editors/bg-workers/Windows-shell handlers intentionally not ported (PARITY.md recurring pattern). SOME are owner-confirm candidates: ModExplorer filter subsystem, PortraitManager prev/next navigation."
ModExplorer.vb,ModExplorer,TxFilter_TextChanged,Sub,,ModExplorer.vb:578,none,,Divergence,"bounded read-only viewer port: VB filters/navigation/editors/bg-workers/Windows-shell handlers intentionally not ported (PARITY.md recurring pattern). SOME are owner-confirm candidates: ModExplorer filter subsystem, PortraitManager prev/next navigation."
ModExplorer.vb,ModExplorer,TxFilterNumber_KeyPress,Sub,,ModExplorer.vb:597,none,,Divergence,"bounded read-only viewer port: VB filters/navigation/editors/bg-workers/Windows-shell handlers intentionally not ported (PARITY.md recurring pattern). SOME are owner-confirm candidates: ModExplorer filter subsystem, PortraitManager prev/next navigation."
ModExplorer.vb,ModExplorer,TxFilterNumber_TextChanged,Sub,,ModExplorer.vb:629,none,,Divergence,"bounded read-only viewer port: VB filters/navigation/editors/bg-workers/Windows-shell handlers intentionally not ported (PARITY.md recurring pattern). SOME are owner-confirm candidates: ModExplorer filter subsystem, PortraitManager prev/next navigation."
ModExplorer.vb,ModExplorer,TsModStateFilter_MouseEnter,Sub,TsModStateFilter.MouseEnter,ModExplorer.vb:645,none,,Divergence,"bounded read-only viewer port: VB filters/navigation/editors/bg-workers/Windows-shell handlers intentionally not ported (PARITY.md recurring pattern). SOME are owner-confirm candidates: ModExplorer filter subsystem, PortraitManager prev/next navigation."
ModExplorer.vb,ModExplorer,TsModStateFilter_MouseLeave,Sub,TsModStateFilter.MouseLeave,ModExplorer.vb:653,none,,Divergence,"bounded read-only viewer port: VB filters/navigation/editors/bg-workers/Windows-shell handlers intentionally not ported (PARITY.md recurring pattern). SOME are owner-confirm candidates: ModExplorer filter subsystem, PortraitManager prev/next navigation."
ModExplorer.vb,ModExplorer,TsStateClear_Click,Sub,TsStateClear.Click,ModExplorer.vb:661,none,,Divergence,"bounded read-only viewer port: VB filters/navigation/editors/bg-workers/Windows-shell handlers intentionally not ported (PARITY.md recurring pattern). SOME are owner-confirm candidates: ModExplorer filter subsystem, PortraitManager prev/next navigation."
ModExplorer.vb,ModExplorer,TsStateOperand_Click,Sub,"TsStateGreater.Click, TsStateLess.Click, TsStateEqual.Click",ModExplorer.vb:678,none,,Divergence,"bounded read-only viewer port: VB filters/navigation/editors/bg-workers/Windows-shell handlers intentionally not ported (PARITY.md recurring pattern). SOME are owner-confirm candidates: ModExplorer filter subsystem, PortraitManager prev/next navigation."
ModExplorer.vb,ModExplorer,TsState_Click,Sub,,ModExplorer.vb:711,none,,Divergence,"bounded read-only viewer port: VB filters/navigation/editors/bg-workers/Windows-shell handlers intentionally not ported (PARITY.md recurring pattern). SOME are owner-confirm candidates: ModExplorer filter subsystem, PortraitManager prev/next navigation."
ModExplorer.vb,ModExplorer,CmClear_Click,Sub,CmClear.Click,ModExplorer.vb:741,none,,Divergence,"bounded read-only viewer port: VB filters/navigation/editors/bg-workers/Windows-shell handlers intentionally not ported (PARITY.md recurring pattern). SOME are owner-confirm candidates: ModExplorer filter subsystem, PortraitManager prev/next navigation."
ModExplorer.vb,ModExplorer,CmOperand_Click,Sub,"CmGreater.Click, CmLess.Click, CmEqual.Click",ModExplorer.vb:754,none,,Divergence,"bounded read-only viewer port: VB filters/navigation/editors/bg-workers/Windows-shell handlers intentionally not ported (PARITY.md recurring pattern). SOME are owner-confirm candidates: ModExplorer filter subsystem, PortraitManager prev/next navigation."
ModExplorer.vb,ModExplorer,TsRating_Click,Sub,,ModExplorer.vb:787,none,,Divergence,"bounded read-only viewer port: VB filters/navigation/editors/bg-workers/Windows-shell handlers intentionally not ported (PARITY.md recurring pattern). SOME are owner-confirm candidates: ModExplorer filter subsystem, PortraitManager prev/next navigation."
ModExplorer.vb,ModExplorer,TxRating_KeyDown,Sub,TxRating.KeyDown,ModExplorer.vb:811,none,,Divergence,"bounded read-only viewer port: VB filters/navigation/editors/bg-workers/Windows-shell handlers intentionally not ported (PARITY.md recurring pattern). SOME are owner-confirm candidates: ModExplorer filter subsystem, PortraitManager prev/next navigation."
ModExplorer.vb,ModExplorer,TxRating_Click,Sub,TxRating.Click,ModExplorer.vb:821,none,,Divergence,"bounded read-only viewer port: VB filters/navigation/editors/bg-workers/Windows-shell handlers intentionally not ported (PARITY.md recurring pattern). SOME are owner-confirm candidates: ModExplorer filter subsystem, PortraitManager prev/next navigation."
ModExplorer.vb,ModExplorer,TsClearTextFilters_Click,Sub,TsClearTextFilters.Click,ModExplorer.vb:833,none,,Divergence,"bounded read-only viewer port: VB filters/navigation/editors/bg-workers/Windows-shell handlers intentionally not ported (PARITY.md recurring pattern). SOME are owner-confirm candidates: ModExplorer filter subsystem, PortraitManager prev/next navigation."
ModExplorer.vb,ModExplorer,TsClearNotesFilter_Click,Sub,TsClearNotesFilter.Click,ModExplorer.vb:863,none,,Divergence,"bounded read-only viewer port: VB filters/navigation/editors/bg-workers/Windows-shell handlers intentionally not ported (PARITY.md recurring pattern). SOME are owner-confirm candidates: ModExplorer filter subsystem, PortraitManager prev/next navigation."
ModExplorer.vb,ModExplorer,TsFilters_Click,Sub,,ModExplorer.vb:878,none,,Divergence,"bounded read-only viewer port: VB filters/navigation/editors/bg-workers/Windows-shell handlers intentionally not ported (PARITY.md recurring pattern). SOME are owner-confirm candidates: ModExplorer filter subsystem, PortraitManager prev/next navigation."
ModExplorer.vb,ModExplorer,TsHelpExplorer_Click,Sub,TsHelpExplorer.Click,ModExplorer.vb:889,none,,Divergence,"bounded read-only viewer port: VB filters/navigation/editors/bg-workers/Windows-shell handlers intentionally not ported (PARITY.md recurring pattern). SOME are owner-confirm candidates: ModExplorer filter subsystem, PortraitManager prev/next navigation."
ModExplorer.vb,ModExplorer,TsCopyNames_Click,Sub,"TsCopyNames.Click, CmCopyNames.Click",ModExplorer.vb:897,none,,Divergence,"bounded read-only viewer port: VB filters/navigation/editors/bg-workers/Windows-shell handlers intentionally not ported (PARITY.md recurring pattern). SOME are owner-confirm candidates: ModExplorer filter subsystem, PortraitManager prev/next navigation."
ModExplorer.vb,ModExplorer,TsAddToRecentMods_Click,Sub,"TsAddToRecentMods.Click, CmAddToRecentMods.Click",ModExplorer.vb:913,none,,Divergence,"bounded read-only viewer port: VB filters/navigation/editors/bg-workers/Windows-shell handlers intentionally not ported (PARITY.md recurring pattern). SOME are owner-confirm candidates: ModExplorer filter subsystem, PortraitManager prev/next navigation."
ModExplorer.vb,ModExplorer,LvGroupFilters_ColumnClick,Sub,LvGroupFilters.ColumnClick,ModExplorer.vb:934,none,,Divergence,"bounded read-only viewer port: VB filters/navigation/editors/bg-workers/Windows-shell handlers intentionally not ported (PARITY.md recurring pattern). SOME are owner-confirm candidates: ModExplorer filter subsystem, PortraitManager prev/next navigation."
ModExplorer.vb,ModExplorer,TsUndoGroups_Click,Sub,TsUndoGroups.Click,ModExplorer.vb:942,none,,Divergence,"bounded read-only viewer port: VB filters/navigation/editors/bg-workers/Windows-shell handlers intentionally not ported (PARITY.md recurring pattern). SOME are owner-confirm candidates: ModExplorer filter subsystem, PortraitManager prev/next navigation."
ModExplorer.vb,ModExplorer,LvPrefixFilters_ColumnClick,Sub,LvPrefixFilters.ColumnClick,ModExplorer.vb:955,none,,Divergence,"bounded read-only viewer port: VB filters/navigation/editors/bg-workers/Windows-shell handlers intentionally not ported (PARITY.md recurring pattern). SOME are owner-confirm candidates: ModExplorer filter subsystem, PortraitManager prev/next navigation."
ModExplorer.vb,ModExplorer,TsAddPrefix_Click,Sub,TsAddPrefix.Click,ModExplorer.vb:964,none,,Divergence,"bounded read-only viewer port: VB filters/navigation/editors/bg-workers/Windows-shell handlers intentionally not ported (PARITY.md recurring pattern). SOME are owner-confirm candidates: ModExplorer filter subsystem, PortraitManager prev/next navigation."
ModExplorer.vb,ModExplorer,TsEditPrefix_Click,Sub,TsEditPrefix.Click,ModExplorer.vb:975,none,,Divergence,"bounded read-only viewer port: VB filters/navigation/editors/bg-workers/Windows-shell handlers intentionally not ported (PARITY.md recurring pattern). SOME are owner-confirm candidates: ModExplorer filter subsystem, PortraitManager prev/next navigation."
ModExplorer.vb,ModExplorer,TsUndoPrefix_Click,Sub,TsUndoPrefix.Click,ModExplorer.vb:991,none,,Divergence,"bounded read-only viewer port: VB filters/navigation/editors/bg-workers/Windows-shell handlers intentionally not ported (PARITY.md recurring pattern). SOME are owner-confirm candidates: ModExplorer filter subsystem, PortraitManager prev/next navigation."
ModExplorer.vb,ModExplorer,LvPrefixFilters_Enter,Sub,LvPrefixFilters.Enter,ModExplorer.vb:1005,none,,Divergence,"bounded read-only viewer port: VB filters/navigation/editors/bg-workers/Windows-shell handlers intentionally not ported (PARITY.md recurring pattern). SOME are owner-confirm candidates: ModExplorer filter subsystem, PortraitManager prev/next navigation."
ModExplorer.vb,ModExplorer,LvPrefixFilters_Leave,Sub,LvPrefixFilters.Leave,ModExplorer.vb:1015,none,,Divergence,"bounded read-only viewer port: VB filters/navigation/editors/bg-workers/Windows-shell handlers intentionally not ported (PARITY.md recurring pattern). SOME are owner-confirm candidates: ModExplorer filter subsystem, PortraitManager prev/next navigation."
ModExplorer.vb,ModExplorer,TsRemovePrefix_Click,Sub,TsRemovePrefix.Click,ModExplorer.vb:1025,none,,Divergence,"bounded read-only viewer port: VB filters/navigation/editors/bg-workers/Windows-shell handlers intentionally not ported (PARITY.md recurring pattern). SOME are owner-confirm candidates: ModExplorer filter subsystem, PortraitManager prev/next navigation."
ModExplorer.vb,ModExplorer,ProcessCmdKey,Function,,ModExplorer.vb:1068,none,,Divergence,"bounded read-only viewer port: VB filters/navigation/editors/bg-workers/Windows-shell handlers intentionally not ported (PARITY.md recurring pattern). SOME are owner-confirm candidates: ModExplorer filter subsystem, PortraitManager prev/next navigation."
ModExplorer.vb,ModExplorer,BgNotes_DoWork,Sub,BgNotes.DoWork,ModExplorer.vb:1099,none,,Divergence,"bounded read-only viewer port: VB filters/navigation/editors/bg-workers/Windows-shell handlers intentionally not ported (PARITY.md recurring pattern). SOME are owner-confirm candidates: ModExplorer filter subsystem, PortraitManager prev/next navigation."
ModExplorer.vb,ModExplorer,BgNotes_ProgressChanged,Sub,BgNotes.ProgressChanged,ModExplorer.vb:1131,none,,Divergence,"bounded read-only viewer port: VB filters/navigation/editors/bg-workers/Windows-shell handlers intentionally not ported (PARITY.md recurring pattern). SOME are owner-confirm candidates: ModExplorer filter subsystem, PortraitManager prev/next navigation."
ModExplorer.vb,ModExplorer,BgNotes_RunWorkerCompleted,Sub,BgNotes.RunWorkerCompleted,ModExplorer.vb:1141,none,,Divergence,"bounded read-only viewer port: VB filters/navigation/editors/bg-workers/Windows-shell handlers intentionally not ported (PARITY.md recurring pattern). SOME are owner-confirm candidates: ModExplorer filter subsystem, PortraitManager prev/next navigation."
ModExplorerExtensions.vb,ModExplorerExtensions,MenuItemOperand,Function,,ModExplorerExtensions.vb:29,none,,GAP?,
ModExplorerExtensions.vb,ModExplorerExtensions,Active,Function,,ModExplorerExtensions.vb:38,strong,vaultkeeper/config/settings.py | vaultkeeper/game/game_backup.py | vaultkeeper/game/game_mapper.py,Divergence,WinForms lifecycle/event/virtual-list/background-worker/mouse-hover plumbing.
ModExplorerExtensions.vb,ModExplorerExtensions,ToggleFilter,Sub,,ModExplorerExtensions.vb:47,none,,GAP?,
ModExport.vb,ModExport,ExportFolder,Property,,ModExport.vb:25,none,,GAP?,
ModExport.vb,ModExport,New,Sub,,ModExport.vb:35,strong,vaultkeeper/core/hak_patch.py | vaultkeeper/core/mapper.py | vaultkeeper/core/name_edit.py,N/A,framework/designer-generated
ModExport.vb,ModExport,ExportMod,Function,,ModExport.vb:50,comment,vaultkeeper/ui/main_window.py | vaultkeeper/ui/menu_bar.py,AUTO-PORTED,matched in comment/docstring
ModExport.vb,ModExport,GetExports,Function,,ModExport.vb:79,none,,GAP?,
ModExport.vb,ModExport,GetImports,Function,,ModExport.vb:86,none,,GAP?,
ModExport.vb,ModExport,GetList,Function,,ModExport.vb:124,none,,GAP?,
ModExport.vb,ModExport,ModDataComparer,Function,,ModExport.vb:169,none,,GAP?,
ModExport.vb,ModExportInfo,ModInfo,Property,,ModExport.vb:184,strong,vaultkeeper/game/workshop.py,Deferred,BackupManager + NetworkManager shared-store/sync + SlideShow + find-rename + original-restorers + prefix editor + legacy migrate.
ModExport.vb,ModExportInfo,ModFolder,Property,,ModExport.vb:189,strong,vaultkeeper/core/constants.py | vaultkeeper/core/mapper.py | vaultkeeper/core/mod_data.py,AUTO-PORTED,
ModExport.vb,ModExportInfo,ModData,Property,,ModExport.vb:201,strong,vaultkeeper/core/group_member.py | vaultkeeper/core/mod_data.py | vaultkeeper/core/profile_data.py,AUTO-PORTED,
ModExport.vb,ModExportInfo,New,Sub,,ModExport.vb:208,strong,vaultkeeper/core/hak_patch.py | vaultkeeper/core/mapper.py | vaultkeeper/core/name_edit.py,N/A,framework/designer-generated
ModFindAndRename.ModNameInfo.vb,ModNameInfo,CurrentName,Property,,ModFindAndRename.ModNameInfo.vb:23,none,,GAP?,
ModFindAndRename.ModNameInfo.vb,ModNameInfo,NewName,Property,,ModFindAndRename.ModNameInfo.vb:28,strong,vaultkeeper/core/profile_data.py | vaultkeeper/game/game_mapper.py | vaultkeeper/game/play_data_manager.py,AUTO-PORTED,
ModFindAndRename.ModNameInfo.vb,ModNameInfo,Index,Property,,ModFindAndRename.ModNameInfo.vb:33,strong,vaultkeeper/core/file_key.py | vaultkeeper/core/formats/bic_reader.py | vaultkeeper/core/formats/gff_reader.py,AUTO-PORTED,
ModFindAndRename.ModNameInfo.vb,ModNameInfo,Changed,Property,,ModFindAndRename.ModNameInfo.vb:38,strong,vaultkeeper/core/change_data.py | vaultkeeper/core/install_manager.py | vaultkeeper/core/name_edit.py,AUTO-PORTED,
ModFindAndRename.ModNameInfo.vb,ModNameInfo,Selected,Property,,ModFindAndRename.ModNameInfo.vb:47,strong,vaultkeeper/core/install_manager.py | vaultkeeper/game/character_filter.py | vaultkeeper/game/game_mapper.py,AUTO-PORTED,
ModFindAndRename.ModNameInfo.vb,ModNameInfo,Duplicated,Property,,ModFindAndRename.ModNameInfo.vb:53,strong,vaultkeeper/core/change_data.py | vaultkeeper/game/character.py | vaultkeeper/game/character_reference.py,AUTO-PORTED,
ModFindAndRename.ModNameInfo.vb,ModNameInfo,New,Sub,,ModFindAndRename.ModNameInfo.vb:60,strong,vaultkeeper/core/hak_patch.py | vaultkeeper/core/mapper.py | vaultkeeper/core/name_edit.py,N/A,framework/designer-generated
ModFindAndRename.ModNames.vb,ModNames,MatchStart,Property,,ModFindAndRename.ModNames.vb:56,none,,Deferred,BackupManager + NetworkManager shared-store/sync + SlideShow + find-rename + original-restorers + prefix editor + legacy migrate.
ModFindAndRename.ModNames.vb,ModNames,MatchCase,Property,,ModFindAndRename.ModNames.vb:72,strong,vaultkeeper/ui/controller.py | vaultkeeper/ui/dialogs/find_files.py,Divergence,WinForms lifecycle/event/virtual-list/background-worker/mouse-hover plumbing.
ModFindAndRename.ModNames.vb,ModNames,Count,Property,,ModFindAndRename.ModNames.vb:93,strong,vaultkeeper/core/archive.py | vaultkeeper/core/file_data.py | vaultkeeper/core/formats/bic_reader.py,Divergence,WinForms lifecycle/event/virtual-list/background-worker/mouse-hover plumbing.
ModFindAndRename.ModNames.vb,ModNames,Renames,Property,,ModFindAndRename.ModNames.vb:103,strong,vaultkeeper/core/change_data.py | vaultkeeper/core/name_edit.py | vaultkeeper/core/profile_data.py,Divergence,WinForms lifecycle/event/virtual-list/background-worker/mouse-hover plumbing.
ModFindAndRename.ModNames.vb,ModNames,ChangeCount,Property,,ModFindAndRename.ModNames.vb:115,none,,Deferred,BackupManager + NetworkManager shared-store/sync + SlideShow + find-rename + original-restorers + prefix editor + legacy migrate.
ModFindAndRename.ModNames.vb,ModNames,FoundCount,Property,,ModFindAndRename.ModNames.vb:133,none,,Deferred,BackupManager + NetworkManager shared-store/sync + SlideShow + find-rename + original-restorers + prefix editor + legacy migrate.
ModFindAndRename.ModNames.vb,ModNames,DuplicateCount,Property,,ModFindAndRename.ModNames.vb:145,none,,Deferred,BackupManager + NetworkManager shared-store/sync + SlideShow + find-rename + original-restorers + prefix editor + legacy migrate.
ModFindAndRename.ModNames.vb,ModNames,Item,Property,,ModFindAndRename.ModNames.vb:165,strong,vaultkeeper/core/file_ops.py | vaultkeeper/core/install_manager.py | vaultkeeper/core/mapper.py,Divergence,WinForms lifecycle/event/virtual-list/background-worker/mouse-hover plumbing.
ModFindAndRename.ModNames.vb,ModNames,ItemIndex,Property,,ModFindAndRename.ModNames.vb:179,comment,vaultkeeper/ui/controller.py,Divergence,WinForms lifecycle/event/virtual-list/background-worker/mouse-hover plumbing.
ModFindAndRename.ModNames.vb,ModNames,FoundItem,Property,,ModFindAndRename.ModNames.vb:201,none,,Deferred,BackupManager + NetworkManager shared-store/sync + SlideShow + find-rename + original-restorers + prefix editor + legacy migrate.
ModFindAndRename.ModNames.vb,ModNames,NextIndex,Property,,ModFindAndRename.ModNames.vb:216,none,,Deferred,BackupManager + NetworkManager shared-store/sync + SlideShow + find-rename + original-restorers + prefix editor + legacy migrate.
ModFindAndRename.ModNames.vb,ModNames,New,Sub,,ModFindAndRename.ModNames.vb:236,strong,vaultkeeper/core/hak_patch.py | vaultkeeper/core/mapper.py | vaultkeeper/core/name_edit.py,N/A,framework/designer-generated
ModFindAndRename.ModNames.vb,ModNames,GetNames,Sub,,ModFindAndRename.ModNames.vb:249,strong,vaultkeeper/game/character_reference.py,Divergence,WinForms lifecycle/event/virtual-list/background-worker/mouse-hover plumbing.
ModFindAndRename.ModNames.vb,ModNames,FindMods,Function,,ModFindAndRename.ModNames.vb:275,none,,Deferred,BackupManager + NetworkManager shared-store/sync + SlideShow + find-rename + original-restorers + prefix editor + legacy migrate.
ModFindAndRename.ModNames.vb,ModNames,SelectFoundIndices,Sub,,ModFindAndRename.ModNames.vb:302,none,,Deferred,BackupManager + NetworkManager shared-store/sync + SlideShow + find-rename + original-restorers + prefix editor + legacy migrate.
ModFindAndRename.ModNames.vb,ModNames,IsDuplicate,Function,,ModFindAndRename.ModNames.vb:323,none,,Deferred,BackupManager + NetworkManager shared-store/sync + SlideShow + find-rename + original-restorers + prefix editor + legacy migrate.
ModFindAndRename.ModNames.vb,ModNames,Replace,Sub,,ModFindAndRename.ModNames.vb:348,strong,vaultkeeper/core/file_key.py | vaultkeeper/core/formats/bic_reader.py | vaultkeeper/core/formats/erf_reader.py,Divergence,WinForms lifecycle/event/virtual-list/background-worker/mouse-hover plumbing.
ModFindAndRename.ModNames.vb,ModNames,ReplaceAll,Sub,,ModFindAndRename.ModNames.vb:375,none,,Deferred,BackupManager + NetworkManager shared-store/sync + SlideShow + find-rename + original-restorers + prefix editor + legacy migrate.
ModFindAndRename.ModNames.vb,ModNames,SetSelected,Sub,,ModFindAndRename.ModNames.vb:396,none,,Deferred,BackupManager + NetworkManager shared-store/sync + SlideShow + find-rename + original-restorers + prefix editor + legacy migrate.
ModFindAndRename.ModNames.vb,ModNames,FindFoundIndex,Function,,ModFindAndRename.ModNames.vb:412,none,,Deferred,BackupManager + NetworkManager shared-store/sync + SlideShow + find-rename + original-restorers + prefix editor + legacy migrate.
ModFindAndRename.ModNames.vb,ModNames,IsFoundIndex,Function,,ModFindAndRename.ModNames.vb:437,none,,Deferred,BackupManager + NetworkManager shared-store/sync + SlideShow + find-rename + original-restorers + prefix editor + legacy migrate.
ModFindAndRename.ModNames.vb,ModNames,SortNames,Sub,,ModFindAndRename.ModNames.vb:455,none,,Deferred,ModFindAndRename (dead MsFindAndRename) + DocOrganiser Properties/Reset + wizard file-threshold.
ModFindAndRename.ModNames.vb,ModNames,UpdateFoundIndex,Sub,,ModFindAndRename.ModNames.vb:473,none,,Deferred,BackupManager + NetworkManager shared-store/sync + SlideShow + find-rename + original-restorers + prefix editor + legacy migrate.
ModFindAndRename.ModNames.vb,ModNames,FindString,Function,,ModFindAndRename.ModNames.vb:495,none,,Deferred,BackupManager + NetworkManager shared-store/sync + SlideShow + find-rename + original-restorers + prefix editor + legacy migrate.
ModFindAndRename.ModNames.vb,ModNames,FindStartsWith,Function,,ModFindAndRename.ModNames.vb:508,none,,Deferred,BackupManager + NetworkManager shared-store/sync + SlideShow + find-rename + original-restorers + prefix editor + legacy migrate.
ModFindAndRename.vb,ModFindAndRename,ModFindAndReplace_Load,Sub,MyBase.Load,ModFindAndRename.vb:53,none,,Deferred,ModFindAndRename (dead MsFindAndRename) + DocOrganiser Properties/Reset + wizard file-threshold.
ModFindAndRename.vb,ModFindAndRename,BtApply_Click,Sub,BtApply.Click,ModFindAndRename.vb:133,strong,vaultkeeper/ui/dialogs/character_filter.py,Deferred,ModFindAndRename (dead MsFindAndRename) + DocOrganiser Properties/Reset + wizard file-threshold.
ModFindAndRename.vb,ModFindAndRename,LvMods_RetrieveVirtualItem,Sub,LvMods.RetrieveVirtualItem,ModFindAndRename.vb:241,none,,Deferred,ModFindAndRename (dead MsFindAndRename) + DocOrganiser Properties/Reset + wizard file-threshold.
ModFindAndRename.vb,ModFindAndRename,LvMods_SelectedIndexChanged,Sub,LvMods.SelectedIndexChanged,ModFindAndRename.vb:262,none,,Deferred,ModFindAndRename (dead MsFindAndRename) + DocOrganiser Properties/Reset + wizard file-threshold.
ModFindAndRename.vb,ModFindAndRename,LvMods_ItemClicked,Sub,LvMods.ItemClicked,ModFindAndRename.vb:278,none,,Deferred,ModFindAndRename (dead MsFindAndRename) + DocOrganiser Properties/Reset + wizard file-threshold.
ModFindAndRename.vb,ModFindAndRename,LvMods_MouseDoubleClick,Sub,LvMods.MouseDoubleClick,ModFindAndRename.vb:292,none,,Deferred,ModFindAndRename (dead MsFindAndRename) + DocOrganiser Properties/Reset + wizard file-threshold.
ModFindAndRename.vb,ModFindAndRename,BuClearFind_Click,Sub,BuClearFind.Click,ModFindAndRename.vb:308,none,,Deferred,ModFindAndRename (dead MsFindAndRename) + DocOrganiser Properties/Reset + wizard file-threshold.
ModFindAndRename.vb,ModFindAndRename,BuClearReplace_Click,Sub,BuClearReplace.Click,ModFindAndRename.vb:317,none,,Deferred,ModFindAndRename (dead MsFindAndRename) + DocOrganiser Properties/Reset + wizard file-threshold.
ModFindAndRename.vb,ModFindAndRename,CbMatchStart_CheckedChanged,Sub,CbMatchStart.CheckedChanged,ModFindAndRename.vb:326,none,,Deferred,ModFindAndRename (dead MsFindAndRename) + DocOrganiser Properties/Reset + wizard file-threshold.
ModFindAndRename.vb,ModFindAndRename,CbMatchCase_CheckedChanged,Sub,CbMatchCase.CheckedChanged,ModFindAndRename.vb:339,none,,Deferred,ModFindAndRename (dead MsFindAndRename) + DocOrganiser Properties/Reset + wizard file-threshold.
ModFindAndRename.vb,ModFindAndRename,TxFind_KeyDown,Sub,TxFind.KeyDown,ModFindAndRename.vb:352,none,,Deferred,ModFindAndRename (dead MsFindAndRename) + DocOrganiser Properties/Reset + wizard file-threshold.
ModFindAndRename.vb,ModFindAndRename,TxFind_TextChanged,Sub,TxFind.TextChanged,ModFindAndRename.vb:366,none,,Deferred,ModFindAndRename (dead MsFindAndRename) + DocOrganiser Properties/Reset + wizard file-threshold.
ModFindAndRename.vb,ModFindAndRename,TxReplace_KeyPress,Sub,"TxFind.KeyPress, TxReplace.KeyPress",ModFindAndRename.vb:407,none,,Deferred,ModFindAndRename (dead MsFindAndRename) + DocOrganiser Properties/Reset + wizard file-threshold.
ModFindAndRename.vb,ModFindAndRename,TxReplace_TextChanged,Sub,TxReplace.TextChanged,ModFindAndRename.vb:417,none,,Deferred,ModFindAndRename (dead MsFindAndRename) + DocOrganiser Properties/Reset + wizard file-threshold.
ModFindAndRename.vb,ModFindAndRename,TxReplace_KeyDown,Sub,TxReplace.KeyDown,ModFindAndRename.vb:427,none,,Deferred,ModFindAndRename (dead MsFindAndRename) + DocOrganiser Properties/Reset + wizard file-threshold.
ModFindAndRename.vb,ModFindAndRename,TsFindNext_Click,Sub,TsFindNext.Click,ModFindAndRename.vb:449,none,,Deferred,ModFindAndRename (dead MsFindAndRename) + DocOrganiser Properties/Reset + wizard file-threshold.
ModFindAndRename.vb,ModFindAndRename,TsReplace_Click,Sub,TsReplace.Click,ModFindAndRename.vb:466,none,,Deferred,ModFindAndRename (dead MsFindAndRename) + DocOrganiser Properties/Reset + wizard file-threshold.
ModFindAndRename.vb,ModFindAndRename,TsReplaceAll_Click,Sub,TsReplaceAll.Click,ModFindAndRename.vb:487,none,,Deferred,ModFindAndRename (dead MsFindAndRename) + DocOrganiser Properties/Reset + wizard file-threshold.
ModFindAndRename.vb,ModFindAndRename,TsUndo_Click,Sub,TsUndo.Click,ModFindAndRename.vb:509,none,,Deferred,ModFindAndRename (dead MsFindAndRename) + DocOrganiser Properties/Reset + wizard file-threshold.
ModFindAndRename.vb,ModFindAndRename,TsUndoAll_Click,Sub,TsUndoAll.Click,ModFindAndRename.vb:534,none,,Deferred,ModFindAndRename (dead MsFindAndRename) + DocOrganiser Properties/Reset + wizard file-threshold.
ModFindAndRename.vb,ModFindAndRename,OnKeyDown,Sub,,ModFindAndRename.vb:561,none,,Deferred,ModFindAndRename (dead MsFindAndRename) + DocOrganiser Properties/Reset + wizard file-threshold.
ModFindAndRename.vb,ModFindAndRename,TsHelpFindAndRename_Click,Sub,TsHelpFindAndRename.Click,ModFindAndRename.vb:570,none,,Deferred,ModFindAndRename (dead MsFindAndRename) + DocOrganiser Properties/Reset + wizard file-threshold.
ModFindAndRename.vb,ModFindAndRename,ButtonAvailibility,Sub,,ModFindAndRename.vb:586,none,,Deferred,ModFindAndRename (dead MsFindAndRename) + DocOrganiser Properties/Reset + wizard file-threshold.
ModFindAndRename.vb,ModFindAndRename,UndoAvailibility,Sub,,ModFindAndRename.vb:603,none,,Deferred,ModFindAndRename (dead MsFindAndRename) + DocOrganiser Properties/Reset + wizard file-threshold.
ModFindAndRename.vb,ModFindAndRename,SortNames,Sub,,ModFindAndRename.vb:624,none,,Deferred,ModFindAndRename (dead MsFindAndRename) + DocOrganiser Properties/Reset + wizard file-threshold.
ModFindAndRename.vb,ModFindAndRename,EnsureSelectedVisible,Sub,,ModFindAndRename.vb:645,none,,Deferred,ModFindAndRename (dead MsFindAndRename) + DocOrganiser Properties/Reset + wizard file-threshold.
ModFindAndRename.vb,ModFindAndRename,DisplayDuplicates,Sub,,ModFindAndRename.vb:666,none,,Deferred,ModFindAndRename (dead MsFindAndRename) + DocOrganiser Properties/Reset + wizard file-threshold.
ModFindAndRename.vb,ModFindAndRename,BgReplaceAll_DoWork,Sub,BgReplaceAll.DoWork,ModFindAndRename.vb:685,none,,Deferred,ModFindAndRename (dead MsFindAndRename) + DocOrganiser Properties/Reset + wizard file-threshold.
ModFindAndRename.vb,ModFindAndRename,BgReplaceAll_ProgressChanged,Sub,BgReplaceAll.ProgressChanged,ModFindAndRename.vb:693,none,,Deferred,ModFindAndRename (dead MsFindAndRename) + DocOrganiser Properties/Reset + wizard file-threshold.
ModInstallationManager.vb,ModInstallationManager,New,Sub,,ModInstallationManager.vb:37,strong,vaultkeeper/core/hak_patch.py | vaultkeeper/core/mapper.py | vaultkeeper/core/name_edit.py,N/A,framework/designer-generated
ModInstallationManager.vb,ModInstallationManager,Result,Property,,ModInstallationManager.vb:48,strong,vaultkeeper/core/file_key.py | vaultkeeper/core/file_ops.py | vaultkeeper/core/install_manager.py,AUTO-PORTED,
ModInstallationManager.vb,ModInstallationManager,RemoveResult,Property,,ModInstallationManager.vb:53,strong,vaultkeeper/core/install_manager.py,AUTO-PORTED,
ModInstallationManager.vb,ModInstallationManager,ResultMessage,Property,,ModInstallationManager.vb:58,strong,vaultkeeper/core/install_manager.py | vaultkeeper/ui/controller.py,AUTO-PORTED,
ModInstallationManager.vb,ModInstallationManager,AnnealCount,Property,,ModInstallationManager.vb:64,strong,vaultkeeper/core/install_manager.py,AUTO-PORTED,
ModInstallationManager.vb,ModInstallationManager,AnnealErrors,Property,,ModInstallationManager.vb:70,strong,vaultkeeper/core/install_manager.py,AUTO-PORTED,
ModInstallationManager.vb,ModInstallationManager,InstallFiles,Sub,,ModInstallationManager.vb:86,strong,vaultkeeper/core/install_manager.py | vaultkeeper/ui/controller.py,AUTO-PORTED,
ModInstallationManager.vb,ModInstallationManager,AddToFileList,Sub,,ModInstallationManager.vb:232,strong,vaultkeeper/core/install_manager.py,AUTO-PORTED,
ModInstallationManager.vb,ModInstallationManager,UninstallFiles,Sub,,ModInstallationManager.vb:256,strong,vaultkeeper/core/install_manager.py | vaultkeeper/ui/controller.py,AUTO-PORTED,
ModInstallationManager.vb,ModInstallationManager,Anneal,Sub,,ModInstallationManager.vb:426,strong,vaultkeeper/core/change_data.py | vaultkeeper/core/install_manager.py | vaultkeeper/game/start_screen.py,AUTO-PORTED,
ModInstallationManager.vb,ModInstallationManager,FileListAdd,Sub,,ModInstallationManager.vb:523,strong,vaultkeeper/core/install_manager.py,AUTO-PORTED,
ModInstallationManager.vb,ModInstallationManager,AddFileKeyInfo,Sub,,ModInstallationManager.vb:537,none,,GAP?,
ModInstallationManager.vb,ModInstallationManager,UpdateProfileData,Sub,,ModInstallationManager.vb:552,strong,vaultkeeper/core/install_manager.py,Divergence,WinForms lifecycle/event/virtual-list/background-worker/mouse-hover plumbing.
ModInstallationManager.vb,ModInstallationManager,Dispose,Sub,,ModInstallationManager.vb:594,none,,N/A,framework/designer-generated
ModInstallationManager.vb,ModInstallationManager,Dispose,Sub,,ModInstallationManager.vb:617,none,,N/A,framework/designer-generated
ModPlayViewer.vb,ModPlayViewer,EndFilterText,Property,,ModPlayViewer.vb:76,none,,Divergence,"WinForms lifecycle/event/virtual-list/bg-worker + bounded-viewer extras (owner-confirm: ModPlayViewer end-level filter/recent, DocOrganiser rtf/properties)."
ModPlayViewer.vb,ModPlayViewer,ShowMsp,Property,,ModPlayViewer.vb:107,none,,Divergence,"WinForms lifecycle/event/virtual-list/bg-worker + bounded-viewer extras (owner-confirm: ModPlayViewer end-level filter/recent, DocOrganiser rtf/properties)."
ModPlayViewer.vb,ModPlayViewer,ModPlayViewer_Load,Sub,MyBase.Load,ModPlayViewer.vb:124,none,,Divergence,"WinForms lifecycle/event/virtual-list/bg-worker + bounded-viewer extras (owner-confirm: ModPlayViewer end-level filter/recent, DocOrganiser rtf/properties)."
ModPlayViewer.vb,ModPlayViewer,ModPlayViewer_Shown,Sub,Me.Shown,ModPlayViewer.vb:260,none,,Divergence,"WinForms lifecycle/event/virtual-list/bg-worker + bounded-viewer extras (owner-confirm: ModPlayViewer end-level filter/recent, DocOrganiser rtf/properties)."
ModPlayViewer.vb,ModPlayViewer,TsCharacter_Click,Sub,TsCharacter.Click,ModPlayViewer.vb:277,none,,Divergence,"bounded read-only viewer port: VB filters/navigation/editors/bg-workers/Windows-shell handlers intentionally not ported (PARITY.md recurring pattern). SOME are owner-confirm candidates: ModExplorer filter subsystem, PortraitManager prev/next navigation."
ModPlayViewer.vb,ModPlayViewer,BhModsPlayed_Click,Sub,BhModsPlayed.Click,ModPlayViewer.vb:293,none,,Divergence,"WinForms lifecycle/event/virtual-list/bg-worker + bounded-viewer extras (owner-confirm: ModPlayViewer end-level filter/recent, DocOrganiser rtf/properties)."
ModPlayViewer.vb,ModPlayViewer,BtRecent_Click,Sub,"BtRecent.Click, CmAddToRecentMods.Click",ModPlayViewer.vb:302,none,,Divergence,"WinForms lifecycle/event/virtual-list/bg-worker + bounded-viewer extras (owner-confirm: ModPlayViewer end-level filter/recent, DocOrganiser rtf/properties)."
ModPlayViewer.vb,ModPlayViewer,BtSelect_Click,Sub,"BtSelect.Click, CmSelect.Click",ModPlayViewer.vb:321,none,,Divergence,"bounded read-only viewer port: VB filters/navigation/editors/bg-workers/Windows-shell handlers intentionally not ported (PARITY.md recurring pattern). SOME are owner-confirm candidates: ModExplorer filter subsystem, PortraitManager prev/next navigation."
ModPlayViewer.vb,ModPlayViewer,CmCopyName_Click,Sub,CmCopyName.Click,ModPlayViewer.vb:339,none,,Divergence,"WinForms lifecycle/event/virtual-list/bg-worker + bounded-viewer extras (owner-confirm: ModPlayViewer end-level filter/recent, DocOrganiser rtf/properties)."
ModPlayViewer.vb,ModPlayViewer,BtClose_Click,Sub,BtClose.Click,ModPlayViewer.vb:349,none,,Divergence,"bounded read-only viewer port: VB filters/navigation/editors/bg-workers/Windows-shell handlers intentionally not ported (PARITY.md recurring pattern). SOME are owner-confirm candidates: ModExplorer filter subsystem, PortraitManager prev/next navigation."
ModPlayViewer.vb,ModPlayViewer,ModPlayViewer_FormClosing,Sub,Me.FormClosing,ModPlayViewer.vb:357,none,,Divergence,"WinForms lifecycle/event/virtual-list/bg-worker + bounded-viewer extras (owner-confirm: ModPlayViewer end-level filter/recent, DocOrganiser rtf/properties)."
ModPlayViewer.vb,ModPlayViewer,LvModInfo_RetrieveVirtualItem,Sub,LvModInfo.RetrieveVirtualItem,ModPlayViewer.vb:397,none,,Divergence,"WinForms lifecycle/event/virtual-list/bg-worker + bounded-viewer extras (owner-confirm: ModPlayViewer end-level filter/recent, DocOrganiser rtf/properties)."
ModPlayViewer.vb,ModPlayViewer,LvModInfo_SelectedIndexChanged,Sub,LvModInfo.SelectedIndexChanged,ModPlayViewer.vb:423,none,,Ported,DocOrganiser/ModPlayViewer/WizardBuilder core report/view/save logic (subagent+orchestrator).
ModPlayViewer.vb,ModPlayViewer,ClearStatusInfo,Sub,,ModPlayViewer.vb:480,none,,Divergence,"WinForms lifecycle/event/virtual-list/bg-worker + bounded-viewer extras (owner-confirm: ModPlayViewer end-level filter/recent, DocOrganiser rtf/properties)."
ModPlayViewer.vb,ModPlayViewer,LvModInfo_ItemClicked,Sub,LvModInfo.ItemClicked,ModPlayViewer.vb:502,none,,Divergence,"WinForms lifecycle/event/virtual-list/bg-worker + bounded-viewer extras (owner-confirm: ModPlayViewer end-level filter/recent, DocOrganiser rtf/properties)."
ModPlayViewer.vb,ModPlayViewer,Ts_CheckedChanged,Sub,,ModPlayViewer.vb:520,none,,Ported,DocOrganiser/ModPlayViewer/WizardBuilder core report/view/save logic (subagent+orchestrator).
ModPlayViewer.vb,ModPlayViewer,TsEndFilter_Click,Sub,TsEndFilter.Click,ModPlayViewer.vb:534,none,,Divergence,"WinForms lifecycle/event/virtual-list/bg-worker + bounded-viewer extras (owner-confirm: ModPlayViewer end-level filter/recent, DocOrganiser rtf/properties)."
ModPlayViewer.vb,ModPlayViewer,TsFilters_Click,Sub,TsFilters.Click,ModPlayViewer.vb:559,none,,Divergence,"bounded read-only viewer port: VB filters/navigation/editors/bg-workers/Windows-shell handlers intentionally not ported (PARITY.md recurring pattern). SOME are owner-confirm candidates: ModExplorer filter subsystem, PortraitManager prev/next navigation."
ModPlayViewer.vb,ModPlayViewer,SetFilterToolTipText,Sub,,ModPlayViewer.vb:576,none,,Divergence,"WinForms lifecycle/event/virtual-list/bg-worker + bounded-viewer extras (owner-confirm: ModPlayViewer end-level filter/recent, DocOrganiser rtf/properties)."
ModPlayViewer.vb,ModPlayViewer,TsRestoreSelected_CheckedChanged,Sub,,ModPlayViewer.vb:598,none,,Divergence,"WinForms lifecycle/event/virtual-list/bg-worker + bounded-viewer extras (owner-confirm: ModPlayViewer end-level filter/recent, DocOrganiser rtf/properties)."
ModPlayViewer.vb,ModPlayViewer,BgGetPlayedInfo_DoWork,Sub,BgGetPlayedInfo.DoWork,ModPlayViewer.vb:615,none,,Divergence,"WinForms lifecycle/event/virtual-list/bg-worker + bounded-viewer extras (owner-confirm: ModPlayViewer end-level filter/recent, DocOrganiser rtf/properties)."
ModPlayViewer.vb,ModPlayViewer,BgGetPlayedInfo_RunWorkerCompleted,Sub,BgGetPlayedInfo.RunWorkerCompleted,ModPlayViewer.vb:656,none,,Divergence,"WinForms lifecycle/event/virtual-list/bg-worker + bounded-viewer extras (owner-confirm: ModPlayViewer end-level filter/recent, DocOrganiser rtf/properties)."
ModPlayViewer.vb,ModPlayViewer,PopulatePlayList,Sub,,ModPlayViewer.vb:666,none,,Ported,DocOrganiser/ModPlayViewer/WizardBuilder core report/view/save logic (subagent+orchestrator).
ModPlayViewer.vb,ModPlayViewer,ShowMod,Function,,ModPlayViewer.vb:733,none,,Ported,DocOrganiser/ModPlayViewer/WizardBuilder core report/view/save logic (subagent+orchestrator).
ModPlayViewer.vb,ModPlayViewer,SetColumnWidths,Sub,,ModPlayViewer.vb:755,none,,Divergence,"WinForms lifecycle/event/virtual-list/bg-worker + bounded-viewer extras (owner-confirm: ModPlayViewer end-level filter/recent, DocOrganiser rtf/properties)."
ModPlayViewer.vb,ModPlayViewer,ValidateEndFilter,Function,,ModPlayViewer.vb:804,none,,Divergence,"WinForms lifecycle/event/virtual-list/bg-worker + bounded-viewer extras (owner-confirm: ModPlayViewer end-level filter/recent, DocOrganiser rtf/properties)."
ModPlayViewer.vb,ModPlayViewer,ModPlayViewer_LocationChanged,Sub,Me.LocationChanged,ModPlayViewer.vb:831,none,,Divergence,"WinForms lifecycle/event/virtual-list/bg-worker + bounded-viewer extras (owner-confirm: ModPlayViewer end-level filter/recent, DocOrganiser rtf/properties)."
ModPlayViewer.vb,ModPlayViewer,RttNotes_RichTextContentSaved,Sub,RttNotes.RichTextContentSaved,ModPlayViewer.vb:847,none,,Divergence,"bounded read-only viewer port: VB filters/navigation/editors/bg-workers/Windows-shell handlers intentionally not ported (PARITY.md recurring pattern). SOME are owner-confirm candidates: ModExplorer filter subsystem, PortraitManager prev/next navigation."
ModPlayViewer.vb,ModPlayViewer,ProcessCmdKey,Function,,ModPlayViewer.vb:857,none,,Divergence,"bounded read-only viewer port: VB filters/navigation/editors/bg-workers/Windows-shell handlers intentionally not ported (PARITY.md recurring pattern). SOME are owner-confirm candidates: ModExplorer filter subsystem, PortraitManager prev/next navigation."
ModPlayViewer.vb,ModPlayedInfo,ModName,Property,,ModPlayViewer.vb:879,strong,vaultkeeper/core/change_data.py | vaultkeeper/core/file_key.py | vaultkeeper/core/install_manager.py,Ported,DocOrganiser/ModPlayViewer/WizardBuilder core report/view/save logic (subagent+orchestrator).
ModPlayViewer.vb,ModPlayedInfo,Completed,Property,,ModPlayViewer.vb:884,strong,vaultkeeper/core/archive.py | vaultkeeper/core/play_time.py | vaultkeeper/game/play_data_manager.py,Ported,DocOrganiser/ModPlayViewer/WizardBuilder core report/view/save logic (subagent+orchestrator).
ModPlayViewer.vb,ModPlayedInfo,TimeSincePlayed,Property,,ModPlayViewer.vb:889,none,,Ported,DocOrganiser/ModPlayViewer/WizardBuilder core report/view/save logic (subagent+orchestrator).
ModPlayViewer.vb,ModPlayedInfo,PlayTime,Property,,ModPlayViewer.vb:894,strong,vaultkeeper/core/play_time.py | vaultkeeper/game/play_data_manager.py | vaultkeeper/ui/controller.py,Ported,DocOrganiser/ModPlayViewer/WizardBuilder core report/view/save logic (subagent+orchestrator).
ModPlayViewer.vb,ModPlayedInfo,Rating,Property,,ModPlayViewer.vb:899,strong,vaultkeeper/core/mod_data.py | vaultkeeper/core/state.py | vaultkeeper/game/recovery.py,Ported,DocOrganiser/ModPlayViewer/WizardBuilder core report/view/save logic (subagent+orchestrator).
ModPlayViewer.vb,ModPlayedInfo,LevelStart,Property,,ModPlayViewer.vb:905,strong,vaultkeeper/core/mod_data.py | vaultkeeper/game/recovery.py | vaultkeeper/persistence/nrbf/mapping.py,Ported,DocOrganiser/ModPlayViewer/WizardBuilder core report/view/save logic (subagent+orchestrator).
ModPlayViewer.vb,ModPlayedInfo,LevelEnd,Property,,ModPlayViewer.vb:911,strong,vaultkeeper/core/mod_data.py | vaultkeeper/game/recovery.py | vaultkeeper/persistence/nrbf/mapping.py,Ported,DocOrganiser/ModPlayViewer/WizardBuilder core report/view/save logic (subagent+orchestrator).
ModPlayViewer.vb,ModPlayedInfo,Group,Property,,ModPlayViewer.vb:916,strong,vaultkeeper/config/settings.py | vaultkeeper/core/constants.py | vaultkeeper/core/file_key.py,Ported,DocOrganiser/ModPlayViewer/WizardBuilder core report/view/save logic (subagent+orchestrator).
ModPlayViewer.vb,ModPlayedInfo,ModState,Property,,ModPlayViewer.vb:922,strong,vaultkeeper/core/install_manager.py | vaultkeeper/core/mod_data.py | vaultkeeper/game/install_verify.py,Ported,DocOrganiser/ModPlayViewer/WizardBuilder core report/view/save logic (subagent+orchestrator).
ModPlayViewer.vb,ModPlayedInfo,Installed,Property,,ModPlayViewer.vb:928,strong,vaultkeeper/config/settings.py | vaultkeeper/core/change_data.py | vaultkeeper/core/constants.py,Ported,DocOrganiser/ModPlayViewer/WizardBuilder core report/view/save logic (subagent+orchestrator).
ModPlayViewer.vb,ModPlayedInfo,SortKey,Property,,ModPlayViewer.vb:934,strong,vaultkeeper/ui/controller.py,Ported,DocOrganiser/ModPlayViewer/WizardBuilder core report/view/save logic (subagent+orchestrator).
ModPlayViewer.vb,ModPlayedInfo,WebLink,Property,,ModPlayViewer.vb:940,strong,vaultkeeper/core/mod_data.py | vaultkeeper/game/recovery.py | vaultkeeper/persistence/nrbf/mapping.py,Ported,DocOrganiser/ModPlayViewer/WizardBuilder core report/view/save logic (subagent+orchestrator).
ModPlayViewer.vb,ModPlayedInfo,BestWeapon,Property,,ModPlayViewer.vb:945,strong,vaultkeeper/core/mod_data.py | vaultkeeper/game/recovery.py | vaultkeeper/persistence/nrbf/mapping.py,Ported,DocOrganiser/ModPlayViewer/WizardBuilder core report/view/save logic (subagent+orchestrator).
ModPlayViewer.vb,ModPlayedInfo,Notes,Property,,ModPlayViewer.vb:951,strong,vaultkeeper/app_paths.py | vaultkeeper/core/change_data.py | vaultkeeper/core/constants.py,Ported,DocOrganiser/ModPlayViewer/WizardBuilder core report/view/save logic (subagent+orchestrator).
ModPlayViewer.vb,ModPlayedInfo,PlayTimeList,Property,,ModPlayViewer.vb:956,none,,Ported,DocOrganiser/ModPlayViewer/WizardBuilder core report/view/save logic (subagent+orchestrator).
ModPlayViewer.vb,ModPlayedInfo,New,Sub,,ModPlayViewer.vb:965,strong,vaultkeeper/core/hak_patch.py | vaultkeeper/core/mapper.py | vaultkeeper/core/name_edit.py,N/A,framework/designer-generated
MsgPicture.vb,MsgPicture,SetOverlayImage,Sub,,MsgPicture.vb:55,none,,Ported,"port view/domain layer (details/contents/status/paste/recent/profile views, hak-patch, play-data viewer, find-files, conflicts, workshop, publish)."
MsgPicture.vb,MsgPicture,ShowDialog,Function,,MsgPicture.vb:75,strong,vaultkeeper/ui/dialogs/about.py | vaultkeeper/ui/dialogs/classes_skills_feats.py | vaultkeeper/ui/main_window.py,Ported,DocOrganiser/ModPlayViewer/WizardBuilder core report/view/save logic (subagent+orchestrator).
MsgPicture.vb,MsgPicture,LoadImageFile,Function,,MsgPicture.vb:127,none,,Ported,"port view/domain layer (details/contents/status/paste/recent/profile views, hak-patch, play-data viewer, find-files, conflicts, workshop, publish)."
MsgPicture.vb,MsgPicture,Overlay,Sub,,MsgPicture.vb:164,comment,vaultkeeper/ui/main_window.py,Divergence,WinForms lifecycle/event/virtual-list/background-worker/mouse-hover plumbing.
MsgPicture.vb,MsgPicture,ResizeImage,Function,,MsgPicture.vb:183,none,,Ported,"port view/domain layer (details/contents/status/paste/recent/profile views, hak-patch, play-data viewer, find-files, conflicts, workshop, publish)."
MsgPicture.vb,MsgPicture,MsgPicture_Load,Sub,MyBase.Load,MsgPicture.vb:191,none,,Divergence,WinForms lifecycle/event/virtual-list/background-worker/mouse-hover plumbing.
MsgPicture.vb,MsgPicture,MsgPicture_Shown,Sub,Me.Shown,MsgPicture.vb:279,none,,Divergence,WinForms lifecycle/event/virtual-list/background-worker/mouse-hover plumbing.
MsgPicture.vb,MsgPicture,MsgPicture_Activated,Sub,,MsgPicture.vb:290,none,,Divergence,WinForms lifecycle/event/virtual-list/background-worker/mouse-hover plumbing.
MsgPicture.vb,MsgPicture,MsgPicture_Deactivate,Sub,,MsgPicture.vb:304,none,,Divergence,WinForms lifecycle/event/virtual-list/background-worker/mouse-hover plumbing.
MsgPicture.vb,MsgPicture,LpActions_MouseMove,Sub,LpActions.MouseMove,MsgPicture.vb:321,none,,Divergence,WinForms lifecycle/event/virtual-list/background-worker/mouse-hover plumbing.
MsgPicture.vb,MsgPicture,BtOpen_Click,Sub,"PicFile.Click, BtOpen.Click",MsgPicture.vb:335,none,,Divergence,WinForms lifecycle/event/virtual-list/background-worker/mouse-hover plumbing.
MsgPicture.vb,MsgPicture,PicFullscreen_Click,Sub,PicFullscreen.Click,MsgPicture.vb:350,none,,Divergence,WinForms lifecycle/event/virtual-list/background-worker/mouse-hover plumbing.
MsgPicture.vb,MsgPicture,SetNewImage,Function,,MsgPicture.vb:411,none,,Ported,"port view/domain layer (details/contents/status/paste/recent/profile views, hak-patch, play-data viewer, find-files, conflicts, workshop, publish)."
MsgPicture.vb,MsgPicture,PicBox_MouseHover,Sub,"PicClose.MouseHover, PicFullscreen.MouseHover",MsgPicture.vb:438,none,,Divergence,WinForms lifecycle/event/virtual-list/background-worker/mouse-hover plumbing.
MsgPicture.vb,MsgPicture,PicFullscreen_MouseEnter,Sub,PicFullscreen.MouseEnter,MsgPicture.vb:452,none,,Divergence,WinForms lifecycle/event/virtual-list/background-worker/mouse-hover plumbing.
MsgPicture.vb,MsgPicture,PicFullscreen_MouseLeave,Sub,PicFullscreen.MouseLeave,MsgPicture.vb:462,none,,Divergence,WinForms lifecycle/event/virtual-list/background-worker/mouse-hover plumbing.
MsgPicture.vb,MsgPicture,PicClose_Click,Sub,PicClose.Click,MsgPicture.vb:471,none,,Deferred,BackupManager + NetworkManager shared-store/sync + SlideShow + find-rename + original-restorers + prefix editor + legacy migrate.
MsgPicture.vb,MsgPicture,PicClose_MouseEnter,Sub,PicClose.MouseEnter,MsgPicture.vb:480,none,,Deferred,BackupManager + NetworkManager shared-store/sync + SlideShow + find-rename + original-restorers + prefix editor + legacy migrate.
MsgPicture.vb,MsgPicture,PicClose_MouseLeave,Sub,PicClose.MouseLeave,MsgPicture.vb:490,none,,Deferred,BackupManager + NetworkManager shared-store/sync + SlideShow + find-rename + original-restorers + prefix editor + legacy migrate.
MsgPicture.vb,MsgPicture,MsgPicture_FormClosing,Sub,Me.FormClosing,MsgPicture.vb:499,none,,Divergence,WinForms lifecycle/event/virtual-list/background-worker/mouse-hover plumbing.
MsgPicture.vb,MsgPicture,PicFile_MouseMove,Sub,,MsgPicture.vb:524,none,,Divergence,WinForms lifecycle/event/virtual-list/background-worker/mouse-hover plumbing.
MsgPicture.vb,MsgPicture,ProcessCmdKey,Function,,MsgPicture.vb:538,none,,Divergence,"bounded read-only viewer port: VB filters/navigation/editors/bg-workers/Windows-shell handlers intentionally not ported (PARITY.md recurring pattern). SOME are owner-confirm candidates: ModExplorer filter subsystem, PortraitManager prev/next navigation."
NIT.Common.vb,NIT,ProcessErrorLogFile,Sub,,NIT.Common.vb:39,none,,Divergence,WinForms UI-state/lifecycle/version/image-editor/crash glue; not applicable in Qt.
NIT.Common.vb,NIT,UpdateConfigKeyDelay,Function,,NIT.Common.vb:95,none,,Divergence,WinForms UI-state/lifecycle/version/image-editor/crash glue; not applicable in Qt.
NIT.Common.vb,NIT,SaveScrollPositions,Sub,,NIT.Common.vb:139,none,,Divergence,WinForms UI-state/lifecycle/version/image-editor/crash glue; not applicable in Qt.
NIT.Common.vb,NIT,LoadScrollPositions,Sub,,NIT.Common.vb:170,none,,Divergence,WinForms UI-state/lifecycle/version/image-editor/crash glue; not applicable in Qt.
NIT.Common.vb,NIT,LoadTaskStates,Sub,,NIT.Common.vb:207,none,,Divergence,WinForms UI-state/lifecycle/version/image-editor/crash glue; not applicable in Qt.
NIT.Common.vb,NIT,SaveTasksStates,Sub,,NIT.Common.vb:240,none,,Divergence,WinForms UI-state/lifecycle/version/image-editor/crash glue; not applicable in Qt.
NIT.Common.vb,NIT,RegisterEventHandlers,Sub,,NIT.Common.vb:266,none,,Divergence,WinForms UI-state/lifecycle/version/image-editor/crash glue; not applicable in Qt.
NIT.Common.vb,NIT,RegisterRibbonFocusHandlers,Sub,,NIT.Common.vb:314,none,,Divergence,WinForms UI-state/lifecycle/version/image-editor/crash glue; not applicable in Qt.
NIT.Common.vb,NIT,MoveNitStore,Function,,NIT.Common.vb:336,none,,Deferred,shared-store sync / auto-config-restorers / run-menu / auto-update / patch-import.
NIT.Common.vb,NIT,DefineTabStops,Sub,,NIT.Common.vb:401,none,,Divergence,WinForms UI-state/lifecycle/version/image-editor/crash glue; not applicable in Qt.
NIT.Common.vb,NIT,PlayStartupSound,Sub,,NIT.Common.vb:416,none,,Ported,confirmed in port (install/uninstall/deps/erf/leto/editions/tga/skills/playdata/theme).
NIT.Common.vb,NIT,InitialiseSettingsValues,Sub,,NIT.Common.vb:441,none,,Divergence,WinForms UI-state/lifecycle/version/image-editor/crash glue; not applicable in Qt.
NIT.Common.vb,NIT,DynamicDefaultSettings,Sub,,NIT.Common.vb:459,none,,Divergence,WinForms UI-state/lifecycle/version/image-editor/crash glue; not applicable in Qt.
NIT.Common.vb,NIT,UpdateDefaultValues,Sub,,NIT.Common.vb:521,none,,Divergence,WinForms UI-state/lifecycle/version/image-editor/crash glue; not applicable in Qt.
NIT.Common.vb,NIT,SetRibbonAndToolbarVisibility,Sub,,NIT.Common.vb:554,none,,Ported,confirmed in port (install/uninstall/deps/erf/leto/editions/tga/skills/playdata/theme).
NIT.Common.vb,NIT,GetRunMenuPath,Function,,NIT.Common.vb:591,none,,Deferred,shared-store sync / auto-config-restorers / run-menu / auto-update / patch-import.
NIT.Common.vb,NIT,InitialiseHelp,Sub,,NIT.Common.vb:637,none,,Ported,confirmed in port (install/uninstall/deps/erf/leto/editions/tga/skills/playdata/theme).
NIT.Common.vb,NIT,PopulateSiteToUrl,Sub,,NIT.Common.vb:650,none,,Divergence,WinForms UI-state/lifecycle/version/image-editor/crash glue; not applicable in Qt.
NIT.Common.vb,NIT,LogHelpRequests,Sub,,NIT.Common.vb:668,none,,Divergence,WinForms UI-state/lifecycle/version/image-editor/crash glue; not applicable in Qt.
NIT.Common.vb,NIT,TerminateNit,Sub,,NIT.Common.vb:682,none,,Divergence,WinForms UI-state/lifecycle/version/image-editor/crash glue; not applicable in Qt.
NIT.Common.vb,NIT,SaveGroupStatus,Sub,,NIT.Common.vb:699,none,,Divergence,WinForms UI-state/lifecycle/version/image-editor/crash glue; not applicable in Qt.
NIT.Common.vb,NIT,SaveProfileSelections,Sub,,NIT.Common.vb:718,none,,Divergence,WinForms UI-state/lifecycle/version/image-editor/crash glue; not applicable in Qt.
NIT.Common.vb,NIT,ApplyThemeToRichTextFiles,Sub,,NIT.Common.vb:739,strong,vaultkeeper/config/settings.py,AUTO-PORTED,
NIT.Common.vb,NIT,Restart,Sub,,NIT.Common.vb:757,strong,vaultkeeper/game/save_archive.py | vaultkeeper/ui/app.py | vaultkeeper/ui/theme.py,AUTO-PORTED,
NIT.Common.vb,NIT,DisplayClosingMessage,Sub,,NIT.Common.vb:784,none,,Divergence,WinForms UI-state/lifecycle/version/image-editor/crash glue; not applicable in Qt.
NIT.Common.vb,NIT,SetRunApplicationSetup,Sub,,NIT.Common.vb:804,none,,Deferred,shared-store sync / auto-config-restorers / run-menu / auto-update / patch-import.
NIT.Common.vb,NIT,GetDownloadInfo,Function,,NIT.Common.vb:859,none,,Deferred,shared-store sync / auto-config-restorers / run-menu / auto-update / patch-import.
NIT.Common.vb,NIT,GetUpdateMessage,Function,,NIT.Common.vb:946,none,,Deferred,shared-store sync / auto-config-restorers / run-menu / auto-update / patch-import.
NIT.Common.vb,NIT,DisplaySelectedCount,Sub,,NIT.Common.vb:971,none,,Ported,confirmed in port (install/uninstall/deps/erf/leto/editions/tga/skills/playdata/theme).
NIT.Common.vb,NIT,DisplayChangeStatusLine,Sub,,NIT.Common.vb:994,none,,Divergence,WinForms UI-state/lifecycle/version/image-editor/crash glue; not applicable in Qt.
NIT.Common.vb,NIT,PerformVersionCheck,Sub,,NIT.Common.vb:1016,none,,Deferred,shared-store sync / auto-config-restorers / run-menu / auto-update / patch-import.
NIT.Common.vb,NIT,GetNwnVersionInfo,Function,,NIT.Common.vb:1039,none,,Divergence,WinForms UI-state/lifecycle/version/image-editor/crash glue; not applicable in Qt.
NIT.Common.vb,NIT,InputModnameMask,Function,,NIT.Common.vb:1132,none,,Divergence,WinForms UI-state/lifecycle/version/image-editor/crash glue; not applicable in Qt.
NIT.Common.vb,NIT,InputFileKey,Function,,NIT.Common.vb:1154,none,,Divergence,WinForms UI-state/lifecycle/version/image-editor/crash glue; not applicable in Qt.
NIT.Common.vb,NIT,InputFileKeyMask,Function,,NIT.Common.vb:1177,none,,Divergence,WinForms UI-state/lifecycle/version/image-editor/crash glue; not applicable in Qt.
NIT.Common.vb,NIT,ValidateName,Function,,NIT.Common.vb:1220,strong,vaultkeeper/core/name_edit.py | vaultkeeper/game/start_screen.py | vaultkeeper/ui/controller.py,Divergence,WinForms event/progress/UI plumbing refactored into controller/vault + bounded viewer (search/copy-paste/nav). Owner-confirm candidates: StartScreen export/copy-paste/search.
NIT.Common.vb,NIT,ValidateNameMask,Function,,NIT.Common.vb:1288,none,,Divergence,WinForms UI-state/lifecycle/version/image-editor/crash glue; not applicable in Qt.
NIT.Common.vb,NIT,ValidateFileKey,Function,,NIT.Common.vb:1317,none,,Partial,"validation helpers present but bounded (core/name_edit, core/reserved)."
NIT.Common.vb,NIT,ValidateFileKeyMask,Function,,NIT.Common.vb:1357,none,,Divergence,WinForms UI-state/lifecycle/version/image-editor/crash glue; not applicable in Qt.
NIT.Common.vb,NIT,ValidateLink,Function,,NIT.Common.vb:1423,strong,vaultkeeper/ui/controller.py,AUTO-PORTED,
NIT.Common.vb,NIT,RefreshGroupCounts,Sub,,NIT.Common.vb:1460,none,,Ported,confirmed in port (install/uninstall/deps/erf/leto/editions/tga/skills/playdata/theme).
NIT.Common.vb,NIT,GroupChoiceInfo,Property,,NIT.Common.vb:1475,none,,Divergence,WinForms UI-state/lifecycle/version/image-editor/crash glue; not applicable in Qt.
NIT.Common.vb,NIT,RenameGroupFilters,Sub,,NIT.Common.vb:1511,none,,Divergence,WinForms UI-state/lifecycle/version/image-editor/crash glue; not applicable in Qt.
NIT.Common.vb,NIT,SaveSelections,Sub,,NIT.Common.vb:1551,none,,Divergence,"VB ListView/settings-format plumbing, native-JSON persistence (vs NRBF tables), UI-state files, Windows-specific."
NIT.Common.vb,NIT,RestoreSelections,Sub,,NIT.Common.vb:1564,none,,Divergence,WinForms UI-state/lifecycle/version/image-editor/crash glue; not applicable in Qt.
NIT.Common.vb,NIT,CreateModDir,Function,,NIT.Common.vb:1586,none,,Partial,"validation helpers present but bounded (core/name_edit, core/reserved)."
NIT.Common.vb,NIT,RemoveAllErfFiles,Sub,,NIT.Common.vb:1612,none,,Ported,confirmed in port (install/uninstall/deps/erf/leto/editions/tga/skills/playdata/theme).
NIT.Common.vb,NIT,AnnealAffectedMods,Function,,NIT.Common.vb:1685,none,,Ported,confirmed in port (install/uninstall/deps/erf/leto/editions/tga/skills/playdata/theme).
NIT.Common.vb,NIT,InstallMods,Sub,,NIT.Common.vb:1722,none,,Ported,confirmed in port (install/uninstall/deps/erf/leto/editions/tga/skills/playdata/theme).
NIT.Common.vb,NIT,IncludeDependencies,Sub,,NIT.Common.vb:1793,none,,Ported,confirmed in port (install/uninstall/deps/erf/leto/editions/tga/skills/playdata/theme).
NIT.Common.vb,NIT,UninstallMods,Sub,,NIT.Common.vb:1817,none,,Ported,confirmed in port (install/uninstall/deps/erf/leto/editions/tga/skills/playdata/theme).
NIT.Common.vb,NIT,UninstallDependencies,Sub,,NIT.Common.vb:1873,strong,vaultkeeper/config/settings.py | vaultkeeper/ui/controller.py | vaultkeeper/ui/dialogs/settings_dialog.py,Ported,confirmed in port (install/uninstall/deps/erf/leto/editions/tga/skills/playdata/theme).
NIT.Common.vb,NIT,InstalledDependants,Sub,,NIT.Common.vb:1929,none,,Ported,confirmed in port (install/uninstall/deps/erf/leto/editions/tga/skills/playdata/theme).
NIT.Common.vb,NIT,RunAutoModDependencies,Sub,,NIT.Common.vb:1958,none,,Deferred,shared-store sync / auto-config-restorers / run-menu / auto-update / patch-import.
NIT.Common.vb,NIT,ValidateMods,Sub,,NIT.Common.vb:2016,strong,vaultkeeper/ui/controller.py | vaultkeeper/ui/main_window.py | vaultkeeper/ui/resources.py,AUTO-PORTED,
NIT.Common.vb,NIT,ProcessNotesSaved,Sub,,NIT.Common.vb:2044,none,,Divergence,WinForms UI-state/lifecycle/version/image-editor/crash glue; not applicable in Qt.
NIT.Common.vb,NIT,SynchroniseModsThread,Sub,,NIT.Common.vb:2087,none,,Deferred,shared-store sync / auto-config-restorers / run-menu / auto-update / patch-import.
NIT.Common.vb,NIT,CopyNwmFile,Function,,NIT.Common.vb:2137,none,,Divergence,WinForms UI-state/lifecycle/version/image-editor/crash glue; not applicable in Qt.
NIT.Common.vb,NIT,CreateCopyMod,Function,,NIT.Common.vb:2200,none,,Divergence,WinForms UI-state/lifecycle/version/image-editor/crash glue; not applicable in Qt.
NIT.Common.vb,NIT,NwmModNotes,Sub,,NIT.Common.vb:2236,none,,Divergence,WinForms UI-state/lifecycle/version/image-editor/crash glue; not applicable in Qt.
NIT.Common.vb,NIT,ExportedModsAction,Sub,,NIT.Common.vb:2264,none,,Deferred,shared-store sync / auto-config-restorers / run-menu / auto-update / patch-import.
NIT.Common.vb,NIT,RefreshModsExported,Sub,,NIT.Common.vb:2286,none,,Deferred,shared-store sync / auto-config-restorers / run-menu / auto-update / patch-import.
NIT.Common.vb,NIT,ImportModsExported,Sub,,NIT.Common.vb:2305,none,,Deferred,shared-store sync / auto-config-restorers / run-menu / auto-update / patch-import.
NIT.Common.vb,NIT,ImportPatchFile,Sub,,NIT.Common.vb:2661,none,,Deferred,shared-store sync / auto-config-restorers / run-menu / auto-update / patch-import.
NIT.Common.vb,NIT,MergePlayTimes,Function,,NIT.Common.vb:2682,none,,Ported,confirmed in port (install/uninstall/deps/erf/leto/editions/tga/skills/playdata/theme).
NIT.Common.vb,NIT,ModPropertySyncFile,Property,,NIT.Common.vb:2710,none,,Deferred,shared-store sync / auto-config-restorers / run-menu / auto-update / patch-import.
NIT.Common.vb,NIT,ModPropertySourceFile,Property,,NIT.Common.vb:2720,none,,Deferred,shared-store sync / auto-config-restorers / run-menu / auto-update / patch-import.
NIT.Common.vb,NIT,AddPropertySync,Sub,,NIT.Common.vb:2736,none,,Deferred,shared-store sync / auto-config-restorers / run-menu / auto-update / patch-import.
NIT.Common.vb,NIT,SyncModProperties,Sub,,NIT.Common.vb:2755,none,,Deferred,shared-store sync / auto-config-restorers / run-menu / auto-update / patch-import.
NIT.Common.vb,NIT,ClearModPropertySyncFile,Sub,,NIT.Common.vb:2850,none,,Deferred,shared-store sync / auto-config-restorers / run-menu / auto-update / patch-import.
NIT.Common.vb,NIT,ModPropertySyncFileReport,Function,,NIT.Common.vb:2866,none,,Deferred,shared-store sync / auto-config-restorers / run-menu / auto-update / patch-import.
NIT.Common.vb,NIT,RefreshContents,Sub,,NIT.Common.vb:2901,none,,Ported,confirmed in port (install/uninstall/deps/erf/leto/editions/tga/skills/playdata/theme).
NIT.Common.vb,NIT,CreateFile,Sub,,NIT.Common.vb:2928,comment,vaultkeeper/core/profile_data.py,AUTO-PORTED,matched in comment/docstring
NIT.Common.vb,NIT,SetPropertiesPanelHeight,Sub,,NIT.Common.vb:2987,none,,Divergence,WinForms UI-state/lifecycle/version/image-editor/crash glue; not applicable in Qt.
NIT.Common.vb,NIT,DeleteLetoLogs,Sub,,NIT.Common.vb:3032,none,,Ported,confirmed in port (install/uninstall/deps/erf/leto/editions/tga/skills/playdata/theme).
NIT.Common.vb,NIT,RestoreData,Sub,,NIT.Common.vb:3051,strong,vaultkeeper/ui/controller.py | vaultkeeper/ui/main_window.py,AUTO-PORTED,
NIT.Common.vb,NIT,ApplyFontPreferences,Sub,,NIT.Common.vb:3135,none,,Ported,confirmed in port (install/uninstall/deps/erf/leto/editions/tga/skills/playdata/theme).
NIT.Common.vb,NIT,AdjustRibbonButtons,Sub,,NIT.Common.vb:3222,none,,Divergence,WinForms UI-state/lifecycle/version/image-editor/crash glue; not applicable in Qt.
NIT.Common.vb,NIT,GetImageEditorInfo,Function,,NIT.Common.vb:3254,none,,Divergence,WinForms UI-state/lifecycle/version/image-editor/crash glue; not applicable in Qt.
NIT.Common.vb,NIT,SetPaintDotNet,Function,,NIT.Common.vb:3343,none,,Divergence,WinForms UI-state/lifecycle/version/image-editor/crash glue; not applicable in Qt.
NIT.Common.vb,NIT,GetProgramIcon,Function,,NIT.Common.vb:3372,none,,Divergence,WinForms UI-state/lifecycle/version/image-editor/crash glue; not applicable in Qt.
NIT.Common.vb,NIT,PruneAutoConfig,Sub,,NIT.Common.vb:3394,none,,Deferred,shared-store sync / auto-config-restorers / run-menu / auto-update / patch-import.
NIT.Common.vb,NIT,RemoveAutoConfigMod,Sub,,NIT.Common.vb:3448,none,,Deferred,shared-store sync / auto-config-restorers / run-menu / auto-update / patch-import.
NIT.Common.vb,NIT,ClearNwnRunLog,Sub,,NIT.Common.vb:3480,none,,Divergence,WinForms UI-state/lifecycle/version/image-editor/crash glue; not applicable in Qt.
NIT.Common.vb,NIT,UpdatePlayData,Sub,,NIT.Common.vb:3505,none,,Ported,confirmed in port (install/uninstall/deps/erf/leto/editions/tga/skills/playdata/theme).
NIT.Common.vb,NIT,ValidatePlayTimeSettings,Sub,,NIT.Common.vb:3524,none,,Divergence,WinForms UI-state/lifecycle/version/image-editor/crash glue; not applicable in Qt.
NIT.Common.vb,NIT,ConvertBik,Function,,NIT.Common.vb:3576,strong,vaultkeeper/game/bik_convert.py | vaultkeeper/game/installer_build.py | vaultkeeper/ui/controller.py,AUTO-PORTED,
NIT.Common.vb,NIT,GetSteamAppId,Function,,NIT.Common.vb:3601,none,,Ported,confirmed in port (install/uninstall/deps/erf/leto/editions/tga/skills/playdata/theme).
NIT.Common.vb,NIT,ProcessChangedSubscriptions,Sub,,NIT.Common.vb:3636,none,,Ported,confirmed in port (install/uninstall/deps/erf/leto/editions/tga/skills/playdata/theme).
NIT.Common.vb,NIT,IsRunDocOrganiser,Function,,NIT.Common.vb:3667,none,,Deferred,shared-store sync / auto-config-restorers / run-menu / auto-update / patch-import.
NIT.Common.vb,NIT,ShowCommonMsp,Function,,NIT.Common.vb:3723,none,,Divergence,WinForms UI-state/lifecycle/version/image-editor/crash glue; not applicable in Qt.
NIT.Common.vb,NIT,CloseCommonMsp,Sub,,NIT.Common.vb:3743,none,,Divergence,WinForms UI-state/lifecycle/version/image-editor/crash glue; not applicable in Qt.
NIT.Common.vb,NIT,AutoLoadscreen,Sub,,NIT.Common.vb:3773,strong,vaultkeeper/game/start_screen.py | vaultkeeper/ui/controller.py,AUTO-PORTED,
NIT.Common.vb,NIT,InstallLoadscreen,Function,,NIT.Common.vb:3831,strong,vaultkeeper/ui/controller.py | vaultkeeper/ui/dialogs/start_screen_manager.py,AUTO-PORTED,
NIT.Common.vb,NIT,SetPlayImage,Sub,,NIT.Common.vb:3882,none,,Divergence,WinForms UI-state/lifecycle/version/image-editor/crash glue; not applicable in Qt.
NIT.ContentsView.vb,NIT,InitialiseContentsView,Sub,,NIT.ContentsView.vb:27,none,,Ported,"port view/domain layer (details/contents/status/paste/recent/profile views, hak-patch, play-data viewer, find-files, conflicts, workshop, publish)."
NIT.ContentsView.vb,NIT,FvContents_SelectedIndexChanged,Sub,FvContents.SelectedIndexChanged,NIT.ContentsView.vb:61,none,,Divergence,WinForms lifecycle/event/virtual-list/background-worker/mouse-hover plumbing.
NIT.ContentsView.vb,NIT,FvContents_VirtualItemsSelectionRangeChanged,Sub,FvContents.VirtualItemsSelectionRangeChanged,NIT.ContentsView.vb:81,none,,Divergence,WinForms lifecycle/event/virtual-list/background-worker/mouse-hover plumbing.
NIT.ContentsView.vb,NIT,FvContents_ShownCountZero,Sub,FvContents.ShownCountZero,NIT.ContentsView.vb:98,none,,Divergence,WinForms lifecycle/event/virtual-list/background-worker/mouse-hover plumbing.
NIT.ContentsView.vb,NIT,DeleteSelectedContents,Sub,,NIT.ContentsView.vb:135,none,,Ported,"port view/domain layer (details/contents/status/paste/recent/profile views, hak-patch, play-data viewer, find-files, conflicts, workshop, publish)."
NIT.ContentsView.vb,NIT,RemoveModInstaller,Sub,,NIT.ContentsView.vb:201,none,,Ported,"port view/domain layer (details/contents/status/paste/recent/profile views, hak-patch, play-data viewer, find-files, conflicts, workshop, publish)."
NIT.ContentsView.vb,NIT,RenameContents,Sub,,NIT.ContentsView.vb:221,none,,Ported,"port view/domain layer (details/contents/status/paste/recent/profile views, hak-patch, play-data viewer, find-files, conflicts, workshop, publish)."
NIT.DetailsView.vb,NIT,InitialiseDetailsView,Sub,,NIT.DetailsView.vb:33,none,,Ported,"port view/domain layer (details/contents/status/paste/recent/profile views, hak-patch, play-data viewer, find-files, conflicts, workshop, publish)."
NIT.DetailsView.vb,NIT,UpdateInstallerFiles,Sub,,NIT.DetailsView.vb:59,none,,Ported,"port view/domain layer (details/contents/status/paste/recent/profile views, hak-patch, play-data viewer, find-files, conflicts, workshop, publish)."
NIT.DetailsView.vb,NIT,InstallerImageKey,Sub,,NIT.DetailsView.vb:133,none,,Divergence,WinForms lifecycle/event/virtual-list/background-worker/mouse-hover plumbing.
NIT.DetailsView.vb,NIT,UnknownImageKey,Function,,NIT.DetailsView.vb:177,none,,Divergence,WinForms lifecycle/event/virtual-list/background-worker/mouse-hover plumbing.
NIT.DetailsView.vb,NIT,FvDetails_SelectedIndexChanged,Sub,FvDetails.SelectedIndexChanged,NIT.DetailsView.vb:194,none,,Divergence,WinForms lifecycle/event/virtual-list/background-worker/mouse-hover plumbing.
NIT.DetailsView.vb,NIT,FvDetails_VirtualItemsSelectionRangeChanged,Sub,FvDetails.VirtualItemsSelectionRangeChanged,NIT.DetailsView.vb:212,none,,Divergence,WinForms lifecycle/event/virtual-list/background-worker/mouse-hover plumbing.
NIT.DetailsView.vb,NIT,ShowPropertiesPanel,Property,,NIT.DetailsView.vb:246,none,,Ported,"port view/domain layer (details/contents/status/paste/recent/profile views, hak-patch, play-data viewer, find-files, conflicts, workshop, publish)."
NIT.DetailsView.vb,NIT,InstallerFileProperties,Sub,,NIT.DetailsView.vb:269,none,,Ported,"port view/domain layer (details/contents/status/paste/recent/profile views, hak-patch, play-data viewer, find-files, conflicts, workshop, publish)."
NIT.DetailsView.vb,NIT,DisplayAdditionalInfo,Sub,,NIT.DetailsView.vb:323,none,,Ported,"port view/domain layer (details/contents/status/paste/recent/profile views, hak-patch, play-data viewer, find-files, conflicts, workshop, publish)."
NIT.DetailsView.vb,NIT,LbProperties_TextChanged,Sub,LbProperties.TextChanged,NIT.DetailsView.vb:391,none,,Divergence,WinForms lifecycle/event/virtual-list/background-worker/mouse-hover plumbing.
NIT.DetailsView.vb,NIT,DeleteSelectedDetails,Sub,,NIT.DetailsView.vb:416,none,,Ported,"port view/domain layer (details/contents/status/paste/recent/profile views, hak-patch, play-data viewer, find-files, conflicts, workshop, publish)."
NIT.DetailsView.vb,NIT,RemoveInstallerFiles,Function,,NIT.DetailsView.vb:443,none,,Ported,"port view/domain layer (details/contents/status/paste/recent/profile views, hak-patch, play-data viewer, find-files, conflicts, workshop, publish)."
NIT.DetailsView.vb,NIT,RenameDetails,Sub,,NIT.DetailsView.vb:496,none,,Ported,"port view/domain layer (details/contents/status/paste/recent/profile views, hak-patch, play-data viewer, find-files, conflicts, workshop, publish)."
NIT.DetailsView.vb,NIT,MoveToFolder,Sub,,NIT.DetailsView.vb:593,comment,vaultkeeper/ui/menu_bar.py | vaultkeeper/ui/quick_toolbar.py | vaultkeeper/ui/resources.py,Divergence,WinForms lifecycle/event/virtual-list/background-worker/mouse-hover plumbing.
NIT.DragDrop.vb,NIT,Fv_DragDrop,Sub,"FvMods.DragDrop, FvContents.DragDrop, FvDetails.DragDrop",NIT.DragDrop.vb:22,none,,Ported,"port view/domain layer (details/contents/status/paste/recent/profile views, hak-patch, play-data viewer, find-files, conflicts, workshop, publish)."
NIT.Menu.vb,NIT,ProcessCommandLine,Sub,,NIT.Menu.vb:125,none,,Divergence,NIT.Menu UI plumbing: the Db* debug-options menu (intentional cross-platform omission) + WinForms mouse/key/click/form-lifecycle event handlers + status-button handlers.
NIT.Menu.vb,NIT,DisplayStartOptions,Function,,NIT.Menu.vb:188,none,,Divergence,NIT.Menu UI plumbing: the Db* debug-options menu (intentional cross-platform omission) + WinForms mouse/key/click/form-lifecycle event handlers + status-button handlers.
NIT.Menu.vb,NIT,ConfigSystemTrayMinimise,Property,,NIT.Menu.vb:259,none,,Divergence,NIT.Menu UI plumbing: the Db* debug-options menu (intentional cross-platform omission) + WinForms mouse/key/click/form-lifecycle event handlers + status-button handlers.
NIT.Menu.vb,NIT,InitialiseMenuItems,Sub,,NIT.Menu.vb:291,none,,Ported,menu construction + wired command handlers (menu_bar/help/ribbon-toggle/play-viewer/create-installer).
NIT.Menu.vb,NIT,SetClearHakPortraits,Sub,,NIT.Menu.vb:316,none,,Ported,menu construction + wired command handlers (menu_bar/help/ribbon-toggle/play-viewer/create-installer).
NIT.Menu.vb,NIT,SetDefaultRunMenu,Sub,,NIT.Menu.vb:325,none,,Deferred,run-menu / shared-nit / original-restorers / original-portraits / auto-update / debug-menu / select-game-mod.
NIT.Menu.vb,NIT,SetRunMenu,Sub,,NIT.Menu.vb:345,none,,Deferred,run-menu / shared-nit / original-restorers / original-portraits / auto-update / debug-menu / select-game-mod.
NIT.Menu.vb,NIT,SetNwnExePaths,Sub,,NIT.Menu.vb:388,none,,Deferred,run-menu / shared-nit / original-restorers / original-portraits / auto-update / debug-menu / select-game-mod.
NIT.Menu.vb,NIT,SetDefaultWebMenu,Sub,,NIT.Menu.vb:406,none,,Ported,menu construction + wired command handlers (menu_bar/help/ribbon-toggle/play-viewer/create-installer).
NIT.Menu.vb,NIT,SetWebMenu,Sub,,NIT.Menu.vb:422,strong,vaultkeeper/ui/main_window.py | vaultkeeper/ui/menu_bar.py,AUTO-PORTED,
NIT.Menu.vb,NIT,SetRibbon,Sub,,NIT.Menu.vb:472,none,,Ported,menu construction + wired command handlers (menu_bar/help/ribbon-toggle/play-viewer/create-installer).
NIT.Menu.vb,NIT,SetPortraitManagerToolTip,Sub,,NIT.Menu.vb:492,none,,Divergence,NIT.Menu UI plumbing: the Db* debug-options menu (intentional cross-platform omission) + WinForms mouse/key/click/form-lifecycle event handlers + status-button handlers.
NIT.Menu.vb,NIT,RegisterShortCutKeys,Sub,,NIT.Menu.vb:532,none,,Ported,menu construction + wired command handlers (menu_bar/help/ribbon-toggle/play-viewer/create-installer).
NIT.Menu.vb,NIT,DefineContextMenus,Sub,,NIT.Menu.vb:562,strong,vaultkeeper/ui/main_window.py,AUTO-PORTED,
NIT.Menu.vb,NIT,Fv_ItemClicked,Sub,"FvContents.ItemClicked, FvDetails.ItemClicked",NIT.Menu.vb:593,none,,Divergence,NIT.Menu UI plumbing: the Db* debug-options menu (intentional cross-platform omission) + WinForms mouse/key/click/form-lifecycle event handlers + status-button handlers.
NIT.Menu.vb,NIT,Tx_TextChanged,Sub,,NIT.Menu.vb:607,none,,Divergence,NIT.Menu UI plumbing: the Db* debug-options menu (intentional cross-platform omission) + WinForms mouse/key/click/form-lifecycle event handlers + status-button handlers.
NIT.Menu.vb,NIT,Tx_PreviewKeyDown,Sub,,NIT.Menu.vb:615,none,,Divergence,NIT.Menu UI plumbing: the Db* debug-options menu (intentional cross-platform omission) + WinForms mouse/key/click/form-lifecycle event handlers + status-button handlers.
NIT.Menu.vb,NIT,Tx_KeyUp,Sub,,NIT.Menu.vb:627,none,,Divergence,NIT.Menu UI plumbing: the Db* debug-options menu (intentional cross-platform omission) + WinForms mouse/key/click/form-lifecycle event handlers + status-button handlers.
NIT.Menu.vb,NIT,Tx_MouseUp,Sub,,NIT.Menu.vb:637,none,,Divergence,NIT.Menu UI plumbing: the Db* debug-options menu (intentional cross-platform omission) + WinForms mouse/key/click/form-lifecycle event handlers + status-button handlers.
NIT.Menu.vb,NIT,SetOriginalPortraitsMenuItem,Sub,,NIT.Menu.vb:651,none,,Deferred,run-menu / shared-nit / original-restorers / original-portraits / auto-update / debug-menu / select-game-mod.
NIT.Menu.vb,NIT,SetDownloadMenuItems,Sub,,NIT.Menu.vb:671,none,,Deferred,run-menu / shared-nit / original-restorers / original-portraits / auto-update / debug-menu / select-game-mod.
NIT.Menu.vb,NIT,SetSharedNitMenuItems,Sub,,NIT.Menu.vb:698,none,,Deferred,run-menu / shared-nit / original-restorers / original-portraits / auto-update / debug-menu / select-game-mod.
NIT.Menu.vb,NIT,SetCreateOriginalRestorers,Sub,,NIT.Menu.vb:723,none,,Deferred,run-menu / shared-nit / original-restorers / original-portraits / auto-update / debug-menu / select-game-mod.
NIT.Menu.vb,NIT,SetDebugOptionsMenu,Sub,,NIT.Menu.vb:736,none,,Deferred,run-menu / shared-nit / original-restorers / original-portraits / auto-update / debug-menu / select-game-mod.
NIT.Menu.vb,NIT,SetTextBoxEditMenu,Sub,,NIT.Menu.vb:750,none,,Ported,menu construction + wired command handlers (menu_bar/help/ribbon-toggle/play-viewer/create-installer).
NIT.Menu.vb,NIT,SetTextBoxEditMenu,Sub,,NIT.Menu.vb:773,none,,Ported,menu construction + wired command handlers (menu_bar/help/ribbon-toggle/play-viewer/create-installer).
NIT.Menu.vb,NIT,SetMoveToFolder,Sub,,NIT.Menu.vb:790,none,,Deferred,run-menu / shared-nit / original-restorers / original-portraits / auto-update / debug-menu / select-game-mod.
NIT.Menu.vb,NIT,SetProfileMenus,Sub,,NIT.Menu.vb:848,none,,Ported,menu construction + wired command handlers (menu_bar/help/ribbon-toggle/play-viewer/create-installer).
NIT.Menu.vb,NIT,FileViewMenus,Sub,,NIT.Menu.vb:898,none,,Ported,menu construction + wired command handlers (menu_bar/help/ribbon-toggle/play-viewer/create-installer).
NIT.Menu.vb,NIT,MsGetUpdate_Click,Sub,MsGetUpdate.Click,NIT.Menu.vb:1086,none,,Deferred,run-menu / shared-nit / original-restorers / original-portraits / auto-update / debug-menu / select-game-mod.
NIT.Menu.vb,NIT,MsGetUpdatePerformClick,Sub,,NIT.Menu.vb:1102,none,,Deferred,run-menu / shared-nit / original-restorers / original-portraits / auto-update / debug-menu / select-game-mod.
NIT.Menu.vb,NIT,MsPlayedInfo_Click,Sub,MsPlayedInfo.Click,NIT.Menu.vb:1142,none,,Ported,menu construction + wired command handlers (menu_bar/help/ribbon-toggle/play-viewer/create-installer).
NIT.Menu.vb,NIT,TsbModSelector_SearchBoxClosed,Sub,TsbModSelector.ItemSelected,NIT.Menu.vb:1163,none,,Divergence,NIT.Menu UI plumbing: the Db* debug-options menu (intentional cross-platform omission) + WinForms mouse/key/click/form-lifecycle event handlers + status-button handlers.
NIT.Menu.vb,NIT,RbnPlay_Click,Sub,RbnPlay.Click,NIT.Menu.vb:1181,none,,Ported,menu command handler whose command is wired in port _command_handlers().
NIT.Menu.vb,NIT,RbnPlay_MouseUp,Sub,RbnPlay.MouseUp,NIT.Menu.vb:1191,none,,Ported,menu command handler whose command is wired in port _command_handlers().
NIT.Menu.vb,NIT,RbnInstallUninstall_Click,Sub,RbnInstallUninstall.Click,NIT.Menu.vb:1219,none,,Ported,menu command handler whose command is wired in port _command_handlers().
NIT.Menu.vb,NIT,RbnGameSaves_MouseHover,Sub,,NIT.Menu.vb:1232,none,,Divergence,NIT.Menu UI plumbing: the Db* debug-options menu (intentional cross-platform omission) + WinForms mouse/key/click/form-lifecycle event handlers + status-button handlers.
NIT.Menu.vb,NIT,RbnGameSaves_MouseLeave,Sub,,NIT.Menu.vb:1244,none,,Divergence,NIT.Menu UI plumbing: the Db* debug-options menu (intentional cross-platform omission) + WinForms mouse/key/click/form-lifecycle event handlers + status-button handlers.
NIT.Menu.vb,NIT,RbnToolset_Click,Sub,RbnToolset.Click,NIT.Menu.vb:1258,none,,Ported,menu command handler whose command is wired in port _command_handlers().
NIT.Menu.vb,NIT,RbnMapFolders_Click,Sub,RbnMapFolders.Click,NIT.Menu.vb:1270,none,,Ported,menu command handler whose command is wired in port _command_handlers().
NIT.Menu.vb,NIT,RbnMapFiles_Click,Sub,RbnMapFiles.Click,NIT.Menu.vb:1282,none,,Ported,menu command handler whose command is wired in port _command_handlers().
NIT.Menu.vb,NIT,RbnNwnIni_Click,Sub,RbnNwnIni.Click,NIT.Menu.vb:1298,none,,Ported,menu command handler whose command is wired in port _command_handlers().
NIT.Menu.vb,NIT,RbnExportSettings_Click,Sub,RbnExportSettings.Click,NIT.Menu.vb:1310,none,,Deferred,handler for a command in the tracked deferred set.
NIT.Menu.vb,NIT,RbnBackupData_Click,Sub,RbnBackupData.Click,NIT.Menu.vb:1360,none,,Ported,menu command handler whose command is wired in port _command_handlers().
NIT.Menu.vb,NIT,RbnButtonLabel_MouseLeave,Sub,"RbnExportSettings.MouseLeave, RbnBackupData.MouseLeave",NIT.Menu.vb:1375,none,,Divergence,NIT.Menu UI plumbing: the Db* debug-options menu (intentional cross-platform omission) + WinForms mouse/key/click/form-lifecycle event handlers + status-button handlers.
NIT.Menu.vb,NIT,RbnFontAndColour_Click,Sub,"RbnFontAndColour.Click, MsFontAndColour.Click",NIT.Menu.vb:1385,strong,vaultkeeper/ui/theme.py,AUTO-PORTED,
NIT.Menu.vb,NIT,RbnManageWorkshop_Click,Sub,RbnManageWorkshop.Click,NIT.Menu.vb:1427,none,,Deferred,handler for a command in the tracked deferred set.
NIT.Menu.vb,NIT,RbnAdvancedSettings_Click,Sub,RbnAdvancedSettings.Click,NIT.Menu.vb:1463,none,,Ported,menu command handler whose command is wired in port _command_handlers().
NIT.Menu.vb,NIT,MsOpen_Click,Sub,MsOpen.Click,NIT.Menu.vb:1477,none,,Ported,menu command handler whose command is wired in port _command_handlers().
NIT.Menu.vb,NIT,MsDownloadProject_Click,Sub,"MsDownloadProject.Click, RbnDownloadProject.Click",NIT.Menu.vb:1499,none,,Ported,menu command handler whose command is wired in port _command_handlers().
NIT.Menu.vb,NIT,DownloadProject_FormClosed,Sub,,NIT.Menu.vb:1523,none,,Divergence,NIT.Menu UI plumbing: the Db* debug-options menu (intentional cross-platform omission) + WinForms mouse/key/click/form-lifecycle event handlers + status-button handlers.
NIT.Menu.vb,NIT,MsAddFiles_Click,Sub,"MsAddFiles.Click, RbnAddFiles.Click",NIT.Menu.vb:1567,none,,Ported,menu command handler whose command is wired in port _command_handlers().
NIT.Menu.vb,NIT,MsAddMods_Click,Sub,MsAddMods.Click,NIT.Menu.vb:1619,none,,Ported,menu command handler whose command is wired in port _command_handlers().
NIT.Menu.vb,NIT,MsUpdateDownloads_Click,Sub,"MsUpdateDownloads.Click, RbnUpdateDownloads.Click",NIT.Menu.vb:1661,none,,Ported,menu command handler whose command is wired in port _command_handlers().
NIT.Menu.vb,NIT,MsMoveToFolder_Click,Sub,"MsMoveToFolder.Click, MsMoveToDev.Click",NIT.Menu.vb:1698,none,,Deferred,handler for a command in the tracked deferred set.
NIT.Menu.vb,NIT,MsMoveToHistory_Click,Sub,MsMoveToHistory.Click,NIT.Menu.vb:1730,none,,Deferred,handler for a command in the tracked deferred set.
NIT.Menu.vb,NIT,MsNewFolder_Click,Sub,MsNewFolder.Click,NIT.Menu.vb:1782,none,,Deferred,handler for a command in the tracked deferred set.
NIT.Menu.vb,NIT,MsNewTextFile_Click,Sub,MsNewTextFile.Click,NIT.Menu.vb:1839,none,,Deferred,handler for a command in the tracked deferred set.
NIT.Menu.vb,NIT,MsNewRtfFile_Click,Sub,MsNewRtfFile.Click,NIT.Menu.vb:1859,none,,Deferred,handler for a command in the tracked deferred set.
NIT.Menu.vb,NIT,MsBackupData_Click,Sub,MsBackupData.Click,NIT.Menu.vb:1879,none,,Ported,menu command handler whose command is wired in port _command_handlers().
NIT.Menu.vb,NIT,MsRestoreData_Click,Sub,MsRestoreData.Click,NIT.Menu.vb:1927,none,,Ported,menu command handler whose command is wired in port _command_handlers().
NIT.Menu.vb,NIT,MsExportMods_Click,Sub,MsExportMods.Click,NIT.Menu.vb:1954,none,,Deferred,handler for a command in the tracked deferred set.
NIT.Menu.vb,NIT,MsImportMods_Click,Sub,MsImportMods.Click,NIT.Menu.vb:1984,none,,Deferred,handler for a command in the tracked deferred set.
NIT.Menu.vb,NIT,MsOpenSharedStore_Click,Sub,MsOpenSharedStore.Click,NIT.Menu.vb:2027,none,,Deferred,handler for a command in the tracked deferred set.
NIT.Menu.vb,NIT,MsConnect_Click,Sub,MsConnect.Click,NIT.Menu.vb:2053,none,,Divergence,handler for a command that is an intentional cross-platform divergence.
NIT.Menu.vb,NIT,MsExtractPortraits_Click,Sub,MsExtractPortraits.Click,NIT.Menu.vb:2084,none,,Ported,menu command handler whose command is wired in port _command_handlers().
NIT.Menu.vb,NIT,ExtractHakPortraits,Function,,NIT.Menu.vb:2118,strong,vaultkeeper/game/character.py | vaultkeeper/ui/controller.py | vaultkeeper/ui/dialogs/portrait_manager.py,AUTO-PORTED,
NIT.Menu.vb,NIT,MsDisplayInfo_Click,Sub,MsDisplayInfo.Click,NIT.Menu.vb:2220,none,,Ported,menu command handler whose command is wired in port _command_handlers().
NIT.Menu.vb,NIT,OpenImage,Function,,NIT.Menu.vb:2251,strong,vaultkeeper/ui/dialogs/image_viewer.py,AUTO-PORTED,
NIT.Menu.vb,NIT,MsProperties_Click,Sub,MsProperties.Click,NIT.Menu.vb:2277,none,,Ported,menu command handler whose command is wired in port _command_handlers().
NIT.Menu.vb,NIT,MsRestart_Click,Sub,MsRestart.Click,NIT.Menu.vb:2303,none,,Ported,menu command handler whose command is wired in port _command_handlers().
NIT.Menu.vb,NIT,MsExit_Click,Sub,MsExit.Click,NIT.Menu.vb:2319,none,,Ported,menu command handler whose command is wired in port _command_handlers().
NIT.Menu.vb,NIT,MsSelectAll_Click,Sub,MsSelectAll.Click,NIT.Menu.vb:2374,none,,Ported,menu command handler whose command is wired in port _command_handlers().
NIT.Menu.vb,NIT,MsCopy_Click,Sub,"MsCut.Click, MsCopy.Click",NIT.Menu.vb:2425,none,,Ported,menu command handler whose command is wired in port _command_handlers().
NIT.Menu.vb,NIT,MsCopyName_Click,Sub,MsCopyName.Click,NIT.Menu.vb:2489,none,,Ported,menu command handler whose command is wired in port _command_handlers().
NIT.Menu.vb,NIT,MsPaste_Click,Sub,MsPaste.Click,NIT.Menu.vb:2517,none,,Ported,menu command handler whose command is wired in port _command_handlers().
NIT.Menu.vb,NIT,MsDelete_Click,Sub,MsDelete.Click,NIT.Menu.vb:2578,none,,Ported,menu command handler whose command is wired in port _command_handlers().
NIT.Menu.vb,NIT,MsRename_Click,Sub,MsRename.Click,NIT.Menu.vb:2620,none,,Ported,menu command handler whose command is wired in port _command_handlers().
NIT.Menu.vb,NIT,MsFind_Click,Sub,MsFind.Click,NIT.Menu.vb:2648,none,,Ported,menu command handler whose command is wired in port _command_handlers().
NIT.Menu.vb,NIT,MsFindAndRename_Click,Sub,MsFindAndRename.Click,NIT.Menu.vb:2713,none,,Deferred,handler for a command in the tracked deferred set.
NIT.Menu.vb,NIT,MsConvertRestorer_Click,Sub,MsConvertRestorer.Click,NIT.Menu.vb:2738,strong,vaultkeeper/ui/controller.py,AUTO-PORTED,
NIT.Menu.vb,NIT,MsEditWebLink_Click,Sub,MsEditWebLink.Click,NIT.Menu.vb:2812,none,,Ported,menu command handler whose command is wired in port _command_handlers().
NIT.Menu.vb,NIT,MsCopyWebLink_Click,Sub,MsCopyWebLink.Click,NIT.Menu.vb:2847,none,,Ported,menu command handler whose command is wired in port _command_handlers().
NIT.Menu.vb,NIT,MsEditStartScreenPrefixes_Click,Sub,MsEditStartScreenPrefixes.Click,NIT.Menu.vb:2866,none,,Deferred,handler for a command in the tracked deferred set.
NIT.Menu.vb,NIT,MsCollapseAllGroups_Click,Sub,MsCollapseAllGroups.Click,NIT.Menu.vb:2891,none,,Ported,menu command handler whose command is wired in port _command_handlers().
NIT.Menu.vb,NIT,MsExpandAllGroups_Click,Sub,MsExpandAllGroups.Click,NIT.Menu.vb:2912,none,,Ported,menu command handler whose command is wired in port _command_handlers().
NIT.Menu.vb,NIT,MsCharacterSummary_Click,Sub,MsCharacterSummary.Click,NIT.Menu.vb:2933,none,,Ported,menu command handler whose command is wired in port _command_handlers().
NIT.Menu.vb,NIT,MsConflicts_Click,Sub,MsConflicts.Click,NIT.Menu.vb:2979,none,,Ported,menu command handler whose command is wired in port _command_handlers().
NIT.Menu.vb,NIT,MsModsPlayed_Click,Sub,MsModsPlayed.Click,NIT.Menu.vb:3014,none,,Ported,menu command handler whose command is wired in port _command_handlers().
NIT.Menu.vb,NIT,MsWorkshopViewer_Click,Sub,MsWorkshopViewer.Click,NIT.Menu.vb:3042,none,,Ported,menu command handler whose command is wired in port _command_handlers().
NIT.Menu.vb,NIT,MsLogFile_Click,Sub,"MsLogFile.Click, RbnNitLog.Click",NIT.Menu.vb:3059,none,,Ported,menu command handler whose command is wired in port _command_handlers().
NIT.Menu.vb,NIT,MsDisplaySettings_Click,Sub,"MsDisplaySettings.Click, RbnDisplaySettings.Click",NIT.Menu.vb:3077,none,,Divergence,handler for a command that is an intentional cross-platform divergence.
NIT.Menu.vb,NIT,MsOpenRulesFile_Click,Sub,MsOpenRulesFile.Click,NIT.Menu.vb:3099,none,,Divergence,handler for a command that is an intentional cross-platform divergence.
NIT.Menu.vb,NIT,MsNwnClientLogFile_Click,Sub,"MsNwnClientLogFile.Click, RbnNwnLog.Click",NIT.Menu.vb:3124,none,,Ported,menu command handler whose command is wired in port _command_handlers().
NIT.Menu.vb,NIT,MsNwnEngineLogFile_Click,Sub,"MsNwnEngineLogFile.Click, RbnNwnEngineLog.Click",NIT.Menu.vb:3141,none,,Ported,menu command handler whose command is wired in port _command_handlers().
NIT.Menu.vb,NIT,DisplayLogFile,Sub,,NIT.Menu.vb:3158,none,,Ported,menu construction + wired command handlers (menu_bar/help/ribbon-toggle/play-viewer/create-installer).
NIT.Menu.vb,NIT,ViewIniFile_Click,Sub,"MsNWNIniFile.Click,",NIT.Menu.vb:3189,none,,Ported,menu construction + wired command handlers (menu_bar/help/ribbon-toggle/play-viewer/create-installer).
NIT.Menu.vb,NIT,MsNwnSettingsFile_Click,Sub,"MsNwnSettingsFile.Click, RbnNwnSettingsFile.Click",NIT.Menu.vb:3228,none,,Ported,menu command handler whose command is wired in port _command_handlers().
NIT.Menu.vb,NIT,MsViewClipboard_Click,Sub,MsViewClipboard.Click,NIT.Menu.vb:3245,none,,Divergence,handler for a command that is an intentional cross-platform divergence.
NIT.Menu.vb,NIT,MsNewGroup_Click,Sub,MsNewGroup.Click,NIT.Menu.vb:3267,none,,Ported,menu command handler whose command is wired in port _command_handlers().
NIT.Menu.vb,NIT,MsNewMod_Click,Sub,"MsNewMod.Click, RbnNewMod.Click",NIT.Menu.vb:3296,none,,Ported,menu command handler whose command is wired in port _command_handlers().
NIT.Menu.vb,NIT,MsCreateInstaller_Click,Sub,"MsCreateInstaller.Click, RbnCreateInstaller.Click,",NIT.Menu.vb:3329,none,,Ported,menu command handler whose command is wired in port _command_handlers().
NIT.Menu.vb,NIT,PerformCreateInstaller,Sub,,NIT.Menu.vb:3361,none,,Ported,menu construction + wired command handlers (menu_bar/help/ribbon-toggle/play-viewer/create-installer).
NIT.Menu.vb,NIT,MsCreateMissingInstallers_Click,Sub,MsCreateMissingInstallers.Click,NIT.Menu.vb:3401,none,,Ported,menu command handler whose command is wired in port _command_handlers().
NIT.Menu.vb,NIT,ProcessCreateInstaller,Sub,,NIT.Menu.vb:3485,strong,vaultkeeper/ui/controller.py,AUTO-PORTED,
NIT.Menu.vb,NIT,MsChangeInstaller_Click,Sub,"MsChangeInstaller.Click, RbnChangeInstaller.Click",NIT.Menu.vb:3527,none,,Ported,menu command handler whose command is wired in port _command_handlers().
NIT.Menu.vb,NIT,MsCreateRestorer_Click,Sub,"MsCreateRestorer.Click, RbnCreateRestorer.Click",NIT.Menu.vb:3542,none,,Ported,menu command handler whose command is wired in port _command_handlers().
NIT.Menu.vb,NIT,MsCreateOriginalRestorers_Click,Sub,MsCreateOriginalRestorers.Click,NIT.Menu.vb:3624,none,,Deferred,handler for a command in the tracked deferred set.
NIT.Menu.vb,NIT,MsPublishMod_Click,Sub,MsPublishMod.Click,NIT.Menu.vb:3654,none,,Ported,menu command handler whose command is wired in port _command_handlers().
NIT.Menu.vb,NIT,MsLoadscreens_Click,Sub,MsLoadscreens.Click,NIT.Menu.vb:3699,none,,Ported,menu command handler whose command is wired in port _command_handlers().
NIT.Menu.vb,NIT,MsHakPatchEditor_Click,Sub,MsHakPatchEditor.Click,NIT.Menu.vb:3732,none,,Deferred,handler for a command in the tracked deferred set.
NIT.Menu.vb,NIT,MsAliasSection_Click,Sub,MsAliasSection.Click,NIT.Menu.vb:3754,none,,Deferred,handler for a command in the tracked deferred set.
NIT.Menu.vb,NIT,MsRemoveLetoLogFiles_Click,Sub,MsRemoveLetoLogFiles.Click,NIT.Menu.vb:3779,none,,Ported,menu command handler whose command is wired in port _command_handlers().
NIT.Menu.vb,NIT,MsSynchroniseMods_Click,Sub,MsSynchroniseMods.Click,NIT.Menu.vb:3816,none,,Deferred,handler for a command in the tracked deferred set.
NIT.Menu.vb,NIT,MsCompact_Click,Sub,MsCompact.Click,NIT.Menu.vb:3857,none,,Ported,menu command handler whose command is wired in port _command_handlers().
NIT.Menu.vb,NIT,MsRemoveIllegalModFiles_Click,Sub,MsRemoveIllegalModFiles.Click,NIT.Menu.vb:3918,none,,Ported,menu command handler whose command is wired in port _command_handlers().
NIT.Menu.vb,NIT,MsAnneal_Click,Sub,MsAnneal.Click,NIT.Menu.vb:3954,none,,Ported,menu command handler whose command is wired in port _command_handlers().
NIT.Menu.vb,NIT,MsInstall_Click,Sub,MsInstall.Click,NIT.Menu.vb:4002,none,,Ported,menu command handler whose command is wired in port _command_handlers().
NIT.Menu.vb,NIT,MsUninstall_Click,Sub,MsUninstall.Click,NIT.Menu.vb:4024,none,,Ported,menu command handler whose command is wired in port _command_handlers().
NIT.Menu.vb,NIT,MsModExplorer_Click,Sub,"MsModExplorer.Click, RbnModExplorer.Click",NIT.Menu.vb:4050,none,,Ported,menu command handler whose command is wired in port _command_handlers().
NIT.Menu.vb,NIT,MsCharacterExplorer_Click,Sub,"MsCharacterExplorer.Click, RbnCharacterExplorer.Click",NIT.Menu.vb:4076,none,,Ported,menu command handler whose command is wired in port _command_handlers().
NIT.Menu.vb,NIT,MsDocOrganiser_Click,Sub,"MsDocOrganiser.Click, RbnDocOrganise.Click",NIT.Menu.vb:4108,none,,Ported,menu command handler whose command is wired in port _command_handlers().
NIT.Menu.vb,NIT,MsGameSaves_Click,Sub,"MsGameSaves.Click, RbnGameSaves.Click",NIT.Menu.vb:4131,none,,Ported,menu command handler whose command is wired in port _command_handlers().
NIT.Menu.vb,NIT,GameMangerEnabled,Function,,NIT.Menu.vb:4223,none,,Deferred,run-menu / shared-nit / original-restorers / original-portraits / auto-update / debug-menu / select-game-mod.
NIT.Menu.vb,NIT,FixGameSaves,Function,,NIT.Menu.vb:4251,none,,Divergence,NIT.Menu UI plumbing: the Db* debug-options menu (intentional cross-platform omission) + WinForms mouse/key/click/form-lifecycle event handlers + status-button handlers.
NIT.Menu.vb,NIT,MsBackupManager_Click,Sub,"MsBackupManager.Click, RbnRestoreData.Click",NIT.Menu.vb:4283,none,,Deferred,handler for a command in the tracked deferred set.
NIT.Menu.vb,NIT,MsInstallationManager_Click,Sub,"MsInstallationManager.Click, RbnInstallationManager.Click",NIT.Menu.vb:4317,none,,Deferred,handler for a command in the tracked deferred set.
NIT.Menu.vb,NIT,MsInstallationAnalyser_Click,Sub,MsInstallationAnalyser.Click,NIT.Menu.vb:4347,none,,Ported,menu command handler whose command is wired in port _command_handlers().
NIT.Menu.vb,NIT,MsWizardBuilder_Click,Sub,"MsWizardBuilder.Click, RbnWizardBuilder.Click",NIT.Menu.vb:4373,none,,Ported,menu command handler whose command is wired in port _command_handlers().
NIT.Menu.vb,NIT,RunCreateModInstaller,Function,,NIT.Menu.vb:4401,none,,Ported,menu construction + wired command handlers (menu_bar/help/ribbon-toggle/play-viewer/create-installer).
NIT.Menu.vb,NIT,MsDependencyManager_Click,Sub,"MsDependencyManager.Click, RbnDependencyManager.Click",NIT.Menu.vb:4435,none,,Ported,menu command handler whose command is wired in port _command_handlers().
NIT.Menu.vb,NIT,MsPortraitManager_Click,Sub,"MsPortraitManager.Click, RbnPortraitManager.Click",NIT.Menu.vb:4462,none,,Ported,menu command handler whose command is wired in port _command_handlers().
NIT.Menu.vb,NIT,PortraitsManager_FormClosed,Sub,,NIT.Menu.vb:4492,none,,Divergence,NIT.Menu UI plumbing: the Db* debug-options menu (intentional cross-platform omission) + WinForms mouse/key/click/form-lifecycle event handlers + status-button handlers.
NIT.Menu.vb,NIT,MsPortraitManager_MouseUp,Sub,"MsPortraitManager.MouseUp, RbnPortraitManager.MouseUp",NIT.Menu.vb:4514,none,,Ported,menu command handler whose command is wired in port _command_handlers().
NIT.Menu.vb,NIT,MsUpdateEeFiles_Click,Sub,MsUpdateEeFiles.Click,NIT.Menu.vb:4530,none,,Divergence,handler for a command that is an intentional cross-platform divergence.
NIT.Menu.vb,NIT,MsRefreshWorkshopFiles_Click,Sub,MsRefreshWorkshopFiles.Click,NIT.Menu.vb:4583,none,,Deferred,handler for a command in the tracked deferred set.
NIT.Menu.vb,NIT,RefreshWorkshopFiles,Sub,,NIT.Menu.vb:4600,comment,vaultkeeper/ui/menu_bar.py,AUTO-PORTED,matched in comment/docstring
NIT.Menu.vb,NIT,MsValidateMovieFiles_Click,Sub,MsValidateMovieFiles.Click,NIT.Menu.vb:4614,none,,Ported,menu command handler whose command is wired in port _command_handlers().
NIT.Menu.vb,NIT,MsValidateProfileData_Click,Sub,MsValidateProfileData.Click,NIT.Menu.vb:4680,none,,Ported,menu command handler whose command is wired in port _command_handlers().
NIT.Menu.vb,NIT,MsValidateMods_Click,Sub,MsValidateMods.Click,NIT.Menu.vb:4722,none,,Ported,menu command handler whose command is wired in port _command_handlers().
NIT.Menu.vb,NIT,MsValidateInstalledData_Click,Sub,MsValidateInstalledData.Click,NIT.Menu.vb:4756,none,,Deferred,handler for a command in the tracked deferred set.
NIT.Menu.vb,NIT,MsValidate_Click,Sub,MsValidate.Click,NIT.Menu.vb:4811,none,,Deferred,handler for a command in the tracked deferred set.
NIT.Menu.vb,NIT,CheckForInvalidFiles,Sub,,NIT.Menu.vb:4876,none,,Divergence,NIT.Menu UI plumbing: the Db* debug-options menu (intentional cross-platform omission) + WinForms mouse/key/click/form-lifecycle event handlers + status-button handlers.
NIT.Menu.vb,NIT,MsRecoverGroups_Click,Sub,MsRecoverGroups.Click,NIT.Menu.vb:4898,strong,vaultkeeper/game/recovery.py | vaultkeeper/ui/controller.py,AUTO-PORTED,
NIT.Menu.vb,NIT,BgRecoverGroups,Sub,,NIT.Menu.vb:5030,strong,vaultkeeper/ui/controller.py,AUTO-PORTED,
NIT.Menu.vb,NIT,MsRecoverModProperties_Click,Sub,MsRecoverModProperties.Click,NIT.Menu.vb:5077,strong,vaultkeeper/game/recovery.py | vaultkeeper/ui/controller.py,AUTO-PORTED,
NIT.Menu.vb,NIT,MsRepairCrcs_Click,Sub,MsRepairCrcs.Click,NIT.Menu.vb:5131,none,,Ported,menu command handler whose command is wired in port _command_handlers().
NIT.Menu.vb,NIT,MsRebuildDatabase_Click,Sub,MsRebuildDatabase.Click,NIT.Menu.vb:5209,none,,Ported,menu command handler whose command is wired in port _command_handlers().
NIT.Menu.vb,NIT,RunMenu_Click,Sub,"MsPlayNeverwinterNights.Click, MsToolset.Click",NIT.Menu.vb:5260,none,,Deferred,run-menu / shared-nit / original-restorers / original-portraits / auto-update / debug-menu / select-game-mod.
NIT.Menu.vb,NIT,SelectGameMod,Sub,,NIT.Menu.vb:5380,none,,Deferred,run-menu / shared-nit / original-restorers / original-portraits / auto-update / debug-menu / select-game-mod.
NIT.Menu.vb,NIT,WebMenu_Click,Sub,,NIT.Menu.vb:5413,strong,vaultkeeper/ui/main_window.py,AUTO-PORTED,
NIT.Menu.vb,NIT,BimLink_MouseClick,Sub,"BimLink.MouseClick, lbModState.MouseClick",NIT.Menu.vb:5436,none,,Divergence,NIT.Menu UI plumbing: the Db* debug-options menu (intentional cross-platform omission) + WinForms mouse/key/click/form-lifecycle event handlers + status-button handlers.
NIT.Menu.vb,NIT,MsBasicSettings_Click,Sub,"MsBasicSettings.Click, RbnBasicSettings.Click",NIT.Menu.vb:5463,none,,Ported,menu command handler whose command is wired in port _command_handlers().
NIT.Menu.vb,NIT,MsSettings_Click,Sub,MsSettings.Click,NIT.Menu.vb:5496,none,,Ported,menu command handler whose command is wired in port _command_handlers().
NIT.Menu.vb,NIT,MsOriginalPortraits_CheckedChanged,Sub,MsOriginalPortraits.CheckedChanged,NIT.Menu.vb:5766,none,,Deferred,handler for a command in the tracked deferred set.
NIT.Menu.vb,NIT,DownloadPortraits,Function,,NIT.Menu.vb:5814,none,,Deferred,run-menu / shared-nit / original-restorers / original-portraits / auto-update / debug-menu / select-game-mod.
NIT.Menu.vb,NIT,InstallPortraits,Sub,,NIT.Menu.vb:5844,none,,Deferred,run-menu / shared-nit / original-restorers / original-portraits / auto-update / debug-menu / select-game-mod.
NIT.Menu.vb,NIT,MsPropertiesHeight_Click,Sub,MsPropertiesHeight.Click,NIT.Menu.vb:5872,none,,Divergence,handler for a command that is an intentional cross-platform divergence.
NIT.Menu.vb,NIT,LbProperties_Click,Sub,,NIT.Menu.vb:5896,none,,Divergence,NIT.Menu UI plumbing: the Db* debug-options menu (intentional cross-platform omission) + WinForms mouse/key/click/form-lifecycle event handlers + status-button handlers.
NIT.Menu.vb,NIT,MsResetWindow_Click,Sub,MsResetWindow.Click,NIT.Menu.vb:5904,none,,Divergence,handler for a command that is an intentional cross-platform divergence.
NIT.Menu.vb,NIT,MsResetWebMenu_Click,Sub,MsResetWebMenu.Click,NIT.Menu.vb:5928,none,,Deferred,handler for a command in the tracked deferred set.
NIT.Menu.vb,NIT,MsResetTaskbarIcon_Click,Sub,MsResetTaskbarIcon.Click,NIT.Menu.vb:5980,none,,Divergence,handler for a command that is an intentional cross-platform divergence.
NIT.Menu.vb,NIT,MsClearWaitCursors_Click,Sub,MsClearWaitCursors.Click,NIT.Menu.vb:6004,none,,Divergence,handler for a command that is an intentional cross-platform divergence.
NIT.Menu.vb,NIT,MsEnableClosing_Click,Sub,MsEnableClosing.Click,NIT.Menu.vb:6018,none,,Divergence,handler for a command that is an intentional cross-platform divergence.
NIT.Menu.vb,NIT,MsClearScrollInfo_Click,Sub,MsClearScrollInfo.Click,NIT.Menu.vb:6034,none,,Divergence,handler for a command that is an intentional cross-platform divergence.
NIT.Menu.vb,NIT,MsClearSelectionHistory_Click,Sub,MsClearSelectionHistory.Click,NIT.Menu.vb:6079,none,,Divergence,handler for a command that is an intentional cross-platform divergence.
NIT.Menu.vb,NIT,MsClearHakPortraits_Click,Sub,MsClearHakPortraits.Click,NIT.Menu.vb:6095,none,,Ported,menu command handler whose command is wired in port _command_handlers().
NIT.Menu.vb,NIT,MsShowRibbon_Clicked,Sub,MsShowRibbon.Click,NIT.Menu.vb:6149,none,,Ported,menu construction + wired command handlers (menu_bar/help/ribbon-toggle/play-viewer/create-installer).
NIT.Menu.vb,NIT,MsShowToolbar_Clicked,Sub,MsShowToolbar.Click,NIT.Menu.vb:6174,none,,Ported,menu construction + wired command handlers (menu_bar/help/ribbon-toggle/play-viewer/create-installer).
NIT.Menu.vb,NIT,MsShowText_Click,Sub,MsShowText.Click,NIT.Menu.vb:6191,none,,Deferred,handler for a command in the tracked deferred set.
NIT.Menu.vb,NIT,MsCustomise_Click,Sub,MsCustomise.Click,NIT.Menu.vb:6213,none,,Divergence,handler for a command that is an intentional cross-platform divergence.
NIT.Menu.vb,NIT,MsRemoveErfs_Click,Sub,MsRemoveErfs.Click,NIT.Menu.vb:6241,none,,Ported,menu command handler whose command is wired in port _command_handlers().
NIT.Menu.vb,NIT,DbEnableDevelopmentFolder_Click,Sub,DbEnableDevelopmentFolder.Click,NIT.Menu.vb:6267,none,,Divergence,NIT.Menu UI plumbing: the Db* debug-options menu (intentional cross-platform omission) + WinForms mouse/key/click/form-lifecycle event handlers + status-button handlers.
NIT.Menu.vb,NIT,DbRedoDateCompleted_Click,Sub,DbRedoDateCompleted.Click,NIT.Menu.vb:6322,none,,Divergence,NIT.Menu UI plumbing: the Db* debug-options menu (intentional cross-platform omission) + WinForms mouse/key/click/form-lifecycle event handlers + status-button handlers.
NIT.Menu.vb,NIT,DbSetPlayTimeValue_Click,Sub,DbSetPlayTimeValue.Click,NIT.Menu.vb:6333,none,,Divergence,NIT.Menu UI plumbing: the Db* debug-options menu (intentional cross-platform omission) + WinForms mouse/key/click/form-lifecycle event handlers + status-button handlers.
NIT.Menu.vb,NIT,MsSaveNwnInfo_Click,Sub,MsSaveNwnInfo.Click,NIT.Menu.vb:6393,none,,Divergence,NIT.Menu UI plumbing: the Db* debug-options menu (intentional cross-platform omission) + WinForms mouse/key/click/form-lifecycle event handlers + status-button handlers.
NIT.Menu.vb,NIT,DbOriginalFilesReport_Click,Sub,DbOriginalFilesReport.Click,NIT.Menu.vb:6428,none,,Divergence,NIT.Menu UI plumbing: the Db* debug-options menu (intentional cross-platform omission) + WinForms mouse/key/click/form-lifecycle event handlers + status-button handlers.
NIT.Menu.vb,NIT,DbInstalledFilesReport_Click,Sub,DbInstalledFilesReport.Click,NIT.Menu.vb:6444,none,,Divergence,NIT.Menu UI plumbing: the Db* debug-options menu (intentional cross-platform omission) + WinForms mouse/key/click/form-lifecycle event handlers + status-button handlers.
NIT.Menu.vb,NIT,DbModDataReport_Click,Sub,DbModDataReport.Click,NIT.Menu.vb:6465,none,,Divergence,NIT.Menu UI plumbing: the Db* debug-options menu (intentional cross-platform omission) + WinForms mouse/key/click/form-lifecycle event handlers + status-button handlers.
NIT.Menu.vb,NIT,DbModFileReport_Click,Sub,DbModFileReport.Click,NIT.Menu.vb:6485,none,,Divergence,NIT.Menu UI plumbing: the Db* debug-options menu (intentional cross-platform omission) + WinForms mouse/key/click/form-lifecycle event handlers + status-button handlers.
NIT.Menu.vb,NIT,DbGameMapDataReport_Click,Sub,DbGameMapDataReport.Click,NIT.Menu.vb:6506,none,,Divergence,NIT.Menu UI plumbing: the Db* debug-options menu (intentional cross-platform omission) + WinForms mouse/key/click/form-lifecycle event handlers + status-button handlers.
NIT.Menu.vb,NIT,DbGameMapUserReport_Click,Sub,DbGameMapUserReport.Click,NIT.Menu.vb:6527,none,,Ported,menu command handler whose command is wired in port _command_handlers().
NIT.Menu.vb,NIT,DbBlankFilesReport_Click,Sub,DbBlankFilesReport.Click,NIT.Menu.vb:6545,none,,Divergence,NIT.Menu UI plumbing: the Db* debug-options menu (intentional cross-platform omission) + WinForms mouse/key/click/form-lifecycle event handlers + status-button handlers.
NIT.Menu.vb,NIT,FindBlankTextFiles,Sub,,NIT.Menu.vb:6582,none,,Divergence,NIT.Menu UI plumbing: the Db* debug-options menu (intentional cross-platform omission) + WinForms mouse/key/click/form-lifecycle event handlers + status-button handlers.
NIT.Menu.vb,NIT,DbSyncReport_Click,Sub,DbSyncReport.Click,NIT.Menu.vb:6623,none,,Divergence,NIT.Menu UI plumbing: the Db* debug-options menu (intentional cross-platform omission) + WinForms mouse/key/click/form-lifecycle event handlers + status-button handlers.
NIT.Menu.vb,NIT,DbScrollReport_Click,Sub,DbScrollReport.Click,NIT.Menu.vb:6661,none,,Divergence,NIT.Menu UI plumbing: the Db* debug-options menu (intentional cross-platform omission) + WinForms mouse/key/click/form-lifecycle event handlers + status-button handlers.
NIT.Menu.vb,NIT,ReportWidth,Function,,NIT.Menu.vb:6784,none,,Divergence,NIT.Menu UI plumbing: the Db* debug-options menu (intentional cross-platform omission) + WinForms mouse/key/click/form-lifecycle event handlers + status-button handlers.
NIT.Menu.vb,NIT,DbSelectionHistory_Click,Sub,DbSelectionHistory.Click,NIT.Menu.vb:6793,none,,Divergence,NIT.Menu UI plumbing: the Db* debug-options menu (intentional cross-platform omission) + WinForms mouse/key/click/form-lifecycle event handlers + status-button handlers.
NIT.Menu.vb,NIT,DbExtractedPortraits_Click,Sub,DbExtractedPortraits.Click,NIT.Menu.vb:6867,none,,Divergence,NIT.Menu UI plumbing: the Db* debug-options menu (intentional cross-platform omission) + WinForms mouse/key/click/form-lifecycle event handlers + status-button handlers.
NIT.Menu.vb,NIT,DbStartScreenInfo_Click,Sub,DbStartScreenInfo.Click,NIT.Menu.vb:6949,none,,Divergence,NIT.Menu UI plumbing: the Db* debug-options menu (intentional cross-platform omission) + WinForms mouse/key/click/form-lifecycle event handlers + status-button handlers.
NIT.Menu.vb,NIT,DbMethod_Click,Sub,DbMethod.Click,NIT.Menu.vb:6977,none,,Divergence,NIT.Menu UI plumbing: the Db* debug-options menu (intentional cross-platform omission) + WinForms mouse/key/click/form-lifecycle event handlers + status-button handlers.
NIT.Menu.vb,NIT,DbColourSettings_Click,Sub,DbColourSettings.Click,NIT.Menu.vb:7000,none,,Divergence,NIT.Menu UI plumbing: the Db* debug-options menu (intentional cross-platform omission) + WinForms mouse/key/click/form-lifecycle event handlers + status-button handlers.
NIT.Menu.vb,NIT,DbChangedColours_Click,Sub,DbChangedColours.Click,NIT.Menu.vb:7010,none,,Divergence,NIT.Menu UI plumbing: the Db* debug-options menu (intentional cross-platform omission) + WinForms mouse/key/click/form-lifecycle event handlers + status-button handlers.
NIT.Menu.vb,NIT,DbActionList_Click,Sub,DbActionList.Click,NIT.Menu.vb:7020,none,,Divergence,NIT.Menu UI plumbing: the Db* debug-options menu (intentional cross-platform omission) + WinForms mouse/key/click/form-lifecycle event handlers + status-button handlers.
NIT.Menu.vb,NIT,DbEnableVaultDownloadCounter_Click,Sub,DbEnableVaultDownloadCounter.Click,NIT.Menu.vb:7036,none,,Divergence,NIT.Menu UI plumbing: the Db* debug-options menu (intentional cross-platform omission) + WinForms mouse/key/click/form-lifecycle event handlers + status-button handlers.
NIT.Menu.vb,NIT,DbHelpLayout_Click,Sub,DbHelpLayout.Click,NIT.Menu.vb:7048,none,,Divergence,NIT.Menu UI plumbing: the Db* debug-options menu (intentional cross-platform omission) + WinForms mouse/key/click/form-lifecycle event handlers + status-button handlers.
NIT.Menu.vb,NIT,DbSetSize_Click,Sub,DbSetSize.Click,NIT.Menu.vb:7089,none,,Divergence,NIT.Menu UI plumbing: the Db* debug-options menu (intentional cross-platform omission) + WinForms mouse/key/click/form-lifecycle event handlers + status-button handlers.
NIT.Menu.vb,NIT,ValidateSize,Function,,NIT.Menu.vb:7123,none,,Divergence,NIT.Menu UI plumbing: the Db* debug-options menu (intentional cross-platform omission) + WinForms mouse/key/click/form-lifecycle event handlers + status-button handlers.
NIT.Menu.vb,NIT,DbDisableAltKey_Click,Sub,DbDisableAltKey.Click,NIT.Menu.vb:7144,none,,Divergence,NIT.Menu UI plumbing: the Db* debug-options menu (intentional cross-platform omission) + WinForms mouse/key/click/form-lifecycle event handlers + status-button handlers.
NIT.Menu.vb,NIT,DbShowNitAvailable_Click,Sub,DbShowNitAvailable.Click,NIT.Menu.vb:7161,none,,Divergence,NIT.Menu UI plumbing: the Db* debug-options menu (intentional cross-platform omission) + WinForms mouse/key/click/form-lifecycle event handlers + status-button handlers.
NIT.Menu.vb,NIT,DbAppDefsReport_Click,Sub,DbAppDefsReport.Click,NIT.Menu.vb:7172,none,,Divergence,NIT.Menu UI plumbing: the Db* debug-options menu (intentional cross-platform omission) + WinForms mouse/key/click/form-lifecycle event handlers + status-button handlers.
NIT.Menu.vb,NIT,ValidateTimeValue,Function,,NIT.Menu.vb:7189,none,,Divergence,NIT.Menu UI plumbing: the Db* debug-options menu (intentional cross-platform omission) + WinForms mouse/key/click/form-lifecycle event handlers + status-button handlers.
NIT.Menu.vb,NIT,DbOriginalFiles_Click,Sub,DbOriginalFiles.Click,NIT.Menu.vb:7219,none,,Divergence,NIT.Menu UI plumbing: the Db* debug-options menu (intentional cross-platform omission) + WinForms mouse/key/click/form-lifecycle event handlers + status-button handlers.
NIT.Menu.vb,NIT,DbEeOriginalFiles_Click,Sub,DbEeOriginalFiles.Click,NIT.Menu.vb:7258,none,,Divergence,NIT.Menu UI plumbing: the Db* debug-options menu (intentional cross-platform omission) + WinForms mouse/key/click/form-lifecycle event handlers + status-button handlers.
NIT.Menu.vb,NIT,MsValidateOnActivateStatus_Click,Sub,MsValidateOnActivateStatus.Click,NIT.Menu.vb:7315,none,,Divergence,NIT.Menu UI plumbing: the Db* debug-options menu (intentional cross-platform omission) + WinForms mouse/key/click/form-lifecycle event handlers + status-button handlers.
NIT.Menu.vb,NIT,MsUpdateNow_Click,Sub,MsUpdateNow.Click,NIT.Menu.vb:7329,none,,Divergence,handler for a command that is an intentional cross-platform divergence.
NIT.Menu.vb,NIT,MsSendFeedback_Click,Sub,MsSendFeedback.Click,NIT.Menu.vb:7352,none,,Ported,menu command handler whose command is wired in port _command_handlers().
NIT.Menu.vb,NIT,MsSendDiagInfo_Click,Sub,MsSendDiagInfo.Click,NIT.Menu.vb:7370,none,,Divergence,handler for a command that is an intentional cross-platform divergence.
NIT.Menu.vb,NIT,MsSkillsAndFeats_Click,Sub,MsClassesSkillsAndFeats.Click,NIT.Menu.vb:7399,none,,Ported,menu construction + wired command handlers (menu_bar/help/ribbon-toggle/play-viewer/create-installer).
NIT.Menu.vb,NIT,MsAbout_Click,Sub,MsAbout.Click,NIT.Menu.vb:7422,strong,vaultkeeper/ui/dialogs/about.py,AUTO-PORTED,
NIT.Menu.vb,NIT,Help_Click,Sub,"MsViewHelp.Click, MsGetStarted.Click, MsFAQ.Click, MsWhatsNew.Click, MsHistory.Click",NIT.Menu.vb:7503,none,,Divergence,"VB per-preference ListView-editor framework (Preferences/Config/Profiles/Locations pages, Import/Export/Reset/Undo). Bounded port = tabbed dialog + FolderMapping + status-bar profile menu. Subagent verdict: 0 MISSING user prefs (see FINDING_3_SETTINGS.md for the pref-level gap = 10 add-a-setting items)."
NIT.Menu.vb,NIT,MsHelpContents_Click,Sub,MsHelpContents.Click,NIT.Menu.vb:7513,none,,Ported,menu construction + wired command handlers (menu_bar/help/ribbon-toggle/play-viewer/create-installer).
NIT.Menu.vb,NIT,LbMods_Click,Sub,BtMods.Click,NIT.Menu.vb:7527,none,,Divergence,NIT.Menu UI plumbing: the Db* debug-options menu (intentional cross-platform omission) + WinForms mouse/key/click/form-lifecycle event handlers + status-button handlers.
NIT.Menu.vb,NIT,CmRecentMods_Opened,Sub,CmRecentMods.Opened,NIT.Menu.vb:7539,none,,Divergence,NIT.Menu UI plumbing: the Db* debug-options menu (intentional cross-platform omission) + WinForms mouse/key/click/form-lifecycle event handlers + status-button handlers.
NIT.Menu.vb,NIT,BtMods_MouseUp,Sub,,NIT.Menu.vb:7551,none,,Divergence,NIT.Menu UI plumbing: the Db* debug-options menu (intentional cross-platform omission) + WinForms mouse/key/click/form-lifecycle event handlers + status-button handlers.
NIT.Menu.vb,NIT,BtModCount_Click,Sub,BtModCount.Click,NIT.Menu.vb:7564,none,,Divergence,NIT.Menu UI plumbing: the Db* debug-options menu (intentional cross-platform omission) + WinForms mouse/key/click/form-lifecycle event handlers + status-button handlers.
NIT.Menu.vb,NIT,BtModCount_MouseEnter,Sub,BtModCount.MouseEnter,NIT.Menu.vb:7585,none,,Divergence,NIT.Menu UI plumbing: the Db* debug-options menu (intentional cross-platform omission) + WinForms mouse/key/click/form-lifecycle event handlers + status-button handlers.
NIT.Menu.vb,NIT,BtGroupHdg_Click,Sub,BtGroupHdg.Click,NIT.Menu.vb:7599,none,,Ported,menu construction + wired command handlers (menu_bar/help/ribbon-toggle/play-viewer/create-installer).
NIT.Menu.vb,NIT,MgInfo_Click,Sub,MgInfo.Click,NIT.Menu.vb:7611,none,,Divergence,NIT.Menu UI plumbing: the Db* debug-options menu (intentional cross-platform omission) + WinForms mouse/key/click/form-lifecycle event handlers + status-button handlers.
NIT.Menu.vb,NIT,BtFileCheckInfo_Click,Sub,BtFileCheckInfo.Click,NIT.Menu.vb:7626,none,,Divergence,NIT.Menu UI plumbing: the Db* debug-options menu (intentional cross-platform omission) + WinForms mouse/key/click/form-lifecycle event handlers + status-button handlers.
NIT.Menu.vb,NIT,BtHealth_Click,Sub,BtHealth.Click,NIT.Menu.vb:7649,none,,Ported,menu construction + wired command handlers (menu_bar/help/ribbon-toggle/play-viewer/create-installer).
NIT.Menu.vb,NIT,BtWizardReport_Click,Sub,BtWizardReport.Click,NIT.Menu.vb:7682,none,,Divergence,NIT.Menu UI plumbing: the Db* debug-options menu (intentional cross-platform omission) + WinForms mouse/key/click/form-lifecycle event handlers + status-button handlers.
NIT.Menu.vb,NIT,BtWizardReport_MouseUp,Sub,BtWizardReport.MouseUp,NIT.Menu.vb:7720,none,,Divergence,NIT.Menu UI plumbing: the Db* debug-options menu (intentional cross-platform omission) + WinForms mouse/key/click/form-lifecycle event handlers + status-button handlers.
NIT.Menu.vb,NIT,BtCharacter_Click,Sub,BtCharacter.Click,NIT.Menu.vb:7732,none,,Ported,menu command handler whose command is wired in port _command_handlers().
NIT.Menu.vb,NIT,ProcessCharacterRestorer,Function,,NIT.Menu.vb:7761,none,,Deferred,run-menu / shared-nit / original-restorers / original-portraits / auto-update / debug-menu / select-game-mod.
NIT.Menu.vb,NIT,BtCharacter_MouseUp,Sub,BtCharacter.MouseUp,NIT.Menu.vb:7788,none,,Ported,menu command handler whose command is wired in port _command_handlers().
NIT.Menu.vb,NIT,BtSelectTextFile_MouseUp,Sub,BtSelectTextFile.MouseUp,NIT.Menu.vb:7800,none,,Divergence,NIT.Menu UI plumbing: the Db* debug-options menu (intentional cross-platform omission) + WinForms mouse/key/click/form-lifecycle event handlers + status-button handlers.
NIT.Menu.vb,NIT,BtRecycleToggle_MouseUp,Sub,BtRecycleToggle.MouseUp,NIT.Menu.vb:7812,none,,Divergence,NIT.Menu UI plumbing: the Db* debug-options menu (intentional cross-platform omission) + WinForms mouse/key/click/form-lifecycle event handlers + status-button handlers.
NIT.ModView.vb,NIT,InitialiseModView,Sub,,NIT.ModView.vb:33,none,,Ported,Verified present in port under different name/structure (grep-confirmed 2026-07-15).
NIT.ModView.vb,NIT,SetDoubleClickAction,Sub,,NIT.ModView.vb:45,none,,Divergence,"VB per-preference ListView-editor plumbing (Preferences/Advanced/MenuCommon/MapExceptions pages), ModExplorer rating/prefix/operand filters + virtual-list/bg-worker, and ModView WinForms events / cosmetic icons+tooltips. Bounded port = tabbed Settings dialog + name/state/completed ModExplorer filter."
NIT.ModView.vb,NIT,ApplyGroupsAndStatus,Sub,,NIT.ModView.vb:65,strong,vaultkeeper/ui/controller.py,MISSING,Confirmed divergence found during audit design (2026-07-15) — see DASHBOARD.md Findings. Method partly ported; the empty-group render behavior is the missing unit.
NIT.ModView.vb,NIT,SetCountInfo,Sub,,NIT.ModView.vb:153,none,,Ported,Verified present in port under different name/structure (grep-confirmed 2026-07-15).
NIT.ModView.vb,NIT,InitialiseModInfo,Sub,,NIT.ModView.vb:172,none,,Ported,Verified present in port under different name/structure (grep-confirmed 2026-07-15).
NIT.ModView.vb,NIT,FvMods_KeyPress,Sub,FvMods.KeyPress,NIT.ModView.vb:204,none,,Divergence,"VB per-preference ListView-editor plumbing (Preferences/Advanced/MenuCommon/MapExceptions pages), ModExplorer rating/prefix/operand filters + virtual-list/bg-worker, and ModView WinForms events / cosmetic icons+tooltips. Bounded port = tabbed Settings dialog + name/state/completed ModExplorer filter."
NIT.ModView.vb,NIT,FvMods_MouseDoubleClick,Sub,FvMods.MouseDoubleClick,NIT.ModView.vb:219,none,,Divergence,"VB per-preference ListView-editor plumbing (Preferences/Advanced/MenuCommon/MapExceptions pages), ModExplorer rating/prefix/operand filters + virtual-list/bg-worker, and ModView WinForms events / cosmetic icons+tooltips. Bounded port = tabbed Settings dialog + name/state/completed ModExplorer filter."
NIT.ModView.vb,NIT,FvMods_SelectedIndexChanged,Sub,FvMods.SelectedIndexChanged,NIT.ModView.vb:235,none,,Ported,Verified present in port under different name/structure (grep-confirmed 2026-07-15).
NIT.ModView.vb,NIT,FvMods_VirtualItemsSelectionRangeChanged,Sub,FvMods.VirtualItemsSelectionRangeChanged,NIT.ModView.vb:285,none,,Divergence,"VB per-preference ListView-editor plumbing (Preferences/Advanced/MenuCommon/MapExceptions pages), ModExplorer rating/prefix/operand filters + virtual-list/bg-worker, and ModView WinForms events / cosmetic icons+tooltips. Bounded port = tabbed Settings dialog + name/state/completed ModExplorer filter."
NIT.ModView.vb,NIT,FvMods_ItemClicked,Sub,FvMods.ItemClicked,NIT.ModView.vb:302,none,,Divergence,"VB per-preference ListView-editor plumbing (Preferences/Advanced/MenuCommon/MapExceptions pages), ModExplorer rating/prefix/operand filters + virtual-list/bg-worker, and ModView WinForms events / cosmetic icons+tooltips. Bounded port = tabbed Settings dialog + name/state/completed ModExplorer filter."
NIT.ModView.vb,NIT,TxControl_MouseClick,Sub,,NIT.ModView.vb:345,none,,Divergence,VB edits Rating/Weapon/props inline in the details pane; port moved them to ModPropertiesDialog (intended). Per-widget notes font = app-level theme.
NIT.ModView.vb,NIT,SbRating_MenuItemChecked,Sub,SbRating.MenuItemChecked,NIT.ModView.vb:365,none,,Divergence,VB edits Rating/Weapon/props inline in the details pane; port moved them to ModPropertiesDialog (intended). Per-widget notes font = app-level theme.
NIT.ModView.vb,NIT,SbWeapon_ItemSelected,Sub,SbWeapon.ItemSelected,NIT.ModView.vb:377,none,,Divergence,VB edits Rating/Weapon/props inline in the details pane; port moved them to ModPropertiesDialog (intended). Per-widget notes font = app-level theme.
NIT.ModView.vb,NIT,ModPropertyText_LostFocus,Sub,,NIT.ModView.vb:394,none,,Divergence,VB edits Rating/Weapon/props inline in the details pane; port moved them to ModPropertiesDialog (intended). Per-widget notes font = app-level theme.
NIT.ModView.vb,NIT,ShowModInfoPanel,Property,,NIT.ModView.vb:430,none,,Ported,Verified present in port under different name/structure (grep-confirmed 2026-07-15).
NIT.ModView.vb,NIT,DisplayModProperties,Sub,,NIT.ModView.vb:451,none,,Ported,Verified present in port under different name/structure (grep-confirmed 2026-07-15).
NIT.ModView.vb,NIT,SetCharacterIcon,Sub,,NIT.ModView.vb:509,none,,Divergence,"VB per-preference ListView-editor plumbing (Preferences/Advanced/MenuCommon/MapExceptions pages), ModExplorer rating/prefix/operand filters + virtual-list/bg-worker, and ModView WinForms events / cosmetic icons+tooltips. Bounded port = tabbed Settings dialog + name/state/completed ModExplorer filter."
NIT.ModView.vb,NIT,SetCharacterIconToolTip,Sub,,NIT.ModView.vb:549,none,,Divergence,"VB per-preference ListView-editor plumbing (Preferences/Advanced/MenuCommon/MapExceptions pages), ModExplorer rating/prefix/operand filters + virtual-list/bg-worker, and ModView WinForms events / cosmetic icons+tooltips. Bounded port = tabbed Settings dialog + name/state/completed ModExplorer filter."
NIT.ModView.vb,NIT,ModToolTipText,Function,,NIT.ModView.vb:568,none,,Divergence,"VB per-preference ListView-editor plumbing (Preferences/Advanced/MenuCommon/MapExceptions pages), ModExplorer rating/prefix/operand filters + virtual-list/bg-worker, and ModView WinForms events / cosmetic icons+tooltips. Bounded port = tabbed Settings dialog + name/state/completed ModExplorer filter."
NIT.ModView.vb,NIT,SetNotesFontAndColour,Sub,,NIT.ModView.vb:586,none,,Divergence,VB edits Rating/Weapon/props inline in the details pane; port moved them to ModPropertiesDialog (intended). Per-widget notes font = app-level theme.
NIT.ModView.vb,NIT,UpdateProfileData,Sub,,NIT.ModView.vb:609,strong,vaultkeeper/core/install_manager.py,Divergence,WinForms lifecycle/event/virtual-list/background-worker/mouse-hover plumbing.
NIT.ModView.vb,NIT,UpdateModStates,Sub,,NIT.ModView.vb:641,strong,vaultkeeper/core/install_manager.py | vaultkeeper/core/profile_data.py | vaultkeeper/ui/controller.py,AUTO-PORTED,
NIT.ModView.vb,NIT,UpdateSelectedModStates,Sub,,NIT.ModView.vb:675,none,,Ported,Verified present in port under different name/structure (grep-confirmed 2026-07-15).
NIT.ModView.vb,NIT,RefreshModStates,Sub,,NIT.ModView.vb:708,none,,Ported,Verified present in port under different name/structure (grep-confirmed 2026-07-15).
NIT.ModView.vb,NIT,CreateGroup,Sub,,NIT.ModView.vb:758,strong,vaultkeeper/ui/controller.py | vaultkeeper/ui/main_window.py,AUTO-PORTED,
NIT.ModView.vb,NIT,CreateModFolder,Sub,,NIT.ModView.vb:776,strong,vaultkeeper/ui/controller.py,Ported,"StartScreen actions + vault download/install pipeline (subagent-swept, orchestrator-verified vs memory)."
NIT.ModView.vb,NIT,CreateRestorer,Sub,,NIT.ModView.vb:827,strong,vaultkeeper/ui/controller.py | vaultkeeper/ui/main_window.py,AUTO-PORTED,
NIT.ModView.vb,NIT,DeleteSelectedMods,Sub,,NIT.ModView.vb:1005,none,,Ported,Verified present in port under different name/structure (grep-confirmed 2026-07-15).
NIT.ModView.vb,NIT,UninstallPref,Function,,NIT.ModView.vb:1074,none,,Divergence,"VB per-preference ListView-editor plumbing (Preferences/Advanced/MenuCommon/MapExceptions pages), ModExplorer rating/prefix/operand filters + virtual-list/bg-worker, and ModView WinForms events / cosmetic icons+tooltips. Bounded port = tabbed Settings dialog + name/state/completed ModExplorer filter."
NIT.ModView.vb,NIT,RemoveMods,Function,,NIT.ModView.vb:1101,strong,vaultkeeper/ui/controller.py | vaultkeeper/ui/main_window.py,AUTO-PORTED,
NIT.ModView.vb,NIT,RenameMod,Sub,,NIT.ModView.vb:1166,strong,vaultkeeper/core/profile_data.py | vaultkeeper/game/game_mapper.py | vaultkeeper/game/play_data_manager.py,Ported,install engine + rename + analyser browser report (subagent-swept).
NIT.ModView.vb,NIT,ModRenamed,Sub,,NIT.ModView.vb:1264,none,,Ported,confirmed in port core (grep): mapping/reserved/editions/checksums/mutators.
NIT.ModView.vb,NIT,InstallSelectedMods,Sub,,NIT.ModView.vb:1301,none,,Ported,Verified present in port under different name/structure (grep-confirmed 2026-07-15).
NIT.ModView.vb,NIT,UpdateInstallStateDisplay,Sub,,NIT.ModView.vb:1325,none,,Divergence,"VB per-preference ListView-editor plumbing (Preferences/Advanced/MenuCommon/MapExceptions pages), ModExplorer rating/prefix/operand filters + virtual-list/bg-worker, and ModView WinForms events / cosmetic icons+tooltips. Bounded port = tabbed Settings dialog + name/state/completed ModExplorer filter."
NIT.ModView.vb,NIT,UninstallSelectedMods,Sub,,NIT.ModView.vb:1346,none,,Ported,Verified present in port under different name/structure (grep-confirmed 2026-07-15).
NIT.ModView.vb,NIT,DeleteSelectedGroups,Sub,,NIT.ModView.vb:1396,none,,Partial,group-delete/installer-subfolder/download-target/map-exception editing present but bounded.
NIT.ModView.vb,NIT,MoveToGroup,Sub,,NIT.ModView.vb:1473,strong,vaultkeeper/ui/controller.py | vaultkeeper/ui/file_view.py | vaultkeeper/ui/main_window.py,AUTO-PORTED,
NIT.ModView.vb,NIT,MoveModsToGroup,Sub,,NIT.ModView.vb:1495,strong,vaultkeeper/core/profile_data.py | vaultkeeper/ui/controller.py,AUTO-PORTED,
NIT.ModView.vb,NIT,GoToGroup,Sub,,NIT.ModView.vb:1568,comment,vaultkeeper/ui/main_window.py | vaultkeeper/ui/menu_bar.py | vaultkeeper/ui/quick_toolbar.py,AUTO-PORTED,matched in comment/docstring
NIT.ModView.vb,NIT,RunAutoRestorers,Function,,NIT.ModView.vb:1601,none,,Deferred,Auto-restorer subsystem (VB AutoOriginalRestorer family) — grep confirms not ported; = the tracked MsCreateOriginalRestorers deferral.
NIT.ModView.vb,NIT,AutoDatabaseRestorer,Function,,NIT.ModView.vb:1763,none,,Deferred,Auto-restorer subsystem (VB AutoOriginalRestorer family) — grep confirms not ported; = the tracked MsCreateOriginalRestorers deferral.
NIT.ModView.vb,NIT,ValidateDatabaseRestorer,Sub,,NIT.ModView.vb:1804,none,,Deferred,Auto-restorer subsystem (VB AutoOriginalRestorer family) — grep confirms not ported; = the tracked MsCreateOriginalRestorers deferral.
NIT.ModView.vb,NIT,AutoIniFileRestorer,Function,,NIT.ModView.vb:1846,none,,Deferred,Auto-restorer subsystem (VB AutoOriginalRestorer family) — grep confirms not ported; = the tracked MsCreateOriginalRestorers deferral.
NIT.ModView.vb,NIT,AutoJournalFileRestorer,Function,,NIT.ModView.vb:1928,none,,Deferred,Auto-restorer subsystem (VB AutoOriginalRestorer family) — grep confirms not ported; = the tracked MsCreateOriginalRestorers deferral.
NIT.ModView.vb,NIT,AutoNitConfigFileRestorer,Function,,NIT.ModView.vb:1997,none,,Deferred,Auto-restorer subsystem (VB AutoOriginalRestorer family) — grep confirms not ported; = the tracked MsCreateOriginalRestorers deferral.
NIT.ModView.vb,NIT,AutoCharacterRestorer,Function,,NIT.ModView.vb:2069,none,,Deferred,Auto-restorer subsystem (VB AutoOriginalRestorer family) — grep confirms not ported; = the tracked MsCreateOriginalRestorers deferral.
NIT.ModView.vb,NIT,GetCharacterList,Function,,NIT.ModView.vb:2124,none,,Deferred,Auto-restorer subsystem (VB AutoOriginalRestorer family) — grep confirms not ported; = the tracked MsCreateOriginalRestorers deferral.
NIT.ModView.vb,NIT,ValidateCharacterMod,Function,,NIT.ModView.vb:2201,none,,Deferred,Auto-restorer subsystem (VB AutoOriginalRestorer family) — grep confirms not ported; = the tracked MsCreateOriginalRestorers deferral.
NIT.ModView.vb,NIT,AutoOriginalRestorer,Sub,,NIT.ModView.vb:2241,none,,Deferred,Auto-restorer subsystem (VB AutoOriginalRestorer family) — grep confirms not ported; = the tracked MsCreateOriginalRestorers deferral.
NIT.ModView.vb,NIT,IsNotNamedOriginal,Function,,NIT.ModView.vb:2428,none,,Deferred,Auto-restorer subsystem (VB AutoOriginalRestorer family) — grep confirms not ported; = the tracked MsCreateOriginalRestorers deferral.
NIT.ModView.vb,NIT,SetModMenuItems,Sub,,NIT.ModView.vb:2453,none,,Ported,Verified present in port under different name/structure (grep-confirmed 2026-07-15).
NIT.ModView.vb,NIT,SetInstallAvailability,Sub,,NIT.ModView.vb:2469,none,,Ported,Verified present in port under different name/structure (grep-confirmed 2026-07-15).
NIT.ModView.vb,NIT,SetChangeInstallerAvailability,Sub,,NIT.ModView.vb:2534,none,,Divergence,"VB per-preference ListView-editor plumbing (Preferences/Advanced/MenuCommon/MapExceptions pages), ModExplorer rating/prefix/operand filters + virtual-list/bg-worker, and ModView WinForms events / cosmetic icons+tooltips. Bounded port = tabbed Settings dialog + name/state/completed ModExplorer filter."
NIT.ModView.vb,NIT,CreateInstallerCandidates,Function,,NIT.ModView.vb:2563,none,,Partial,group-delete/installer-subfolder/download-target/map-exception editing present but bounded.
NIT.ModView.vb,NIT,SetInstallerSubFolder,Sub,,NIT.ModView.vb:2585,none,,Partial,group-delete/installer-subfolder/download-target/map-exception editing present but bounded.
NIT.ModView.vb,NIT,UpdateDownloads,Function,,NIT.ModView.vb:2604,strong,vaultkeeper/ui/controller.py | vaultkeeper/ui/main_window.py,AUTO-PORTED,
NIT.ModView.vb,NIT,SelectDownloadsFolder,Sub,,NIT.ModView.vb:2666,none,,Partial,group-delete/installer-subfolder/download-target/map-exception editing present but bounded.
NIT.ModView.vb,NIT,SetDownloadTarget,Sub,,NIT.ModView.vb:2689,none,,Partial,group-delete/installer-subfolder/download-target/map-exception editing present but bounded.
NIT.ModView.vb,NIT,SelectMod,Sub,,NIT.ModView.vb:2704,strong,vaultkeeper/ui/dialogs/find_files.py | vaultkeeper/ui/file_view.py | vaultkeeper/ui/main_window.py,Ported,verified present in port (subagent/orchestrator swept 2026-07-15).
NIT.Monitor.vb,NIT,Mfs,Property,,NIT.Monitor.vb:42,none,,Divergence,WinForms lifecycle/event/virtual-list/background-worker/mouse-hover plumbing.
NIT.Monitor.vb,NIT,OnDeactivate,Sub,,NIT.Monitor.vb:86,none,,Divergence,WinForms lifecycle/event/virtual-list/background-worker/mouse-hover plumbing.
NIT.Monitor.vb,NIT,OnActivated,Sub,,NIT.Monitor.vb:103,none,,Divergence,WinForms lifecycle/event/virtual-list/background-worker/mouse-hover plumbing.
NIT.Monitor.vb,NIT,ActivatedEventProcessing,Sub,,NIT.Monitor.vb:121,none,,Divergence,WinForms lifecycle/event/virtual-list/background-worker/mouse-hover plumbing.
NIT.Monitor.vb,NIT,HealthCheck,Sub,,NIT.Monitor.vb:274,none,,Divergence,WinForms lifecycle/event/virtual-list/background-worker/mouse-hover plumbing.
NIT.Monitor.vb,NIT,ResetErrorLogs,Sub,,NIT.Monitor.vb:313,none,,Divergence,WinForms lifecycle/event/virtual-list/background-worker/mouse-hover plumbing.
NIT.Monitor.vb,NIT,CreatedChange,Sub,,NIT.Monitor.vb:347,none,,Divergence,WinForms lifecycle/event/virtual-list/background-worker/mouse-hover plumbing.
NIT.Monitor.vb,NIT,DeletedChange,Sub,,NIT.Monitor.vb:409,none,,Divergence,WinForms lifecycle/event/virtual-list/background-worker/mouse-hover plumbing.
NIT.Monitor.vb,NIT,RenamedChange,Sub,,NIT.Monitor.vb:482,none,,Divergence,WinForms lifecycle/event/virtual-list/background-worker/mouse-hover plumbing.
NIT.Monitor.vb,PathInfo,ItemType,Property,,NIT.Monitor.vb:708,none,,Divergence,WinForms lifecycle/event/virtual-list/background-worker/mouse-hover plumbing.
NIT.Monitor.vb,PathInfo,FileItem,Property,,NIT.Monitor.vb:714,strong,vaultkeeper/core/install_manager.py | vaultkeeper/core/profile_data.py,Divergence,WinForms lifecycle/event/virtual-list/background-worker/mouse-hover plumbing.
NIT.Monitor.vb,PathInfo,FileView,Property,,NIT.Monitor.vb:720,strong,vaultkeeper/core/constants.py | vaultkeeper/ui/dialogs/mod_play_viewer.py | vaultkeeper/ui/file_view.py,Divergence,WinForms lifecycle/event/virtual-list/background-worker/mouse-hover plumbing.
NIT.Monitor.vb,PathInfo,ItemInfo,Property,,NIT.Monitor.vb:725,comment,vaultkeeper/game/wizard.py,Divergence,WinForms lifecycle/event/virtual-list/background-worker/mouse-hover plumbing.
NIT.Monitor.vb,PathInfo,ModKey,Property,,NIT.Monitor.vb:730,comment,vaultkeeper/core/constants.py,Divergence,WinForms lifecycle/event/virtual-list/background-worker/mouse-hover plumbing.
NIT.Monitor.vb,PathInfo,Installer,Property,,NIT.Monitor.vb:735,strong,vaultkeeper/__init__.py | vaultkeeper/config/settings.py | vaultkeeper/core/archive.py,Divergence,WinForms lifecycle/event/virtual-list/background-worker/mouse-hover plumbing.
NIT.Monitor.vb,PathInfo,New,Sub,,NIT.Monitor.vb:742,strong,vaultkeeper/core/hak_patch.py | vaultkeeper/core/mapper.py | vaultkeeper/core/name_edit.py,N/A,framework/designer-generated
NIT.Monitor.vb,PathInfo,ToString,Function,,NIT.Monitor.vb:828,strong,vaultkeeper/ui/dialogs/help_viewer.py,N/A,framework/designer-generated
NIT.Paste.vb,ModPasteInfo,Group,Property,,NIT.Paste.vb:32,strong,vaultkeeper/config/settings.py | vaultkeeper/core/constants.py | vaultkeeper/core/file_key.py,Ported,DocOrganiser/ModPlayViewer/WizardBuilder core report/view/save logic (subagent+orchestrator).
NIT.Paste.vb,ModPasteInfo,ModName,Property,,NIT.Paste.vb:37,strong,vaultkeeper/core/change_data.py | vaultkeeper/core/file_key.py | vaultkeeper/core/install_manager.py,Ported,DocOrganiser/ModPlayViewer/WizardBuilder core report/view/save logic (subagent+orchestrator).
NIT.Paste.vb,ModPasteInfo,IsZip,Property,,NIT.Paste.vb:42,none,,Ported,"port view/domain layer (details/contents/status/paste/recent/profile views, hak-patch, play-data viewer, find-files, conflicts, workshop, publish)."
NIT.Paste.vb,ModPasteInfo,New,Sub,,NIT.Paste.vb:54,strong,vaultkeeper/core/hak_patch.py | vaultkeeper/core/mapper.py | vaultkeeper/core/name_edit.py,N/A,framework/designer-generated
NIT.Paste.vb,ModPasteInfo,ModNameFromFile,Function,,NIT.Paste.vb:70,strong,vaultkeeper/ui/controller.py,Divergence,WinForms lifecycle/event/virtual-list/background-worker/mouse-hover plumbing.
NIT.Paste.vb,ModPasteInfo,IsRomanNumeral,Function,,NIT.Paste.vb:110,none,,Divergence,WinForms lifecycle/event/virtual-list/background-worker/mouse-hover plumbing.
NIT.Paste.vb,NIT,PasteSource,Function,,NIT.Paste.vb:184,none,,Ported,"port view/domain layer (details/contents/status/paste/recent/profile views, hak-patch, play-data viewer, find-files, conflicts, workshop, publish)."
NIT.Paste.vb,NIT,SetPasteAvailability,Sub,,NIT.Paste.vb:230,none,,Divergence,WinForms lifecycle/event/virtual-list/background-worker/mouse-hover plumbing.
NIT.Paste.vb,NIT,FileViewPaste,Function,,NIT.Paste.vb:285,none,,Ported,"port view/domain layer (details/contents/status/paste/recent/profile views, hak-patch, play-data viewer, find-files, conflicts, workshop, publish)."
NIT.Paste.vb,NIT,FileViewPaste,Function,,NIT.Paste.vb:298,none,,Ported,"port view/domain layer (details/contents/status/paste/recent/profile views, hak-patch, play-data viewer, find-files, conflicts, workshop, publish)."
NIT.Paste.vb,NIT,FileViewPaste,Function,,NIT.Paste.vb:312,none,,Ported,"port view/domain layer (details/contents/status/paste/recent/profile views, hak-patch, play-data viewer, find-files, conflicts, workshop, publish)."
NIT.Paste.vb,NIT,ProcessBikFiles,Sub,,NIT.Paste.vb:576,none,,Ported,"port view/domain layer (details/contents/status/paste/recent/profile views, hak-patch, play-data viewer, find-files, conflicts, workshop, publish)."
NIT.Paste.vb,NIT,ModPaste,Sub,,NIT.Paste.vb:599,strong,vaultkeeper/ui/controller.py | vaultkeeper/ui/main_window.py,Divergence,WinForms lifecycle/event/virtual-list/background-worker/mouse-hover plumbing.
NIT.Paste.vb,NIT,BikConversion,Function,,NIT.Paste.vb:752,none,,Ported,"port view/domain layer (details/contents/status/paste/recent/profile views, hak-patch, play-data viewer, find-files, conflicts, workshop, publish)."
NIT.Paste.vb,NIT,RenameInstallerType,Sub,,NIT.Paste.vb:791,none,,Ported,"port view/domain layer (details/contents/status/paste/recent/profile views, hak-patch, play-data viewer, find-files, conflicts, workshop, publish)."
NIT.Paste.vb,NIT,SetModPasteTarget,Sub,,NIT.Paste.vb:814,none,,Ported,"port view/domain layer (details/contents/status/paste/recent/profile views, hak-patch, play-data viewer, find-files, conflicts, workshop, publish)."
NIT.Paste.vb,NIT,InstallerPaste,Sub,,NIT.Paste.vb:853,none,,Ported,"port view/domain layer (details/contents/status/paste/recent/profile views, hak-patch, play-data viewer, find-files, conflicts, workshop, publish)."
NIT.Paste.vb,NIT,ProcessMovedItems,Sub,,NIT.Paste.vb:883,none,,Divergence,WinForms lifecycle/event/virtual-list/background-worker/mouse-hover plumbing.
NIT.ProfileView.vb,NIT,RefreshProfileMenu,Sub,,NIT.ProfileView.vb:30,none,,Ported,"port view/domain layer (details/contents/status/paste/recent/profile views, hak-patch, play-data viewer, find-files, conflicts, workshop, publish)."
NIT.ProfileView.vb,NIT,MsProfileLoader_Click,Sub,,NIT.ProfileView.vb:44,none,,Ported,"port view/domain layer (details/contents/status/paste/recent/profile views, hak-patch, play-data viewer, find-files, conflicts, workshop, publish)."
NIT.ProfileView.vb,NIT,LoadProfile,Function,,NIT.ProfileView.vb:185,strong,vaultkeeper/persistence/profile_store.py | vaultkeeper/ui/controller.py,Divergence,WinForms lifecycle/event/virtual-list/background-worker/mouse-hover plumbing.
NIT.ProfileView.vb,NIT,AutoModDependenciesPrompt,Sub,,NIT.ProfileView.vb:703,none,,Deferred,BackupManager + NetworkManager shared-store/sync + SlideShow + find-rename + original-restorers + prefix editor + legacy migrate.
NIT.ProfileView.vb,NIT,SetGroupMenus,Sub,,NIT.ProfileView.vb:744,none,,Ported,"port view/domain layer (details/contents/status/paste/recent/profile views, hak-patch, play-data viewer, find-files, conflicts, workshop, publish)."
NIT.ProfileView.vb,NIT,ValidateOriginalEE,Sub,,NIT.ProfileView.vb:783,none,,Deferred,BackupManager + NetworkManager shared-store/sync + SlideShow + find-rename + original-restorers + prefix editor + legacy migrate.
NIT.ProfileView.vb,NIT,RenameReservedFolders,Sub,,NIT.ProfileView.vb:865,none,,Ported,"port view/domain layer (details/contents/status/paste/recent/profile views, hak-patch, play-data viewer, find-files, conflicts, workshop, publish)."
NIT.RecentMods.vb,NIT,InitialiseRecentMods,Sub,,NIT.RecentMods.vb:23,none,,Ported,"port view/domain layer (details/contents/status/paste/recent/profile views, hak-patch, play-data viewer, find-files, conflicts, workshop, publish)."
NIT.RecentMods.vb,NIT,LoadRecentModsList,Sub,,NIT.RecentMods.vb:40,none,,Ported,"port view/domain layer (details/contents/status/paste/recent/profile views, hak-patch, play-data viewer, find-files, conflicts, workshop, publish)."
NIT.RecentMods.vb,NIT,SaveRecentMods,Sub,,NIT.RecentMods.vb:53,none,,Ported,"port view/domain layer (details/contents/status/paste/recent/profile views, hak-patch, play-data viewer, find-files, conflicts, workshop, publish)."
NIT.RecentMods.vb,NIT,GetRecentModImage,Function,,NIT.RecentMods.vb:76,none,,Divergence,WinForms lifecycle/event/virtual-list/background-worker/mouse-hover plumbing.
NIT.RecentMods.vb,NIT,MsNumberRecentMods_CheckedChanged,Sub,,NIT.RecentMods.vb:93,strong,vaultkeeper/ui/main_window.py,Divergence,WinForms lifecycle/event/virtual-list/background-worker/mouse-hover plumbing.
NIT.RecentMods.vb,NIT,MsRecentMods_RecentItemClicked,Sub,MsRecentMods.RecentItemClicked,NIT.RecentMods.vb:107,none,,Ported,"port view/domain layer (details/contents/status/paste/recent/profile views, hak-patch, play-data viewer, find-files, conflicts, workshop, publish)."
NIT.RecentMods.vb,SelectionInfo,Contents,Property,,NIT.RecentMods.vb:130,strong,vaultkeeper/core/archive.py | vaultkeeper/core/formats/erf_reader.py | vaultkeeper/core/formats/gff_reader.py,Divergence,WinForms lifecycle/event/virtual-list/background-worker/mouse-hover plumbing.
NIT.RecentMods.vb,SelectionInfo,Details,Property,,NIT.RecentMods.vb:136,strong,vaultkeeper/game/game_mapper.py | vaultkeeper/ui/dialogs/character_viewer.py | vaultkeeper/ui/main_window.py,Divergence,"VB per-preference ListView-editor framework (Preferences/Config/Profiles/Locations pages, Import/Export/Reset/Undo). Bounded port = tabbed dialog + FolderMapping + status-bar profile menu. Subagent verdict: 0 MISSING user prefs (see FINDING_3_SETTINGS.md for the pref-level gap = 10 add-a-setting items)."
NIT.RecentMods.vb,SelectionInfo,New,Sub,,NIT.RecentMods.vb:141,strong,vaultkeeper/core/hak_patch.py | vaultkeeper/core/mapper.py | vaultkeeper/core/name_edit.py,N/A,framework/designer-generated
NIT.RecentMods.vb,SelectionInfo,New,Sub,,NIT.RecentMods.vb:151,strong,vaultkeeper/core/hak_patch.py | vaultkeeper/core/mapper.py | vaultkeeper/core/name_edit.py,N/A,framework/designer-generated
NIT.RecentMods.vb,NIT,LoadSelectionHistory,Sub,,NIT.RecentMods.vb:170,none,,Divergence,WinForms lifecycle/event/virtual-list/background-worker/mouse-hover plumbing.
NIT.RecentMods.vb,NIT,SaveSelectionHistory,Sub,,NIT.RecentMods.vb:195,none,,Divergence,WinForms lifecycle/event/virtual-list/background-worker/mouse-hover plumbing.
NIT.StatusBar.vb,NIT,BtGroup_Click,Sub,BtGroup.Click,NIT.StatusBar.vb:24,none,,Ported,"port view/domain layer (details/contents/status/paste/recent/profile views, hak-patch, play-data viewer, find-files, conflicts, workshop, publish)."
NIT.StatusBar.vb,NIT,GroupTooltip,Property,,NIT.StatusBar.vb:50,none,,Ported,"port view/domain layer (details/contents/status/paste/recent/profile views, hak-patch, play-data viewer, find-files, conflicts, workshop, publish)."
NIT.StatusBar.vb,NIT,BtRecycleToggle_Click,Sub,BtRecycleToggle.Click,NIT.StatusBar.vb:59,none,,Ported,"port view/domain layer (details/contents/status/paste/recent/profile views, hak-patch, play-data viewer, find-files, conflicts, workshop, publish)."
NIT.StatusBar.vb,NIT,BtOverwrite_Click,Sub,BtOverwrite.Click,NIT.StatusBar.vb:73,none,,Ported,"port view/domain layer (details/contents/status/paste/recent/profile views, hak-patch, play-data viewer, find-files, conflicts, workshop, publish)."
NIT.StatusBar.vb,NIT,BtSelectTextFile_Click,Sub,BtSelectTextFile.Click,NIT.StatusBar.vb:87,none,,Ported,"port view/domain layer (details/contents/status/paste/recent/profile views, hak-patch, play-data viewer, find-files, conflicts, workshop, publish)."
NIT.StatusBar.vb,NIT,SetSelectionPrefs,Sub,,NIT.StatusBar.vb:137,strong,vaultkeeper/ui/status_bar.py,Divergence,WinForms lifecycle/event/virtual-list/background-worker/mouse-hover plumbing.
NIT.Workers.vb,NIT,TaskStates,Property,,NIT.Workers.vb:129,none,,Divergence,WinForms lifecycle/event/virtual-list/background-worker plumbing; N/A in Qt.
NIT.Workers.vb,NIT,BackgroundTask,Property,,NIT.Workers.vb:147,none,,Divergence,WinForms lifecycle/event/virtual-list/background-worker plumbing; N/A in Qt.
NIT.Workers.vb,NIT,BgTasks_DoWork,Sub,BgTasks.DoWork,NIT.Workers.vb:173,none,,Divergence,WinForms lifecycle/event/virtual-list/background-worker plumbing; N/A in Qt.
NIT.Workers.vb,NIT,BgTasks_ProgressChanged,Sub,BgTasks.ProgressChanged,NIT.Workers.vb:193,none,,Divergence,WinForms lifecycle/event/virtual-list/background-worker plumbing; N/A in Qt.
NIT.Workers.vb,NIT,CheckInstallerRestore,Sub,,NIT.Workers.vb:240,none,,Partial,"core present, VB extras simplified."
NIT.Workers.vb,NIT,RemoveEmptyFolders,Sub,,NIT.Workers.vb:258,none,,Divergence,WinForms lifecycle/event/virtual-list/background-worker plumbing; N/A in Qt.
NIT.Workers.vb,NIT,ValidateInstallerType,Sub,,NIT.Workers.vb:291,none,,Ported,verified present in port (subagent/orchestrator swept 2026-07-15).
NIT.Workers.vb,NIT,ValidateWizardReports,Sub,,NIT.Workers.vb:320,none,,Partial,"core present, VB extras simplified."
NIT.Workers.vb,NIT,HasWizardOrIsRestorer,Function,,NIT.Workers.vb:384,none,,Ported,verified present in port (subagent/orchestrator swept 2026-07-15).
NIT.Workers.vb,NIT,RebuildPlayTimeFiles,Sub,,NIT.Workers.vb:408,none,,Ported,verified present in port (subagent/orchestrator swept 2026-07-15).
NIT.Workers.vb,NIT,CreateMissingNotes,Sub,,NIT.Workers.vb:440,none,,Partial,"core present, VB extras simplified."
NIT.Workers.vb,NIT,DownloadRulesFile,Sub,,NIT.Workers.vb:470,none,,Ported,verified present in port (subagent/orchestrator swept 2026-07-15).
NIT.Workers.vb,NIT,RemoveOldBackupFolders,Sub,,NIT.Workers.vb:548,none,,Deferred,unported subsystem (restorer/update/crypt/shared-store/portrait-mgr integration).
NIT.Workers.vb,NIT,RemoveOldSettings,Sub,,NIT.Workers.vb:580,none,,Deferred,unported subsystem (restorer/update/crypt/shared-store/portrait-mgr integration).
NIT.Workers.vb,NIT,RemoveOldDataFiles,Sub,,NIT.Workers.vb:613,none,,Deferred,unported subsystem (restorer/update/crypt/shared-store/portrait-mgr integration).
NIT.Workers.vb,NIT,UpdateNit,Sub,,NIT.Workers.vb:642,none,,Deferred,unported subsystem (restorer/update/crypt/shared-store/portrait-mgr integration).
NIT.Workers.vb,NIT,RemoveLetoLogFiles,Sub,,NIT.Workers.vb:657,strong,vaultkeeper/ui/controller.py | vaultkeeper/ui/main_window.py,AUTO-PORTED,
NIT.Workers.vb,NIT,RetrieveLocalMachineNames,Sub,,NIT.Workers.vb:712,none,,Divergence,WinForms lifecycle/event/virtual-list/background-worker plumbing; N/A in Qt.
NIT.Workers.vb,NIT,PopulateDateCompleted,Sub,,NIT.Workers.vb:731,none,,Ported,verified present in port (subagent/orchestrator swept 2026-07-15).
NIT.Workers.vb,NIT,ImportStartScreens,Sub,,NIT.Workers.vb:774,none,,Deferred,unported subsystem (restorer/update/crypt/shared-store/portrait-mgr integration).
NIT.Workers.vb,NIT,ProcessCrypt,Sub,,NIT.Workers.vb:806,none,,Deferred,unported subsystem (restorer/update/crypt/shared-store/portrait-mgr integration).
NIT.Workers.vb,NIT,Crypt,Sub,,NIT.Workers.vb:815,none,,Deferred,unported subsystem (restorer/update/crypt/shared-store/portrait-mgr integration).
NIT.Workers.vb,NIT,BgRunNwn_DoWork,Sub,BgRunNwn.DoWork,NIT.Workers.vb:880,none,,Ported,verified present in port (subagent/orchestrator swept 2026-07-15).
NIT.Workers.vb,NIT,BgRunNwn_ProgressChanged,Sub,BgRunNwn.ProgressChanged,NIT.Workers.vb:947,none,,Divergence,WinForms lifecycle/event/virtual-list/background-worker plumbing; N/A in Qt.
NIT.Workers.vb,NIT,BgRunNwnToolset_DoWork,Sub,BgRunNwnToolset.DoWork,NIT.Workers.vb:1118,none,,Ported,verified present in port (subagent/orchestrator swept 2026-07-15).
NIT.Workers.vb,NIT,BgRunNwnToolset_ProgressChanged,Sub,BgRunNwnToolset.ProgressChanged,NIT.Workers.vb:1134,none,,Divergence,WinForms lifecycle/event/virtual-list/background-worker plumbing; N/A in Qt.
NIT.vb,NIT,New,Sub,,NIT.vb:33,strong,vaultkeeper/core/hak_patch.py | vaultkeeper/core/mapper.py | vaultkeeper/core/name_edit.py,N/A,framework/designer-generated
NIT.vb,NIT,SettingsCorrupted,Property,,NIT.vb:75,none,,Divergence,WinForms lifecycle/event/virtual-list/background-worker plumbing; N/A in Qt.
NIT.vb,NIT,CommonMsp,Property,,NIT.vb:85,none,,Divergence,WinForms lifecycle/event/virtual-list/background-worker plumbing; N/A in Qt.
NIT.vb,NIT,DnLoadProject,Property,,NIT.vb:118,none,,Divergence,WinForms lifecycle/event/virtual-list/background-worker plumbing; N/A in Qt.
NIT.vb,NIT,PortraitsManager,Property,,NIT.vb:124,none,,Divergence,WinForms lifecycle/event/virtual-list/background-worker plumbing; N/A in Qt.
NIT.vb,NIT,EnableClosing,Property,,NIT.vb:129,comment,vaultkeeper/ui/menu_bar.py,AUTO-PORTED,matched in comment/docstring
NIT.vb,NIT,EnablePlayNwn,Property,,NIT.vb:143,none,,Ported,verified present in port (subagent/orchestrator swept 2026-07-15).
NIT.vb,NIT,ShowScreenTips,Property,,NIT.vb:195,none,,Divergence,WinForms lifecycle/event/virtual-list/background-worker plumbing; N/A in Qt.
NIT.vb,NIT,ShowPropertiesToolTip,Property,,NIT.vb:214,none,,Divergence,WinForms lifecycle/event/virtual-list/background-worker plumbing; N/A in Qt.
NIT.vb,NIT,Tracer,Sub,,NIT.vb:235,none,,Divergence,WinForms lifecycle/event/virtual-list/background-worker plumbing; N/A in Qt.
NIT.vb,NIT,SharedPcName,Property,,NIT.vb:242,none,,Divergence,WinForms lifecycle/event/virtual-list/background-worker plumbing; N/A in Qt.
NIT.vb,NIT,NIT_Load,Sub,MyBase.Load,NIT.vb:270,none,,Divergence,WinForms lifecycle/event/virtual-list/background-worker plumbing; N/A in Qt.
NIT.vb,NIT,GameSaves_Notification,Sub,,NIT.vb:850,none,,Ported,verified present in port (subagent/orchestrator swept 2026-07-15).
NIT.vb,NIT,NIT_Shown,Sub,Me.Shown,NIT.vb:868,none,,Divergence,WinForms lifecycle/event/virtual-list/background-worker plumbing; N/A in Qt.
NIT.vb,NIT,OnFormClosing,Sub,,NIT.vb:1145,none,,N/A,framework/designer-generated
NIT.vb,NIT,ClosingEventProcessing,Sub,,NIT.vb:1170,none,,Divergence,WinForms lifecycle/event/virtual-list/background-worker plumbing; N/A in Qt.
NIT.vb,NIT,NIT_ResizeBegin,Sub,Me.ResizeBegin,NIT.vb:1292,none,,Divergence,WinForms lifecycle/event/virtual-list/background-worker plumbing; N/A in Qt.
NIT.vb,NIT,NIT_ResizeEnd,Sub,Me.ResizeEnd,NIT.vb:1318,none,,Divergence,WinForms lifecycle/event/virtual-list/background-worker plumbing; N/A in Qt.
NIT.vb,NIT,NIT_ClientSizeChanged,Sub,Me.ClientSizeChanged,NIT.vb:1334,none,,Divergence,WinForms lifecycle/event/virtual-list/background-worker plumbing; N/A in Qt.
NIT.vb,NIT,TlContents_SizeChanged,Sub,TlContents.SizeChanged,NIT.vb:1374,none,,Divergence,WinForms lifecycle/event/virtual-list/background-worker plumbing; N/A in Qt.
NIT.vb,NIT,RtModNotes_SizeChanged,Sub,RtModNotes.SizeChanged,NIT.vb:1387,none,,Divergence,WinForms lifecycle/event/virtual-list/background-worker plumbing; N/A in Qt.
NIT.vb,NIT,FvMods_SizeChanged,Sub,FvMods.SizeChanged,NIT.vb:1409,none,,Divergence,WinForms lifecycle/event/virtual-list/background-worker plumbing; N/A in Qt.
NIT.vb,NIT,ScContents_SplitterMoved,Sub,ScContents.SplitterMoved,NIT.vb:1422,none,,Divergence,WinForms lifecycle/event/virtual-list/background-worker plumbing; N/A in Qt.
NIT.vb,NIT,Fv_GotFocus,Sub,"FvMods.GotFocus, FvContents.GotFocus, FvDetails.GotFocus",NIT.vb:1440,none,,Divergence,WinForms lifecycle/event/virtual-list/background-worker plumbing; N/A in Qt.
NIT.vb,NIT,TsbModSelector_GotFocus,Sub,TsbModSelector.GotFocus,NIT.vb:1457,none,,Divergence,WinForms lifecycle/event/virtual-list/background-worker plumbing; N/A in Qt.
NIT.vb,NIT,Control_GotFocus,Sub,,NIT.vb:1470,none,,Divergence,WinForms lifecycle/event/virtual-list/background-worker plumbing; N/A in Qt.
NIT.vb,NIT,Ribbon_GotFocus,Sub,TbRibbon.GotFocus,NIT.vb:1512,none,,Divergence,WinForms lifecycle/event/virtual-list/background-worker plumbing; N/A in Qt.
NIT.vb,NIT,RttNotes_RichTextContentSaved,Sub,RttNotes.RichTextContentSaved,NIT.vb:1528,none,,Divergence,"bounded read-only viewer port: VB filters/navigation/editors/bg-workers/Windows-shell handlers intentionally not ported (PARITY.md recurring pattern). SOME are owner-confirm candidates: ModExplorer filter subsystem, PortraitManager prev/next navigation."
NIT.vb,NIT,RttDetails_RichTextContentSaved,Sub,RttDetails.RichTextContentSaved,NIT.vb:1541,none,,Divergence,WinForms lifecycle/event/virtual-list/background-worker plumbing; N/A in Qt.
NIT.vb,NIT,LbProfile_MouseEnter,Sub,"LbProfile.MouseEnter, LbContents.MouseEnter, LbDetails.MouseEnter",NIT.vb:1563,none,,Divergence,WinForms lifecycle/event/virtual-list/background-worker plumbing; N/A in Qt.
NIT.vb,NIT,Tx_MouseDown,Sub,,NIT.vb:1583,none,,Divergence,WinForms lifecycle/event/virtual-list/background-worker plumbing; N/A in Qt.
NIT.vb,NIT,AppDefs_VersionChecked,Sub,AppDefs.VersionChecked,NIT.vb:1602,none,,Divergence,WinForms lifecycle/event/virtual-list/background-worker plumbing; N/A in Qt.
NIT.vb,NIT,Fv_OpenImage,Sub,"FvContents.OpenImage, FvDetails.OpenImage",NIT.vb:1627,none,,Ported,verified present in port (subagent/orchestrator swept 2026-07-15).
NIT.vb,NIT,ProcessCmdKey,Function,,NIT.vb:1654,none,,Divergence,"bounded read-only viewer port: VB filters/navigation/editors/bg-workers/Windows-shell handlers intentionally not ported (PARITY.md recurring pattern). SOME are owner-confirm candidates: ModExplorer filter subsystem, PortraitManager prev/next navigation."
NIT.vb,NIT,WndProc,Sub,,NIT.vb:1687,none,,Divergence,"bounded read-only viewer port: VB filters/navigation/editors/bg-workers/Windows-shell handlers intentionally not ported (PARITY.md recurring pattern). SOME are owner-confirm candidates: ModExplorer filter subsystem, PortraitManager prev/next navigation."
NetworkManager.vb,NetworkManager,Enabled,Property,,NetworkManager.vb:40,strong,vaultkeeper/game/start_screen.py | vaultkeeper/ui/dialogs/start_screen_manager.py | vaultkeeper/ui/menu_bar.py,Deferred,BackupManager + NetworkManager shared-store/sync + SlideShow + find-rename + original-restorers + prefix editor + legacy migrate.
NetworkManager.vb,NetworkManager,Connected,Property,,NetworkManager.vb:49,comment,vaultkeeper/game/play_data_manager.py,Deferred,BackupManager + NetworkManager shared-store/sync + SlideShow + find-rename + original-restorers + prefix editor + legacy migrate.
NetworkManager.vb,NetworkManager,HasProfile,Property,,NetworkManager.vb:59,none,,Deferred,BackupManager + NetworkManager shared-store/sync + SlideShow + find-rename + original-restorers + prefix editor + legacy migrate.
NetworkManager.vb,NetworkManager,ProfileDataPath,Property,,NetworkManager.vb:68,none,,Deferred,BackupManager + NetworkManager shared-store/sync + SlideShow + find-rename + original-restorers + prefix editor + legacy migrate.
NetworkManager.vb,NetworkManager,ProfilePaths,Property,,NetworkManager.vb:82,none,,Deferred,BackupManager + NetworkManager shared-store/sync + SlideShow + find-rename + original-restorers + prefix editor + legacy migrate.
NetworkManager.vb,NetworkManager,UserName,Property,,NetworkManager.vb:92,strong,vaultkeeper/core/play_time.py | vaultkeeper/game/play_data_manager.py | vaultkeeper/ui/controller.py,Deferred,BackupManager + NetworkManager shared-store/sync + SlideShow + find-rename + original-restorers + prefix editor + legacy migrate.
NetworkManager.vb,NetworkManager,SyncCount,Property,,NetworkManager.vb:151,none,,Deferred,BackupManager + NetworkManager shared-store/sync + SlideShow + find-rename + original-restorers + prefix editor + legacy migrate.
NetworkManager.vb,NetworkManager,ModSyncInfo,Property,,NetworkManager.vb:167,none,,Deferred,BackupManager + NetworkManager shared-store/sync + SlideShow + find-rename + original-restorers + prefix editor + legacy migrate.
NetworkManager.vb,NetworkManager,New,Sub,,NetworkManager.vb:185,strong,vaultkeeper/core/hak_patch.py | vaultkeeper/core/mapper.py | vaultkeeper/core/name_edit.py,N/A,framework/designer-generated
NetworkManager.vb,NetworkManager,Connect,Sub,,NetworkManager.vb:199,strong,vaultkeeper/ui/dialogs/about.py | vaultkeeper/ui/dialogs/character_filter.py | vaultkeeper/ui/dialogs/character_viewer.py,Deferred,BackupManager + NetworkManager shared-store/sync + SlideShow + find-rename + original-restorers + prefix editor + legacy migrate.
NetworkManager.vb,NetworkManager,WaitForNetwork,Sub,,NetworkManager.vb:211,none,,Deferred,BackupManager + NetworkManager shared-store/sync + SlideShow + find-rename + original-restorers + prefix editor + legacy migrate.
NetworkManager.vb,NetworkManager,GetFullPath,Function,,NetworkManager.vb:230,none,,Deferred,BackupManager + NetworkManager shared-store/sync + SlideShow + find-rename + original-restorers + prefix editor + legacy migrate.
NetworkManager.vb,NetworkManager,ProcessGetFullPath,Sub,,NetworkManager.vb:243,none,,Deferred,BackupManager + NetworkManager shared-store/sync + SlideShow + find-rename + original-restorers + prefix editor + legacy migrate.
NetworkManager.vb,NetworkManager,SyncListLoad,Sub,,NetworkManager.vb:260,none,,Deferred,BackupManager + NetworkManager shared-store/sync + SlideShow + find-rename + original-restorers + prefix editor + legacy migrate.
NetworkManager.vb,NetworkManager,SyncListAdd,Sub,,NetworkManager.vb:306,none,,Deferred,BackupManager + NetworkManager shared-store/sync + SlideShow + find-rename + original-restorers + prefix editor + legacy migrate.
NetworkManager.vb,NetworkManager,SyncFiles,Sub,,NetworkManager.vb:324,none,,Deferred,BackupManager + NetworkManager shared-store/sync + SlideShow + find-rename + original-restorers + prefix editor + legacy migrate.
NetworkManager.vb,NetworkManager,WaitForSync,Sub,,NetworkManager.vb:335,none,,Deferred,BackupManager + NetworkManager shared-store/sync + SlideShow + find-rename + original-restorers + prefix editor + legacy migrate.
NetworkManager.vb,NetworkManager,ModSynced,Sub,,NetworkManager.vb:348,none,,Deferred,BackupManager + NetworkManager shared-store/sync + SlideShow + find-rename + original-restorers + prefix editor + legacy migrate.
NetworkManager.vb,NetworkManager,ModSynced,Sub,,NetworkManager.vb:367,none,,Deferred,BackupManager + NetworkManager shared-store/sync + SlideShow + find-rename + original-restorers + prefix editor + legacy migrate.
NetworkManager.vb,NetworkManager,SyncListSaveAll,Sub,,NetworkManager.vb:387,none,,Deferred,BackupManager + NetworkManager shared-store/sync + SlideShow + find-rename + original-restorers + prefix editor + legacy migrate.
NetworkManager.vb,NetworkManager,SyncListSave,Sub,,NetworkManager.vb:398,none,,Deferred,BackupManager + NetworkManager shared-store/sync + SlideShow + find-rename + original-restorers + prefix editor + legacy migrate.
NetworkManager.vb,NetworkManager,SyncReport,Function,,NetworkManager.vb:429,none,,Deferred,BackupManager + NetworkManager shared-store/sync + SlideShow + find-rename + original-restorers + prefix editor + legacy migrate.
NetworkManager.vb,NetworkManager,BgNetwork_DoWork,Sub,BgNetwork.DoWork,NetworkManager.vb:474,none,,Deferred,BackupManager + NetworkManager shared-store/sync + SlideShow + find-rename + original-restorers + prefix editor + legacy migrate.
NetworkManager.vb,NetworkManager,BgSync_DoWork,Sub,BgSync.DoWork,NetworkManager.vb:553,none,,Deferred,BackupManager + NetworkManager shared-store/sync + SlideShow + find-rename + original-restorers + prefix editor + legacy migrate.
NitDownload.vb,NitDownload,SiteUrl,Property,,NitDownload.vb:28,none,,GAP?,
NitDownload.vb,NitDownload,ShowOpenOptions,Property,,NitDownload.vb:33,none,,GAP?,
NitDownload.vb,NitDownload,PerformOpen,Property,,NitDownload.vb:38,none,,GAP?,
NitDownload.vb,NitDownload,NitDownload_Load,Sub,MyBase.Load,NitDownload.vb:55,none,,GAP?,
NitDownload.vb,NitDownload,NitDownload_Shown,Sub,Me.Shown,NitDownload.vb:122,none,,GAP?,
NitDownload.vb,NitDownload,BhNitDownload_Click,Sub,BhNitDownload.Click,NitDownload.vb:135,none,,GAP?,
NitDownload.vb,NitDownload,BtOpen_Click,Sub,BtOpen.Click,NitDownload.vb:146,none,,Divergence,WinForms lifecycle/event/virtual-list/background-worker/mouse-hover plumbing.
NitDownload.vb,NitDownload,Rb_CheckedChanged,Sub,,NitDownload.vb:164,none,,GAP?,
NitDownload.vb,NitDownload,ProcessCmdKey,Function,,NitDownload.vb:182,none,,Divergence,"bounded read-only viewer port: VB filters/navigation/editors/bg-workers/Windows-shell handlers intentionally not ported (PARITY.md recurring pattern). SOME are owner-confirm candidates: ModExplorer filter subsystem, PortraitManager prev/next navigation."
NitUserInterface.vb,NitUserInterface,New,Sub,,NitUserInterface.vb:32,strong,vaultkeeper/core/hak_patch.py | vaultkeeper/core/mapper.py | vaultkeeper/core/name_edit.py,N/A,framework/designer-generated
NitUserInterface.vb,NitUserInterface,SetPrefs,Sub,,NitUserInterface.vb:50,none,,Partial,"reads present, bounded (settings prefs load, nwn.ini validate)."
NitUserInterface.vb,NitUserInterface,DisplayCounts,Sub,,NitUserInterface.vb:79,strong,vaultkeeper/ui/dialogs/create_missing_installers.py,Ported,DocOrganiser/ModPlayViewer/WizardBuilder core report/view/save logic (subagent+orchestrator).
NitUserInterface.vb,NitUserInterface,DisplayModCounts,Sub,,NitUserInterface.vb:90,none,,Ported,"confirmed in port (nwn.ini/alias read, ERF/module decode, status counts+confirm, profile mgmt, editions)."
NitUserInterface.vb,NitUserInterface,DisplayGroupModCounts,Sub,,NitUserInterface.vb:105,none,,Ported,"confirmed in port (nwn.ini/alias read, ERF/module decode, status counts+confirm, profile mgmt, editions)."
NitUserInterface.vb,NitUserInterface,Overwrite,Property,,NitUserInterface.vb:157,strong,vaultkeeper/app_paths.py | vaultkeeper/core/file_ops.py | vaultkeeper/core/fs.py,AUTO-PORTED,
NitUserInterface.vb,NitUserInterface,Recycle,Property,,NitUserInterface.vb:183,strong,vaultkeeper/core/fs.py | vaultkeeper/ui/controller.py | vaultkeeper/ui/dialogs/settings_dialog.py,AUTO-PORTED,
NitUserInterface.vb,NitUserInterface,ShowFileCheckIcon,Property,,NitUserInterface.vb:210,strong,vaultkeeper/ui/status_bar.py,AUTO-PORTED,
NitUserInterface.vb,NitUserInterface,TaskBarMarqueeActive,Property,,NitUserInterface.vb:225,none,,Divergence,debug diagnostic reports (debug-menu-only) + Windows taskbar progress + bounded RTF-recolour theme engine (port uses a single palette).
NitUserInterface.vb,NitUserInterface,ActionConfirmed,Function,,NitUserInterface.vb:244,none,,Ported,"confirmed in port (nwn.ini/alias read, ERF/module decode, status counts+confirm, profile mgmt, editions)."
NitUserInterface.vb,NitUserInterface,InfoStatus,Sub,,NitUserInterface.vb:299,none,,Ported,"confirmed in port (nwn.ini/alias read, ERF/module decode, status counts+confirm, profile mgmt, editions)."
NitUserInterface.vb,NitUserInterface,InfoStatus,Sub,,NitUserInterface.vb:335,none,,Ported,"confirmed in port (nwn.ini/alias read, ERF/module decode, status counts+confirm, profile mgmt, editions)."
NitUserInterface.vb,NitUserInterface,TaskBarProgress,Sub,,NitUserInterface.vb:374,none,,Divergence,debug diagnostic reports (debug-menu-only) + Windows taskbar progress + bounded RTF-recolour theme engine (port uses a single palette).
NitUserInterface.vb,NitUserInterface,TaskBarMarquee,Sub,,NitUserInterface.vb:388,none,,Divergence,debug diagnostic reports (debug-menu-only) + Windows taskbar progress + bounded RTF-recolour theme engine (port uses a single palette).
NitUserInterface.vb,NitUserInterface,TaskBarNoProgress,Sub,,NitUserInterface.vb:403,none,,Divergence,debug diagnostic reports (debug-menu-only) + Windows taskbar progress + bounded RTF-recolour theme engine (port uses a single palette).
NwnFolderInfo.vb,NwnFolderInfo,Fullname,Property,,NwnFolderInfo.vb:151,strong,vaultkeeper/core/profile_data.py | vaultkeeper/game/documentation.py,AUTO-PORTED,
NwnFolderInfo.vb,NwnFolderInfo,Edition,Property,,NwnFolderInfo.vb:156,strong,vaultkeeper/__main__.py | vaultkeeper/game/editions.py | vaultkeeper/game/locations.py,AUTO-PORTED,
NwnFolderInfo.vb,NwnFolderInfo,PatchIniFilename,Property,,NwnFolderInfo.vb:162,none,,Ported,"confirmed in port (nwn.ini/alias read, ERF/module decode, status counts+confirm, profile mgmt, editions)."
NwnFolderInfo.vb,NwnFolderInfo,InactivePatchFile,Property,,NwnFolderInfo.vb:167,none,,Deferred,config-isolation writes NOT done / alias editor / online module fetch / patch file.
NwnFolderInfo.vb,NwnFolderInfo,GameSavesPath,Property,,NwnFolderInfo.vb:172,comment,vaultkeeper/game/nwn_folders.py,AUTO-PORTED,matched in comment/docstring
NwnFolderInfo.vb,NwnFolderInfo,Locations,Property,,NwnFolderInfo.vb:177,strong,vaultkeeper/__main__.py | vaultkeeper/app_paths.py | vaultkeeper/core/install_manager.py,AUTO-PORTED,
NwnFolderInfo.vb,NwnFolderInfo,NwnIni,Property,,NwnFolderInfo.vb:182,comment,vaultkeeper/ui/main_window.py | vaultkeeper/ui/menu_bar.py | vaultkeeper/ui/ribbon.py,AUTO-PORTED,matched in comment/docstring
NwnFolderInfo.vb,NwnFolderInfo,ProfileName,Property,,NwnFolderInfo.vb:187,strong,vaultkeeper/app_paths.py | vaultkeeper/game/recovery.py | vaultkeeper/persistence/nrbf/migrate.py,Divergence,WinForms lifecycle/event/virtual-list/background-worker/mouse-hover plumbing.
NwnFolderInfo.vb,NwnFolderInfo,CustomAliasFile,Property,,NwnFolderInfo.vb:192,none,,Deferred,config-isolation writes NOT done / alias editor / online module fetch / patch file.
NwnFolderInfo.vb,NwnFolderInfo,CustomAliasState,Property,,NwnFolderInfo.vb:201,none,,Deferred,config-isolation writes NOT done / alias editor / online module fetch / patch file.
NwnFolderInfo.vb,NwnFolderInfo,New,Sub,,NwnFolderInfo.vb:213,strong,vaultkeeper/core/hak_patch.py | vaultkeeper/core/mapper.py | vaultkeeper/core/name_edit.py,N/A,framework/designer-generated
NwnFolderInfo.vb,NwnFolderInfo,CreateUserPatchFile,Sub,,NwnFolderInfo.vb:243,none,,Deferred,config-isolation writes NOT done / alias editor / online module fetch / patch file.
NwnFolderInfo.vb,NwnFolderInfo,ValidateNwnIni,Function,,NwnFolderInfo.vb:266,none,,Ported,"confirmed in port (nwn.ini/alias read, ERF/module decode, status counts+confirm, profile mgmt, editions)."
NwnFolderInfo.vb,NwnFolderInfo,PopulateLocations,Sub,,NwnFolderInfo.vb:319,strong,vaultkeeper/game/nwn_folders.py,AUTO-PORTED,
NwnFolderInfo.vb,NwnFolderInfo,ValidateNwnConfigIni,Function,,NwnFolderInfo.vb:393,none,,Ported,"confirmed in port (nwn.ini/alias read, ERF/module decode, status counts+confirm, profile mgmt, editions)."
NwnFolderInfo.vb,NwnFolderInfo,SetGameSavesPath,Sub,,NwnFolderInfo.vb:453,strong,vaultkeeper/game/nwn_folders.py,AUTO-PORTED,
NwnFolderInfo.vb,NwnFolderInfo,LoadNwnIniFile,Function,,NwnFolderInfo.vb:502,none,,Ported,"confirmed in port (nwn.ini/alias read, ERF/module decode, status counts+confirm, profile mgmt, editions)."
NwnFolderInfo.vb,NwnFolderInfo,SaveNwnIniFile,Function,,NwnFolderInfo.vb:547,none,,Deferred,config-isolation writes NOT done / alias editor / online module fetch / patch file.
NwnFolderInfo.vb,NwnFolderInfo,LoadCustomAliasFile,Sub,,NwnFolderInfo.vb:597,none,,Ported,"confirmed in port (nwn.ini/alias read, ERF/module decode, status counts+confirm, profile mgmt, editions)."
NwnFolderInfo.vb,NwnFolderInfo,SaveCustomAliasFile,Sub,,NwnFolderInfo.vb:629,none,,Deferred,config-isolation writes NOT done / alias editor / online module fetch / patch file.
Paths.vb,Paths,Tool,Property,,Paths.vb:260,strong,vaultkeeper/core/constants.py | vaultkeeper/core/name_edit.py | vaultkeeper/game/character.py,AUTO-PORTED,
Paths.vb,Paths,Profiles,Property,,Paths.vb:270,strong,vaultkeeper/app_paths.py | vaultkeeper/game/game_mapper.py | vaultkeeper/game/play_data_manager.py,AUTO-PORTED,
Paths.vb,Paths,ProfileMods,Property,,Paths.vb:280,strong,vaultkeeper/game/documentation.py | vaultkeeper/verify_install.py,Divergence,WinForms lifecycle/event/virtual-list/background-worker/mouse-hover plumbing.
Paths.vb,Paths,SharedProfileMods,Property,,Paths.vb:291,none,,Deferred,"unported subsystem: map-version migrations (Phase-8), original-restorers, MsValidate validators, dev-folder."
Paths.vb,Paths,Data,Property,,Paths.vb:305,strong,vaultkeeper/app_paths.py | vaultkeeper/config/settings.py | vaultkeeper/core/archive.py,AUTO-PORTED,
Paths.vb,Paths,ProfileData,Property,,Paths.vb:315,strong,vaultkeeper/core/constants.py | vaultkeeper/core/file_data.py | vaultkeeper/core/group_member.py,Divergence,WinForms lifecycle/event/virtual-list/background-worker/mouse-hover plumbing.
Paths.vb,Paths,ProfileNotes,Property,,Paths.vb:325,none,,Ported,confirmed in port core (grep): mapping/reserved/editions/checksums/mutators.
Paths.vb,Paths,ExportedMods,Property,,Paths.vb:335,none,,Deferred,"unported subsystem: map-version migrations (Phase-8), original-restorers, MsValidate validators, dev-folder."
Paths.vb,Paths,ImportedMods,Property,,Paths.vb:346,none,,Deferred,"unported subsystem: map-version migrations (Phase-8), original-restorers, MsValidate validators, dev-folder."
Paths.vb,Paths,SyncNotes,Property,,Paths.vb:362,none,,Deferred,"unported subsystem: map-version migrations (Phase-8), original-restorers, MsValidate validators, dev-folder."
Paths.vb,Paths,Backups,Property,,Paths.vb:377,strong,vaultkeeper/app_paths.py | vaultkeeper/game/game_backup.py | vaultkeeper/game/play_data_manager.py,AUTO-PORTED,
Paths.vb,Paths,DataBackups,Property,,Paths.vb:387,none,,Ported,confirmed in port core (grep): mapping/reserved/editions/checksums/mutators.
Paths.vb,Paths,ArchivedSaves,Property,,Paths.vb:397,strong,vaultkeeper/app_paths.py | vaultkeeper/ui/controller.py,AUTO-PORTED,
Paths.vb,Paths,ExportedSettings,Property,,Paths.vb:407,strong,vaultkeeper/app_paths.py,AUTO-PORTED,
Paths.vb,Paths,GameSaves,Property,,Paths.vb:417,strong,vaultkeeper/game/game_backup.py | vaultkeeper/game/game_mapper.py | vaultkeeper/game/game_saves.py,AUTO-PORTED,
Paths.vb,Paths,NwnPortraits,Property,,Paths.vb:430,none,,Ported,confirmed in port core (grep): mapping/reserved/editions/checksums/mutators.
Paths.vb,Paths,HakPortraits,Property,,Paths.vb:444,strong,vaultkeeper/ui/controller.py,AUTO-PORTED,
Paths.vb,Paths,Nwn,Property,,Paths.vb:453,strong,vaultkeeper/__main__.py | vaultkeeper/app_paths.py | vaultkeeper/config/settings.py,AUTO-PORTED,
Paths.vb,Paths,Temp,Property,,Paths.vb:462,strong,vaultkeeper/app_paths.py | vaultkeeper/core/file_ops.py | vaultkeeper/core/mapper.py,AUTO-PORTED,
Paths.vb,Paths,TempWbm,Property,,Paths.vb:471,none,,Ported,confirmed in port core (grep): mapping/reserved/editions/checksums/mutators.
Paths.vb,Paths,Downloads,Property,,Paths.vb:480,strong,vaultkeeper/core/archive.py | vaultkeeper/core/constants.py | vaultkeeper/game/documentation.py,AUTO-PORTED,
Paths.vb,Paths,CrashReports,Property,,Paths.vb:503,none,,Divergence,"VB ListView/settings-format plumbing, native-JSON persistence (vs NRBF tables), UI-state files, Windows-specific."
Paths.vb,Paths,TaskStateFilename,Property,,Paths.vb:516,none,,Divergence,"VB ListView/settings-format plumbing, native-JSON persistence (vs NRBF tables), UI-state files, Windows-specific."
Paths.vb,Paths,UserName,Property,,Paths.vb:525,strong,vaultkeeper/core/play_time.py | vaultkeeper/game/play_data_manager.py | vaultkeeper/ui/controller.py,Deferred,BackupManager + NetworkManager shared-store/sync + SlideShow + find-rename + original-restorers + prefix editor + legacy migrate.
Paths.vb,Paths,RebuildRequested,Property,,Paths.vb:536,strong,vaultkeeper/persistence/nrbf/migrate.py,AUTO-PORTED,
Paths.vb,Paths,NwnClientLogFile,Property,,Paths.vb:552,comment,vaultkeeper/ui/main_window.py | vaultkeeper/ui/menu_bar.py,AUTO-PORTED,matched in comment/docstring
Paths.vb,Paths,NwnEngineLogFile,Property,,Paths.vb:564,comment,vaultkeeper/ui/main_window.py | vaultkeeper/ui/menu_bar.py,AUTO-PORTED,matched in comment/docstring
Paths.vb,Paths,NwnPlayLogFile,Property,,Paths.vb:578,none,,Ported,confirmed in port core (grep): mapping/reserved/editions/checksums/mutators.
Paths.vb,Paths,NwnMissingLogFile,Property,,Paths.vb:592,none,,Divergence,"VB ListView/settings-format plumbing, native-JSON persistence (vs NRBF tables), UI-state files, Windows-specific."
Paths.vb,Paths,NwnIniFile,Property,,Paths.vb:602,comment,vaultkeeper/ui/main_window.py | vaultkeeper/ui/menu_bar.py,AUTO-PORTED,matched in comment/docstring
Paths.vb,Paths,NwnPlayerIniFile,Property,,Paths.vb:611,comment,vaultkeeper/ui/main_window.py | vaultkeeper/ui/menu_bar.py,AUTO-PORTED,matched in comment/docstring
Paths.vb,Paths,NwnPatchIniFile,Property,,Paths.vb:620,comment,vaultkeeper/core/hak_patch.py | vaultkeeper/ui/main_window.py | vaultkeeper/ui/menu_bar.py,AUTO-PORTED,matched in comment/docstring
Paths.vb,Paths,NwnConfigIniFile,Property,,Paths.vb:629,comment,vaultkeeper/ui/main_window.py | vaultkeeper/ui/menu_bar.py,AUTO-PORTED,matched in comment/docstring
Paths.vb,Paths,NwnToolsetIniFile,Property,,Paths.vb:638,comment,vaultkeeper/ui/main_window.py | vaultkeeper/ui/menu_bar.py,AUTO-PORTED,matched in comment/docstring
Paths.vb,Paths,GroupNameFilters,Property,,Paths.vb:647,none,,Divergence,"VB ListView/settings-format plumbing, native-JSON persistence (vs NRBF tables), UI-state files, Windows-specific."
Paths.vb,Paths,RecentMods,Property,,Paths.vb:656,comment,vaultkeeper/config/settings.py | vaultkeeper/ui/main_window.py | vaultkeeper/ui/menu_bar.py,AUTO-PORTED,matched in comment/docstring
Paths.vb,Paths,SelectionHistoryFile,Property,,Paths.vb:665,none,,Divergence,"VB ListView/settings-format plumbing, native-JSON persistence (vs NRBF tables), UI-state files, Windows-specific."
Paths.vb,Paths,ScrollPositionsFile,Property,,Paths.vb:675,none,,Divergence,"VB ListView/settings-format plumbing, native-JSON persistence (vs NRBF tables), UI-state files, Windows-specific."
Paths.vb,Paths,InstallerIdFile,Property,,Paths.vb:686,none,,Ported,confirmed in port core (grep): mapping/reserved/editions/checksums/mutators.
Paths.vb,Paths,UserRulesFile,Property,,Paths.vb:699,none,,Ported,confirmed in port core (grep): mapping/reserved/editions/checksums/mutators.
Paths.vb,Paths,CrashReportFiles,Property,,Paths.vb:708,none,,Divergence,"VB ListView/settings-format plumbing, native-JSON persistence (vs NRBF tables), UI-state files, Windows-specific."
Paths.vb,Paths,InstallerIdFilePath,Property,,Paths.vb:725,none,,Ported,confirmed in port core (grep): mapping/reserved/editions/checksums/mutators.
Paths.vb,Paths,InstalledEditions,Property,,Paths.vb:737,none,,Ported,confirmed in port core (grep): mapping/reserved/editions/checksums/mutators.
Paths.vb,Paths,Profile,Property,,Paths.vb:750,strong,vaultkeeper/app_paths.py | vaultkeeper/config/settings.py | vaultkeeper/core/constants.py,AUTO-PORTED,
Paths.vb,Paths,ReservedNameImage,Property,,Paths.vb:766,none,,Partial,capability present but bounded (map editor via FolderMapping dialog + map_overrides; edition prompts).
Paths.vb,Paths,IsReservedName,Property,,Paths.vb:779,strong,vaultkeeper/game/wizard.py,AUTO-PORTED,
Paths.vb,Paths,IsNotReservedName,Property,,Paths.vb:792,none,,Ported,confirmed in port core (grep): mapping/reserved/editions/checksums/mutators.
Paths.vb,Paths,IsReservedNameOrPrefix,Property,,Paths.vb:805,strong,vaultkeeper/core/name_edit.py | vaultkeeper/core/reserved.py | vaultkeeper/game/documentation.py,AUTO-PORTED,
Paths.vb,Paths,IsNotReservedNameOrPrefix,Property,,Paths.vb:826,none,,Ported,confirmed in port core (grep): mapping/reserved/editions/checksums/mutators.
Paths.vb,Paths,HasDataFile,Property,,Paths.vb:846,none,,Ported,confirmed in port core (grep): mapping/reserved/editions/checksums/mutators.
Paths.vb,Paths,ErrorMessage,Property,,Paths.vb:865,strong,vaultkeeper/core/formats/bic_reader.py | vaultkeeper/game/character.py,AUTO-PORTED,
Paths.vb,Paths,ExtendedLibrary,Property,,Paths.vb:915,none,,Ported,confirmed in port core (grep): mapping/reserved/editions/checksums/mutators.
Paths.vb,Paths,WorkshopContentPath,Property,,Paths.vb:928,strong,vaultkeeper/game/workshop.py | vaultkeeper/ui/controller.py,AUTO-PORTED,
Paths.vb,Paths,ExtendedExePath,Property,,Paths.vb:941,none,,Ported,confirmed in port core (grep): mapping/reserved/editions/checksums/mutators.
Paths.vb,Paths,ExtendedDataPath,Property,,Paths.vb:966,strong,vaultkeeper/core/mapper.py,AUTO-PORTED,
Paths.vb,Paths,ExtendedOvrPath,Property,,Paths.vb:978,strong,vaultkeeper/core/mapper.py,AUTO-PORTED,
Paths.vb,Paths,ExtendedUserPath,Property,,Paths.vb:991,none,,Ported,confirmed in port core (grep): mapping/reserved/editions/checksums/mutators.
Paths.vb,Paths,ExtendedVersionFileName,Property,,Paths.vb:1003,none,,Ported,confirmed in port core (grep): mapping/reserved/editions/checksums/mutators.
Paths.vb,Paths,EditionFilename,Function,,Paths.vb:1016,none,,Ported,confirmed in port core (grep): mapping/reserved/editions/checksums/mutators.
Paths.vb,Paths,EditionFilePath,Function,,Paths.vb:1028,none,,Ported,confirmed in port core (grep): mapping/reserved/editions/checksums/mutators.
Paths.vb,Paths,GetFileEdition,Function,,Paths.vb:1040,none,,Ported,confirmed in port core (grep): mapping/reserved/editions/checksums/mutators.
Paths.vb,Paths,CreateEditionFile,Sub,,Paths.vb:1060,none,,Partial,capability present but bounded (map editor via FolderMapping dialog + map_overrides; edition prompts).
Paths.vb,Paths,SolicitEdition,Function,,Paths.vb:1080,none,,Partial,capability present but bounded (map editor via FolderMapping dialog + map_overrides; edition prompts).
Paths.vb,Paths,DetectExtended,Function,,Paths.vb:1106,strong,vaultkeeper/game/locations.py,AUTO-PORTED,
Paths.vb,Paths,SolicitEnhanced,Function,,Paths.vb:1174,none,,Partial,capability present but bounded (map editor via FolderMapping dialog + map_overrides; edition prompts).
Paths.vb,Paths,UserFilesFolder,Function,,Paths.vb:1206,none,,Ported,confirmed in port core (grep): mapping/reserved/editions/checksums/mutators.
Paths.vb,Paths,BeamdogLibrary,Function,,Paths.vb:1242,none,,Ported,confirmed in port core (grep): mapping/reserved/editions/checksums/mutators.
Paths.vb,Paths,GogLibrary,Function,,Paths.vb:1290,none,,Ported,confirmed in port core (grep): mapping/reserved/editions/checksums/mutators.
Paths.vb,Paths,SteamLibrary,Function,,Paths.vb:1311,none,,Ported,confirmed in port core (grep): mapping/reserved/editions/checksums/mutators.
Paths.vb,Paths,SteamLibraryFolder,Function,,Paths.vb:1368,none,,Ported,confirmed in port core (grep): mapping/reserved/editions/checksums/mutators.
Paths.vb,Paths,GetWorkshopContentPath,Function,,Paths.vb:1434,strong,vaultkeeper/game/workshop.py,AUTO-PORTED,
Paths.vb,Paths,ValidateExtendedLib,Function,,Paths.vb:1462,none,,Ported,confirmed in port core (grep): mapping/reserved/editions/checksums/mutators.
Paths.vb,Paths,ValidateExtendedUser,Function,,Paths.vb:1496,none,,Ported,confirmed in port core (grep): mapping/reserved/editions/checksums/mutators.
Paths.vb,Paths,ValidateEeFolder,Function,,Paths.vb:1512,none,,Ported,confirmed in port core (grep): mapping/reserved/editions/checksums/mutators.
Paths.vb,Paths,Validate,Sub,,Paths.vb:1538,strong,vaultkeeper/core/mod_data.py | vaultkeeper/core/name_edit.py | vaultkeeper/game/character_filter.py,AUTO-PORTED,
Paths.vb,Paths,SetPathNit,Sub,,Paths.vb:1713,none,,Ported,confirmed in port core (grep): mapping/reserved/editions/checksums/mutators.
Paths.vb,Paths,ValidatedNitPath,Function,,Paths.vb:1787,none,,Ported,confirmed in port core (grep): mapping/reserved/editions/checksums/mutators.
Paths.vb,Paths,CreateStore,Sub,,Paths.vb:1811,none,,Ported,confirmed in port core (grep): mapping/reserved/editions/checksums/mutators.
Paths.vb,Paths,DetectOriginal,Function,,Paths.vb:1841,none,,Ported,confirmed in port core (grep): mapping/reserved/editions/checksums/mutators.
Paths.vb,Paths,GetExePath,Function,,Paths.vb:1906,none,,Ported,confirmed in port core (grep): mapping/reserved/editions/checksums/mutators.
Paths.vb,Paths,SolicitNwnExeFile,Function,,Paths.vb:1942,strong,vaultkeeper/game/locations.py,AUTO-PORTED,
Paths.vb,Paths,GetFolder,Function,,Paths.vb:1967,comment,vaultkeeper/game/installer_build.py,AUTO-PORTED,matched in comment/docstring
Paths.vb,Paths,CreateMissingFolders,Function,,Paths.vb:2010,none,,Ported,confirmed in port core (grep): mapping/reserved/editions/checksums/mutators.
Paths.vb,Paths,CheckAccessPermissions,Sub,,Paths.vb:2035,none,,Partial,capability present but bounded (map editor via FolderMapping dialog + map_overrides; edition prompts).
Paths.vb,Paths,CreateProfileFolder,Function,,Paths.vb:2077,none,,Ported,confirmed in port core (grep): mapping/reserved/editions/checksums/mutators.
Paths.vb,Paths,IsValidNwnFolder,Function,,Paths.vb:2119,none,,Ported,confirmed in port core (grep): mapping/reserved/editions/checksums/mutators.
PlayDataManager.ClientLog.vb,ClientLog,ModsLoaded,Property,,PlayDataManager.ClientLog.vb:68,strong,vaultkeeper/game/client_log.py | vaultkeeper/game/play_data_manager.py | vaultkeeper/ui/play_loop.py,AUTO-PORTED,
PlayDataManager.ClientLog.vb,ClientLog,ExecutionTime,Property,,PlayDataManager.ClientLog.vb:74,strong,vaultkeeper/game/client_log.py | vaultkeeper/game/play_data_manager.py | vaultkeeper/ui/play_loop.py,AUTO-PORTED,
PlayDataManager.ClientLog.vb,ClientLog,New,Sub,,PlayDataManager.ClientLog.vb:82,strong,vaultkeeper/core/hak_patch.py | vaultkeeper/core/mapper.py | vaultkeeper/core/name_edit.py,N/A,framework/designer-generated
PlayDataManager.ClientLog.vb,ClientLog,GetTimes,Sub,,PlayDataManager.ClientLog.vb:101,strong,vaultkeeper/game/client_log.py,AUTO-PORTED,
PlayDataManager.ClientLog.vb,ClientLog,LogDate,Function,,PlayDataManager.ClientLog.vb:252,comment,vaultkeeper/game/client_log.py,AUTO-PORTED,matched in comment/docstring
PlayDataManager.ClientLog.vb,ClientLog,Dispose,Sub,,PlayDataManager.ClientLog.vb:314,none,,N/A,framework/designer-generated
PlayDataManager.ClientLog.vb,ClientLog,Dispose,Sub,,PlayDataManager.ClientLog.vb:336,none,,N/A,framework/designer-generated
PlayDataManager.PlayData.vb,PlayData,TotalPlayed,Property,,PlayDataManager.PlayData.vb:23,strong,vaultkeeper/core/play_time.py | vaultkeeper/game/play_data_manager.py | vaultkeeper/ui/controller.py,AUTO-PORTED,
PlayDataManager.PlayData.vb,PlayData,TotalToday,Property,,PlayDataManager.PlayData.vb:28,strong,vaultkeeper/core/play_time.py | vaultkeeper/game/play_data_manager.py | vaultkeeper/ui/play_loop.py,AUTO-PORTED,
PlayDataManager.PlayData.vb,PlayData,MostInOneDay,Property,,PlayDataManager.PlayData.vb:33,strong,vaultkeeper/core/play_time.py | vaultkeeper/game/play_data_manager.py | vaultkeeper/ui/controller.py,AUTO-PORTED,
PlayDataManager.PlayData.vb,PlayData,LastPlayed,Property,,PlayDataManager.PlayData.vb:38,strong,vaultkeeper/core/play_time.py | vaultkeeper/game/play_data_manager.py | vaultkeeper/ui/controller.py,AUTO-PORTED,
PlayDataManager.PlayData.vb,PlayData,PlayTimes,Property,,PlayDataManager.PlayData.vb:50,strong,vaultkeeper/core/play_time.py | vaultkeeper/game/play_data_manager.py | vaultkeeper/ui/controller.py,AUTO-PORTED,
PlayDataManager.PlayData.vb,PlayData,New,Sub,,PlayDataManager.PlayData.vb:55,strong,vaultkeeper/core/hak_patch.py | vaultkeeper/core/mapper.py | vaultkeeper/core/name_edit.py,N/A,framework/designer-generated
PlayDataManager.vb,PlayDataManager,PendingPlayTimesFile,Property,,PlayDataManager.vb:33,none,,Ported,"domain layer ported Phase 1-5 (ModData mutators, play-data, vault scraper/rules parsing, GameMapper resolution)."
PlayDataManager.vb,PlayDataManager,ModsStartedFile,Property,,PlayDataManager.vb:42,none,,Ported,"domain layer ported Phase 1-5 (ModData mutators, play-data, vault scraper/rules parsing, GameMapper resolution)."
PlayDataManager.vb,PlayDataManager,TotalPlayed,Property,,PlayDataManager.vb:135,strong,vaultkeeper/core/play_time.py | vaultkeeper/game/play_data_manager.py | vaultkeeper/ui/controller.py,AUTO-PORTED,
PlayDataManager.vb,PlayDataManager,TotalToday,Property,,PlayDataManager.vb:150,strong,vaultkeeper/core/play_time.py | vaultkeeper/game/play_data_manager.py | vaultkeeper/ui/play_loop.py,AUTO-PORTED,
PlayDataManager.vb,PlayDataManager,MostInOneDay,Property,,PlayDataManager.vb:165,strong,vaultkeeper/core/play_time.py | vaultkeeper/game/play_data_manager.py | vaultkeeper/ui/controller.py,AUTO-PORTED,
PlayDataManager.vb,PlayDataManager,LastPlayed,Property,,PlayDataManager.vb:180,strong,vaultkeeper/core/play_time.py | vaultkeeper/game/play_data_manager.py | vaultkeeper/ui/controller.py,AUTO-PORTED,
PlayDataManager.vb,PlayDataManager,PlayTimes,Property,,PlayDataManager.vb:195,strong,vaultkeeper/core/play_time.py | vaultkeeper/game/play_data_manager.py | vaultkeeper/ui/controller.py,AUTO-PORTED,
PlayDataManager.vb,PlayDataManager,PlayTimes,Property,,PlayDataManager.vb:208,strong,vaultkeeper/core/play_time.py | vaultkeeper/game/play_data_manager.py | vaultkeeper/ui/controller.py,AUTO-PORTED,
PlayDataManager.vb,PlayDataManager,StartDatesRecorded,Property,,PlayDataManager.vb:225,strong,vaultkeeper/game/play_data_manager.py,AUTO-PORTED,
PlayDataManager.vb,PlayDataManager,StartDate,Property,,PlayDataManager.vb:240,strong,vaultkeeper/game/play_data_manager.py | vaultkeeper/ui/controller.py,AUTO-PORTED,
PlayDataManager.vb,PlayDataManager,Filename,Property,,PlayDataManager.vb:264,strong,vaultkeeper/core/constants.py | vaultkeeper/core/file_key.py | vaultkeeper/core/formats/erf_reader.py,AUTO-PORTED,
PlayDataManager.vb,PlayDataManager,RecordedGames,Property,,PlayDataManager.vb:273,strong,vaultkeeper/game/play_data_manager.py,AUTO-PORTED,
PlayDataManager.vb,PlayDataManager,DeletedGames,Property,,PlayDataManager.vb:282,strong,vaultkeeper/game/play_data_manager.py,AUTO-PORTED,
PlayDataManager.vb,PlayDataManager,PendingModCount,Property,,PlayDataManager.vb:291,strong,vaultkeeper/game/play_data_manager.py,AUTO-PORTED,
PlayDataManager.vb,PlayDataManager,Result,Property,,PlayDataManager.vb:306,strong,vaultkeeper/core/file_key.py | vaultkeeper/core/file_ops.py | vaultkeeper/core/install_manager.py,AUTO-PORTED,
PlayDataManager.vb,PlayDataManager,UninstallMsgDisplayed,Property,,PlayDataManager.vb:314,none,,Divergence,UI status/progress + WinForms background-worker plumbing (CRC compute engine itself is ported in core).
PlayDataManager.vb,PlayDataManager,New,Sub,,PlayDataManager.vb:327,strong,vaultkeeper/core/hak_patch.py | vaultkeeper/core/mapper.py | vaultkeeper/core/name_edit.py,N/A,framework/designer-generated
PlayDataManager.vb,PlayDataManager,Load,Function,,PlayDataManager.vb:372,strong,vaultkeeper/config/settings.py | vaultkeeper/core/formats/tga_reader.py | vaultkeeper/core/hak_patch.py,AUTO-PORTED,
PlayDataManager.vb,PlayDataManager,LoadModsStarted,Sub,,PlayDataManager.vb:408,none,,Ported,"domain layer ported Phase 1-5 (ModData mutators, play-data, vault scraper/rules parsing, GameMapper resolution)."
PlayDataManager.vb,PlayDataManager,LoadPendingPlayTimes,Sub,,PlayDataManager.vb:440,none,,Ported,"domain layer ported Phase 1-5 (ModData mutators, play-data, vault scraper/rules parsing, GameMapper resolution)."
PlayDataManager.vb,PlayDataManager,SetPlayTime,Sub,,PlayDataManager.vb:481,strong,vaultkeeper/game/play_data_manager.py,AUTO-PORTED,
PlayDataManager.vb,PlayDataManager,AddLoggedTimes,Sub,,PlayDataManager.vb:495,strong,vaultkeeper/game/play_data_manager.py,AUTO-PORTED,
PlayDataManager.vb,PlayDataManager,AddTime,Sub,,PlayDataManager.vb:551,strong,vaultkeeper/game/play_data_manager.py,AUTO-PORTED,
PlayDataManager.vb,PlayDataManager,ResetTime,Sub,,PlayDataManager.vb:580,strong,vaultkeeper/game/play_data_manager.py,AUTO-PORTED,
PlayDataManager.vb,PlayDataManager,RenameMod,Sub,,PlayDataManager.vb:615,strong,vaultkeeper/core/profile_data.py | vaultkeeper/game/game_mapper.py | vaultkeeper/game/play_data_manager.py,Ported,install engine + rename + analyser browser report (subagent-swept).
PlayDataManager.vb,PlayDataManager,RecordDeletedGames,Sub,,PlayDataManager.vb:685,strong,vaultkeeper/game/play_data_manager.py,AUTO-PORTED,
PlayDataManager.vb,PlayDataManager,View,Sub,,PlayDataManager.vb:772,strong,vaultkeeper/core/group_member.py | vaultkeeper/game/installer_build.py | vaultkeeper/ui/controller.py,AUTO-PORTED,
PlayDataManager.vb,PlayDataManager,Validate,Sub,,PlayDataManager.vb:791,strong,vaultkeeper/core/mod_data.py | vaultkeeper/core/name_edit.py | vaultkeeper/game/character_filter.py,AUTO-PORTED,
PlayDataManager.vb,PlayDataManager,ValidatePlayData,Sub,,PlayDataManager.vb:808,strong,vaultkeeper/game/play_data_manager.py,AUTO-PORTED,
PlayDataManager.vb,PlayDataManager,Save,Sub,,PlayDataManager.vb:890,strong,vaultkeeper/config/settings.py | vaultkeeper/core/change_data.py | vaultkeeper/core/install_manager.py,AUTO-PORTED,
PlayDataManager.vb,PlayDataManager,SaveModsStarted,Sub,,PlayDataManager.vb:907,strong,vaultkeeper/game/play_data_manager.py,AUTO-PORTED,
PlayDataManager.vb,PlayDataManager,SavePending,Sub,,PlayDataManager.vb:931,none,,Ported,"domain layer ported Phase 1-5 (ModData mutators, play-data, vault scraper/rules parsing, GameMapper resolution)."
PlayDataManager.vb,PlayDataManager,DisplayRecorded,Sub,,PlayDataManager.vb:961,none,,Divergence,UI status/progress + WinForms background-worker plumbing (CRC compute engine itself is ported in core).
PlayDataManager.vb,PlayDataManager,RecordTime,Function,,PlayDataManager.vb:1030,strong,vaultkeeper/game/play_data_manager.py,AUTO-PORTED,
PlayDataManager.vb,PlayDataManager,GetPendingPlayTimes,Function,,PlayDataManager.vb:1122,strong,vaultkeeper/game/play_data_manager.py,AUTO-PORTED,
PlayDataManager.vb,PlayDataManager,ClearPendingPlayTimes,Sub,,PlayDataManager.vb:1152,strong,vaultkeeper/game/play_data_manager.py,AUTO-PORTED,
PlayDataManager.vb,PlayDataManager,RecordCompletedGames,Sub,,PlayDataManager.vb:1166,strong,vaultkeeper/game/play_data_manager.py,AUTO-PORTED,
PlayDataManager.vb,PlayDataManager,RecordCompletedGame,Function,,PlayDataManager.vb:1242,none,,Ported,"domain layer ported Phase 1-5 (ModData mutators, play-data, vault scraper/rules parsing, GameMapper resolution)."
PlayDataManager.vb,PlayDataManager,SyncPlayTimes,Function,,PlayDataManager.vb:1270,strong,vaultkeeper/game/play_data_manager.py,AUTO-PORTED,
PlayDataManager.vb,PlayDataManager,SyncPlayTimes,Function,,PlayDataManager.vb:1294,strong,vaultkeeper/game/play_data_manager.py,AUTO-PORTED,
PlayDataManager.vb,PlayDataManager,RebuildPlayTimeFile,Function,,PlayDataManager.vb:1339,strong,vaultkeeper/game/play_data_manager.py,AUTO-PORTED,
PlayDataManager.vb,PlayDataManager,ReadPlayTimeFile,Function,,PlayDataManager.vb:1365,strong,vaultkeeper/game/play_data_manager.py | vaultkeeper/ui/controller.py,AUTO-PORTED,
PlayDataManager.vb,PlayDataManager,GetPlayTimes,Function,,PlayDataManager.vb:1394,none,,Ported,"domain layer ported Phase 1-5 (ModData mutators, play-data, vault scraper/rules parsing, GameMapper resolution)."
PlayDataManager.vb,PlayDataManager,SavePlayTimes,Function,,PlayDataManager.vb:1449,strong,vaultkeeper/game/play_data_manager.py,AUTO-PORTED,
PlayDataManager.vb,PlayDataManager,UpdateCompletedInfo,Sub,,PlayDataManager.vb:1510,strong,vaultkeeper/game/play_data_manager.py,AUTO-PORTED,
PlayDataManager.vb,PlayDataManager,FormatTime,Function,,PlayDataManager.vb:1560,strong,vaultkeeper/game/play_data_manager.py | vaultkeeper/ui/controller.py | vaultkeeper/ui/main_window.py,AUTO-PORTED,
PlayDataManager.vb,PlayDataManager,FormatDays,Function,,PlayDataManager.vb:1616,strong,vaultkeeper/game/play_data_manager.py | vaultkeeper/ui/controller.py,AUTO-PORTED,
PlayDataManager.vb,PlayDataManager,FormatStartDate,Function,,PlayDataManager.vb:1683,none,,Deferred,legacy migrate / rules-file version management / LazWorks date-diff helper.
PlayDataManager.vb,PlayDataManager,MigrateProfiles,Sub,,PlayDataManager.vb:1717,none,,Deferred,legacy migrate / rules-file version management / LazWorks date-diff helper.
PlayDataManager.vb,PlayDataManager,Migrate,Function,,PlayDataManager.vb:1753,strong,vaultkeeper/core/profile_data.py | vaultkeeper/game/play_data_manager.py | vaultkeeper/ui/dialogs/import_legacy.py,AUTO-PORTED,
PlayDataManager.vb,PlayDataManager,Migrate,Function,,PlayDataManager.vb:1800,strong,vaultkeeper/core/profile_data.py | vaultkeeper/game/play_data_manager.py | vaultkeeper/ui/dialogs/import_legacy.py,AUTO-PORTED,
PlayDataManager.vb,PlayDataManager,Dispose,Sub,,PlayDataManager.vb:1858,none,,N/A,framework/designer-generated
PlayDataManager.vb,PlayDataManager,Dispose,Sub,,PlayDataManager.vb:1881,none,,N/A,framework/designer-generated
PlayDataViewPending.vb,PlayDataViewPending,New,Sub,,PlayDataViewPending.vb:35,strong,vaultkeeper/core/hak_patch.py | vaultkeeper/core/mapper.py | vaultkeeper/core/name_edit.py,N/A,framework/designer-generated
PlayDataViewPending.vb,PlayDataViewPending,PlayDataViewPending_Load,Sub,MyBase.Load,PlayDataViewPending.vb:50,none,,GAP?,
PlayDataViewPending.vb,PlayDataViewPending,BtClear_Click,Sub,BtClear.Click,PlayDataViewPending.vb:85,none,,GAP?,
PlayDataViewer.vb,PlayDataViewer,ShowReport,Property,,PlayDataViewer.vb:80,none,,Ported,"port view/domain layer (details/contents/status/paste/recent/profile views, hak-patch, play-data viewer, find-files, conflicts, workshop, publish)."
PlayDataViewer.vb,PlayDataViewer,New,Sub,,PlayDataViewer.vb:86,strong,vaultkeeper/core/hak_patch.py | vaultkeeper/core/mapper.py | vaultkeeper/core/name_edit.py,N/A,framework/designer-generated
PlayDataViewer.vb,PlayDataViewer,PlayDataViewer_Load,Sub,MyBase.Load,PlayDataViewer.vb:101,none,,Divergence,WinForms lifecycle/event/virtual-list/background-worker/mouse-hover plumbing.
PlayDataViewer.vb,PlayDataViewer,SetFocusHandlers,Sub,,PlayDataViewer.vb:311,none,,Divergence,WinForms lifecycle/event/virtual-list/background-worker/mouse-hover plumbing.
PlayDataViewer.vb,PlayDataViewer,CentreForm,Sub,,PlayDataViewer.vb:330,none,,Divergence,WinForms lifecycle/event/virtual-list/background-worker/mouse-hover plumbing.
PlayDataViewer.vb,PlayDataViewer,Control_MouseClick,Sub,,PlayDataViewer.vb:348,none,,Divergence,WinForms lifecycle/event/virtual-list/background-worker/mouse-hover plumbing.
PlayDataViewer.vb,PlayDataViewer,PlayDataViewer_FormClosing,Sub,Me.FormClosing,PlayDataViewer.vb:356,none,,Divergence,WinForms lifecycle/event/virtual-list/background-worker/mouse-hover plumbing.
PlayDataViewer.vb,PlayDataViewer,BtReport_Click,Sub,BtReport.Click,PlayDataViewer.vb:369,none,,Ported,"port view/domain layer (details/contents/status/paste/recent/profile views, hak-patch, play-data viewer, find-files, conflicts, workshop, publish)."
PlayDataViewer.vb,PlayDataViewer,ReportText,Function,,PlayDataViewer.vb:408,none,,Ported,"port view/domain layer (details/contents/status/paste/recent/profile views, hak-patch, play-data viewer, find-files, conflicts, workshop, publish)."
PlayDataViewer.vb,PlayDataViewer,BtPending_Click,Sub,BtPending.Click,PlayDataViewer.vb:513,none,,Ported,"port view/domain layer (details/contents/status/paste/recent/profile views, hak-patch, play-data viewer, find-files, conflicts, workshop, publish)."
PlayDataViewer.vb,PlayDataViewer,LvGameTimes_MouseDown,Sub,LvGameTimes.MouseDown,PlayDataViewer.vb:532,none,,Divergence,WinForms lifecycle/event/virtual-list/background-worker/mouse-hover plumbing.
PlayDataViewer.vb,PlayDataViewer,LvGameTimes_ItemClicked,Sub,LvGameTimes.ItemClicked,PlayDataViewer.vb:541,none,,Divergence,WinForms lifecycle/event/virtual-list/background-worker/mouse-hover plumbing.
PlayDataViewer.vb,PlayDataViewer,LvGameTimes_MouseUp,Sub,LvGameTimes.MouseUp,PlayDataViewer.vb:560,none,,Divergence,WinForms lifecycle/event/virtual-list/background-worker/mouse-hover plumbing.
PlayDataViewer.vb,PlayDataViewer,LtxHoursPerDay_TextChanged,Sub,,PlayDataViewer.vb:574,none,,Divergence,WinForms lifecycle/event/virtual-list/background-worker/mouse-hover plumbing.
PlayDataViewer.vb,PlayDataViewer,SetDayPopupTooltip,Sub,,PlayDataViewer.vb:598,none,,Divergence,WinForms lifecycle/event/virtual-list/background-worker/mouse-hover plumbing.
PlayDataViewer.vb,PlayDataViewer,LbGameTime_MouseUp,Sub,"LbGameTime.MouseUp, LbGameHdg.MouseUp",PlayDataViewer.vb:643,none,,Divergence,WinForms lifecycle/event/virtual-list/background-worker/mouse-hover plumbing.
PlayDataViewer.vb,PlayDataViewer,EditStartTime,Function,,PlayDataViewer.vb:658,none,,Ported,"port view/domain layer (details/contents/status/paste/recent/profile views, hak-patch, play-data viewer, find-files, conflicts, workshop, publish)."
PlayDataViewer.vb,PlayDataViewer,ValidateStartDate,Function,,PlayDataViewer.vb:698,none,,Ported,"port view/domain layer (details/contents/status/paste/recent/profile views, hak-patch, play-data viewer, find-files, conflicts, workshop, publish)."
PlayDataViewer.vb,PlayDataViewer,StartedTextToDate,Function,,PlayDataViewer.vb:724,none,,Ported,"port view/domain layer (details/contents/status/paste/recent/profile views, hak-patch, play-data viewer, find-files, conflicts, workshop, publish)."
PlayTimeInfo.vb,PlayTimeInfo,Completed,Property,,PlayTimeInfo.vb:25,strong,vaultkeeper/core/archive.py | vaultkeeper/core/play_time.py | vaultkeeper/game/play_data_manager.py,Ported,DocOrganiser/ModPlayViewer/WizardBuilder core report/view/save logic (subagent+orchestrator).
PlayTimeInfo.vb,PlayTimeInfo,PlayTime,Property,,PlayTimeInfo.vb:30,strong,vaultkeeper/core/play_time.py | vaultkeeper/game/play_data_manager.py | vaultkeeper/ui/controller.py,Ported,DocOrganiser/ModPlayViewer/WizardBuilder core report/view/save logic (subagent+orchestrator).
PlayTimeInfo.vb,PlayTimeInfo,PlayTimeSpan,Property,,PlayTimeInfo.vb:36,strong,vaultkeeper/core/play_time.py | vaultkeeper/game/play_data_manager.py,AUTO-PORTED,
PlayTimeInfo.vb,PlayTimeInfo,UserName,Property,,PlayTimeInfo.vb:41,strong,vaultkeeper/core/play_time.py | vaultkeeper/game/play_data_manager.py | vaultkeeper/ui/controller.py,Deferred,BackupManager + NetworkManager shared-store/sync + SlideShow + find-rename + original-restorers + prefix editor + legacy migrate.
PlayTimeInfo.vb,PlayTimeInfo,New,Sub,,PlayTimeInfo.vb:46,strong,vaultkeeper/core/hak_patch.py | vaultkeeper/core/mapper.py | vaultkeeper/core/name_edit.py,N/A,framework/designer-generated
PlayTimeInfo.vb,PlayTimeInfo,New,Sub,,PlayTimeInfo.vb:56,strong,vaultkeeper/core/hak_patch.py | vaultkeeper/core/mapper.py | vaultkeeper/core/name_edit.py,N/A,framework/designer-generated
PlayTimeInfo.vb,PlayTimeInfo,New,Sub,,PlayTimeInfo.vb:67,strong,vaultkeeper/core/hak_patch.py | vaultkeeper/core/mapper.py | vaultkeeper/core/name_edit.py,N/A,framework/designer-generated
PlayTimeInfo.vb,PlayTimeInfo,ToString,Function,,PlayTimeInfo.vb:92,strong,vaultkeeper/ui/dialogs/help_viewer.py,N/A,framework/designer-generated
PlayTimeInfo.vb,PlayTimeInfo,Clone,Function,,PlayTimeInfo.vb:99,strong,vaultkeeper/core/change_data.py | vaultkeeper/core/file_data.py | vaultkeeper/core/mod_data.py,N/A,framework/designer-generated
PlayTimeInfo.vb,PlayTimeInfo,CompareTo,Function,,PlayTimeInfo.vb:114,strong,vaultkeeper/core/file_key.py | vaultkeeper/core/play_time.py,N/A,framework/designer-generated
PlayTimeInfo.vb,PlayTimeInfo,Equals,Function,,PlayTimeInfo.vb:127,strong,vaultkeeper/core/file_key.py | vaultkeeper/game/character.py | vaultkeeper/ui/dialogs/character_filter.py,N/A,framework/designer-generated
PlayTimeInfo.vb,PlayTimeInfo,GetHashCode,Function,,PlayTimeInfo.vb:144,strong,vaultkeeper/core/file_key.py,N/A,framework/designer-generated
PlayTimeInfo.vb,EqualityComparer,IEqualityComparer_Equals,Function,,PlayTimeInfo.vb:156,none,,GAP?,
PlayTimeInfo.vb,EqualityComparer,IEqualityComparer_GetHashCode,Function,,PlayTimeInfo.vb:161,none,,GAP?,
PortraitManager.vb,PortraitManager,LastDirection,Property,,PortraitManager.vb:126,none,,Divergence,"bounded read-only viewer port: VB filters/navigation/editors/bg-workers/Windows-shell handlers intentionally not ported (PARITY.md recurring pattern). SOME are owner-confirm candidates: ModExplorer filter subsystem, PortraitManager prev/next navigation."
PortraitManager.vb,PortraitManager,RbEnabled,Property,,PortraitManager.vb:144,none,,Divergence,"bounded read-only viewer port: VB filters/navigation/editors/bg-workers/Windows-shell handlers intentionally not ported (PARITY.md recurring pattern). SOME are owner-confirm candidates: ModExplorer filter subsystem, PortraitManager prev/next navigation."
PortraitManager.vb,PortraitManager,ExcludeEnabled,Property,,PortraitManager.vb:157,none,,Divergence,"bounded read-only viewer port: VB filters/navigation/editors/bg-workers/Windows-shell handlers intentionally not ported (PARITY.md recurring pattern). SOME are owner-confirm candidates: ModExplorer filter subsystem, PortraitManager prev/next navigation."
PortraitManager.vb,PortraitManager,MenuActivation,Property,,PortraitManager.vb:179,none,,Divergence,"bounded read-only viewer port: VB filters/navigation/editors/bg-workers/Windows-shell handlers intentionally not ported (PARITY.md recurring pattern). SOME are owner-confirm candidates: ModExplorer filter subsystem, PortraitManager prev/next navigation."
PortraitManager.vb,PortraitManager,PortraitManager_Load,Sub,Me.Load,PortraitManager.vb:189,none,,Partial,"viewer shell + core present; VB richness simplified (haiku swept, orchestrator-verified)."
PortraitManager.vb,PortraitManager,PortraitManager_Shown,Sub,Me.Shown,PortraitManager.vb:268,none,,Partial,"viewer shell + core present; VB richness simplified (haiku swept, orchestrator-verified)."
PortraitManager.vb,PortraitManager,PortraitManager_Activated,Sub,,PortraitManager.vb:298,none,,Divergence,"bounded read-only viewer port: VB filters/navigation/editors/bg-workers/Windows-shell handlers intentionally not ported (PARITY.md recurring pattern). SOME are owner-confirm candidates: ModExplorer filter subsystem, PortraitManager prev/next navigation."
PortraitManager.vb,PortraitManager,PortraitManager_Deactivate,Sub,,PortraitManager.vb:323,none,,Divergence,"bounded read-only viewer port: VB filters/navigation/editors/bg-workers/Windows-shell handlers intentionally not ported (PARITY.md recurring pattern). SOME are owner-confirm candidates: ModExplorer filter subsystem, PortraitManager prev/next navigation."
PortraitManager.vb,PortraitManager,PortraitManager_SizeChanged,Sub,,PortraitManager.vb:342,none,,Divergence,"bounded read-only viewer port: VB filters/navigation/editors/bg-workers/Windows-shell handlers intentionally not ported (PARITY.md recurring pattern). SOME are owner-confirm candidates: ModExplorer filter subsystem, PortraitManager prev/next navigation."
PortraitManager.vb,PortraitManager,PortraitManager_FormClosing,Sub,Me.FormClosing,PortraitManager.vb:375,none,,Divergence,"bounded read-only viewer port: VB filters/navigation/editors/bg-workers/Windows-shell handlers intentionally not ported (PARITY.md recurring pattern). SOME are owner-confirm candidates: ModExplorer filter subsystem, PortraitManager prev/next navigation."
PortraitManager.vb,PortraitManager,RbPrevious_Click,Sub,RbPrevious.Click,PortraitManager.vb:393,none,,Divergence,"bounded read-only viewer port: VB filters/navigation/editors/bg-workers/Windows-shell handlers intentionally not ported (PARITY.md recurring pattern). SOME are owner-confirm candidates: ModExplorer filter subsystem, PortraitManager prev/next navigation."
PortraitManager.vb,PortraitManager,RbNext_Click,Sub,RbNext.Click,PortraitManager.vb:401,none,,Divergence,"bounded read-only viewer port: VB filters/navigation/editors/bg-workers/Windows-shell handlers intentionally not ported (PARITY.md recurring pattern). SOME are owner-confirm candidates: ModExplorer filter subsystem, PortraitManager prev/next navigation."
PortraitManager.vb,PortraitManager,RbExclude_Click,Sub,RbExclude.Click,PortraitManager.vb:409,none,,Divergence,"bounded read-only viewer port: VB filters/navigation/editors/bg-workers/Windows-shell handlers intentionally not ported (PARITY.md recurring pattern). SOME are owner-confirm candidates: ModExplorer filter subsystem, PortraitManager prev/next navigation."
PortraitManager.vb,PortraitManager,RbApplyExcludes_Click,Sub,RbApplyExcludes.Click,PortraitManager.vb:435,none,,Divergence,"bounded read-only viewer port: VB filters/navigation/editors/bg-workers/Windows-shell handlers intentionally not ported (PARITY.md recurring pattern). SOME are owner-confirm candidates: ModExplorer filter subsystem, PortraitManager prev/next navigation."
PortraitManager.vb,PortraitManager,RbEditPortrait_Click,Sub,RbEditPortrait.Click,PortraitManager.vb:492,none,,Divergence,"bounded read-only viewer port: VB filters/navigation/editors/bg-workers/Windows-shell handlers intentionally not ported (PARITY.md recurring pattern). SOME are owner-confirm candidates: ModExplorer filter subsystem, PortraitManager prev/next navigation."
PortraitManager.vb,PortraitManager,RbCreateInstaller_Click,Sub,RbCreateInstaller.Click,PortraitManager.vb:516,none,,Divergence,"bounded read-only viewer port: VB filters/navigation/editors/bg-workers/Windows-shell handlers intentionally not ported (PARITY.md recurring pattern). SOME are owner-confirm candidates: ModExplorer filter subsystem, PortraitManager prev/next navigation."
PortraitManager.vb,PortraitManager,RbSelect_Click,Sub,RbSelect.Click,PortraitManager.vb:538,none,,Divergence,"bounded read-only viewer port: VB filters/navigation/editors/bg-workers/Windows-shell handlers intentionally not ported (PARITY.md recurring pattern). SOME are owner-confirm candidates: ModExplorer filter subsystem, PortraitManager prev/next navigation."
PortraitManager.vb,PortraitManager,TsbSearch_ItemSelected,Sub,TsbSearch.ItemSelected,PortraitManager.vb:562,none,,Divergence,"bounded read-only viewer port: VB filters/navigation/editors/bg-workers/Windows-shell handlers intentionally not ported (PARITY.md recurring pattern). SOME are owner-confirm candidates: ModExplorer filter subsystem, PortraitManager prev/next navigation."
PortraitManager.vb,PortraitManager,RbLink_Click,Sub,RbLink.Click,PortraitManager.vb:589,none,,Divergence,"bounded read-only viewer port: VB filters/navigation/editors/bg-workers/Windows-shell handlers intentionally not ported (PARITY.md recurring pattern). SOME are owner-confirm candidates: ModExplorer filter subsystem, PortraitManager prev/next navigation."
PortraitManager.vb,PortraitManager,RbPortraitManagerHelp_Click,Sub,RbPortraitManagerHelp.Click,PortraitManager.vb:601,none,,Ported,grep-verified in port (portrait scan / help button).
PortraitManager.vb,PortraitManager,TsOverride_Click,Sub,TsOverride.Click,PortraitManager.vb:609,none,,Divergence,"bounded read-only viewer port: VB filters/navigation/editors/bg-workers/Windows-shell handlers intentionally not ported (PARITY.md recurring pattern). SOME are owner-confirm candidates: ModExplorer filter subsystem, PortraitManager prev/next navigation."
PortraitManager.vb,PortraitManager,TsOverride_CheckedChanged,Sub,TsOverride.CheckedChanged,PortraitManager.vb:621,none,,Divergence,"bounded read-only viewer port: VB filters/navigation/editors/bg-workers/Windows-shell handlers intentionally not ported (PARITY.md recurring pattern). SOME are owner-confirm candidates: ModExplorer filter subsystem, PortraitManager prev/next navigation."
PortraitManager.vb,PortraitManager,TsAlwaysSelectNext_Click,Sub,TsAlwaysSelectNext.Click,PortraitManager.vb:637,none,,Divergence,"bounded read-only viewer port: VB filters/navigation/editors/bg-workers/Windows-shell handlers intentionally not ported (PARITY.md recurring pattern). SOME are owner-confirm candidates: ModExplorer filter subsystem, PortraitManager prev/next navigation."
PortraitManager.vb,PortraitManager,TsInvalidPortraitSizes_Click,Sub,TsInvalidPortraitSizes.Click,PortraitManager.vb:648,none,,Divergence,"bounded read-only viewer port: VB filters/navigation/editors/bg-workers/Windows-shell handlers intentionally not ported (PARITY.md recurring pattern). SOME are owner-confirm candidates: ModExplorer filter subsystem, PortraitManager prev/next navigation."
PortraitManager.vb,PortraitManager,BgProcessList,Sub,,PortraitManager.vb:684,none,,Divergence,"bounded read-only viewer port: VB filters/navigation/editors/bg-workers/Windows-shell handlers intentionally not ported (PARITY.md recurring pattern). SOME are owner-confirm candidates: ModExplorer filter subsystem, PortraitManager prev/next navigation."
PortraitManager.vb,PortraitManager,BgProcessPortraitFile,Sub,,PortraitManager.vb:707,none,,Divergence,"bounded read-only viewer port: VB filters/navigation/editors/bg-workers/Windows-shell handlers intentionally not ported (PARITY.md recurring pattern). SOME are owner-confirm candidates: ModExplorer filter subsystem, PortraitManager prev/next navigation."
PortraitManager.vb,PortraitManager,TsClose_Click,Sub,TsClose.Click,PortraitManager.vb:718,none,,Divergence,"bounded read-only viewer port: VB filters/navigation/editors/bg-workers/Windows-shell handlers intentionally not ported (PARITY.md recurring pattern). SOME are owner-confirm candidates: ModExplorer filter subsystem, PortraitManager prev/next navigation."
PortraitManager.vb,PortraitManager,LvPortraits_MouseEnter,Sub,LvPortraits.MouseEnter,PortraitManager.vb:739,none,,Divergence,"bounded read-only viewer port: VB filters/navigation/editors/bg-workers/Windows-shell handlers intentionally not ported (PARITY.md recurring pattern). SOME are owner-confirm candidates: ModExplorer filter subsystem, PortraitManager prev/next navigation."
PortraitManager.vb,PortraitManager,LvPortraits_KeyPress,Sub,LvPortraits.KeyPress,PortraitManager.vb:754,none,,Divergence,"bounded read-only viewer port: VB filters/navigation/editors/bg-workers/Windows-shell handlers intentionally not ported (PARITY.md recurring pattern). SOME are owner-confirm candidates: ModExplorer filter subsystem, PortraitManager prev/next navigation."
PortraitManager.vb,PortraitManager,LvPortraits_RetrieveVirtualItem,Sub,LvPortraits.RetrieveVirtualItem,PortraitManager.vb:769,none,,Divergence,"bounded read-only viewer port: VB filters/navigation/editors/bg-workers/Windows-shell handlers intentionally not ported (PARITY.md recurring pattern). SOME are owner-confirm candidates: ModExplorer filter subsystem, PortraitManager prev/next navigation."
PortraitManager.vb,PortraitManager,LvPortraits_SelectedIndexChanged,Sub,LvPortraits.SelectedIndexChanged,PortraitManager.vb:809,none,,Partial,"viewer shell + core present; VB richness simplified (haiku swept, orchestrator-verified)."
PortraitManager.vb,PortraitManager,LvPortraits_ItemClicked,Sub,LvPortraits.ItemClicked,PortraitManager.vb:872,none,,Divergence,"bounded read-only viewer port: VB filters/navigation/editors/bg-workers/Windows-shell handlers intentionally not ported (PARITY.md recurring pattern). SOME are owner-confirm candidates: ModExplorer filter subsystem, PortraitManager prev/next navigation."
PortraitManager.vb,PortraitManager,LvPortraits_MouseDoubleClick,Sub,LvPortraits.MouseDoubleClick,PortraitManager.vb:884,none,,Divergence,"bounded read-only viewer port: VB filters/navigation/editors/bg-workers/Windows-shell handlers intentionally not ported (PARITY.md recurring pattern). SOME are owner-confirm candidates: ModExplorer filter subsystem, PortraitManager prev/next navigation."
PortraitManager.vb,PortraitManager,LvPortraits_MouseLeave,Sub,LvPortraits.MouseLeave,PortraitManager.vb:896,none,,Divergence,"bounded read-only viewer port: VB filters/navigation/editors/bg-workers/Windows-shell handlers intentionally not ported (PARITY.md recurring pattern). SOME are owner-confirm candidates: ModExplorer filter subsystem, PortraitManager prev/next navigation."
PortraitManager.vb,PortraitManager,LvPortraits_KeyUp,Sub,LvPortraits.KeyUp,PortraitManager.vb:910,none,,Divergence,"bounded read-only viewer port: VB filters/navigation/editors/bg-workers/Windows-shell handlers intentionally not ported (PARITY.md recurring pattern). SOME are owner-confirm candidates: ModExplorer filter subsystem, PortraitManager prev/next navigation."
PortraitManager.vb,PortraitManager,LpImages_MouseMove,Sub,LpImages.MouseMove,PortraitManager.vb:927,none,,Divergence,"bounded read-only viewer port: VB filters/navigation/editors/bg-workers/Windows-shell handlers intentionally not ported (PARITY.md recurring pattern). SOME are owner-confirm candidates: ModExplorer filter subsystem, PortraitManager prev/next navigation."
PortraitManager.vb,PortraitManager,Pic_MouseMove,Sub,"PicHuge.MouseMove, PicLarge.MouseMove, PicMedium.MouseMove,",PortraitManager.vb:975,none,,Divergence,"bounded read-only viewer port: VB filters/navigation/editors/bg-workers/Windows-shell handlers intentionally not ported (PARITY.md recurring pattern). SOME are owner-confirm candidates: ModExplorer filter subsystem, PortraitManager prev/next navigation."
PortraitManager.vb,PortraitManager,LpImages_Click,Sub,"LpImages.Click,",PortraitManager.vb:987,none,,Partial,"viewer shell + core present; VB richness simplified (haiku swept, orchestrator-verified)."
PortraitManager.vb,PortraitManager,InitialiseMenuToolTips,Sub,,PortraitManager.vb:1009,none,,Divergence,"bounded read-only viewer port: VB filters/navigation/editors/bg-workers/Windows-shell handlers intentionally not ported (PARITY.md recurring pattern). SOME are owner-confirm candidates: ModExplorer filter subsystem, PortraitManager prev/next navigation."
PortraitManager.vb,PortraitManager,PopulatePortraits,Sub,,PortraitManager.vb:1028,none,,Partial,"viewer shell + core present; VB richness simplified (haiku swept, orchestrator-verified)."
PortraitManager.vb,PortraitManager,GetNextPortrait,Function,,PortraitManager.vb:1179,none,,Divergence,"bounded read-only viewer port: VB filters/navigation/editors/bg-workers/Windows-shell handlers intentionally not ported (PARITY.md recurring pattern). SOME are owner-confirm candidates: ModExplorer filter subsystem, PortraitManager prev/next navigation."
PortraitManager.vb,PortraitManager,IsPortraitFile,Function,,PortraitManager.vb:1198,none,,Ported,grep-verified in port (portrait scan / help button).
PortraitManager.vb,PortraitManager,SetTitleText,Sub,,PortraitManager.vb:1217,none,,Partial,"viewer shell + core present; VB richness simplified (haiku swept, orchestrator-verified)."
PortraitManager.vb,PortraitManager,MoveSelection,Sub,,PortraitManager.vb:1225,none,,Divergence,"bounded read-only viewer port: VB filters/navigation/editors/bg-workers/Windows-shell handlers intentionally not ported (PARITY.md recurring pattern). SOME are owner-confirm candidates: ModExplorer filter subsystem, PortraitManager prev/next navigation."
PortraitManager.vb,PortraitManager,PopulateWizard,Sub,,PortraitManager.vb:1249,none,,Divergence,"bounded read-only viewer port: VB filters/navigation/editors/bg-workers/Windows-shell handlers intentionally not ported (PARITY.md recurring pattern). SOME are owner-confirm candidates: ModExplorer filter subsystem, PortraitManager prev/next navigation."
PortraitManager.vb,PortraitManager,ExcludePortrait,Sub,,PortraitManager.vb:1301,none,,Divergence,"bounded read-only viewer port: VB filters/navigation/editors/bg-workers/Windows-shell handlers intentionally not ported (PARITY.md recurring pattern). SOME are owner-confirm candidates: ModExplorer filter subsystem, PortraitManager prev/next navigation."
PortraitManager.vb,PortraitManager,GetBaseName,Function,,PortraitManager.vb:1319,none,,Partial,"viewer shell + core present; VB richness simplified (haiku swept, orchestrator-verified)."
PortraitManager.vb,PortraitManager,GetInstalledFileData,Function,,PortraitManager.vb:1328,none,,Ported,grep-verified in port (portrait scan / help button).
PortraitManager.vb,PortraitManager,ProcessCmdKey,Function,,PortraitManager.vb:1340,none,,Divergence,"bounded read-only viewer port: VB filters/navigation/editors/bg-workers/Windows-shell handlers intentionally not ported (PARITY.md recurring pattern). SOME are owner-confirm candidates: ModExplorer filter subsystem, PortraitManager prev/next navigation."
PortraitManager.vb,PortraitManager,WndProc,Sub,,PortraitManager.vb:1369,none,,Divergence,"bounded read-only viewer port: VB filters/navigation/editors/bg-workers/Windows-shell handlers intentionally not ported (PARITY.md recurring pattern). SOME are owner-confirm candidates: ModExplorer filter subsystem, PortraitManager prev/next navigation."
ProfileData.Config.vb,ProfileData,OrangeRed,Property,,ProfileData.Config.vb:37,none,,GAP?,
ProfileData.Config.vb,ProfileData,Green,Property,,ProfileData.Config.vb:47,strong,vaultkeeper/ui/file_view.py,AUTO-PORTED,
ProfileData.Config.vb,ProfileData,DodgerBlue,Property,,ProfileData.Config.vb:57,none,,GAP?,
ProfileData.Config.vb,TextInfo,ModText,Property,,ProfileData.Config.vb:181,strong,vaultkeeper/ui/controller.py,AUTO-PORTED,
ProfileData.Config.vb,TextInfo,FileText,Property,,ProfileData.Config.vb:186,none,,GAP?,
ProfileData.Config.vb,TextInfo,Colour,Property,,ProfileData.Config.vb:191,strong,vaultkeeper/config/settings.py | vaultkeeper/core/rtf.py | vaultkeeper/ui/controller.py,AUTO-PORTED,
ProfileData.Config.vb,TextInfo,New,Sub,,ProfileData.Config.vb:198,strong,vaultkeeper/core/hak_patch.py | vaultkeeper/core/mapper.py | vaultkeeper/core/name_edit.py,N/A,framework/designer-generated
ProfileData.Config.vb,TextInfo,New,Sub,,ProfileData.Config.vb:211,strong,vaultkeeper/core/hak_patch.py | vaultkeeper/core/mapper.py | vaultkeeper/core/name_edit.py,N/A,framework/designer-generated
ProfileData.Diag.vb,ProfileData,Report,Sub,,ProfileData.Diag.vb:28,strong,vaultkeeper/core/change_data.py | vaultkeeper/game/documentation.py | vaultkeeper/game/install_verify.py,Divergence,WinForms lifecycle/event/virtual-list/background-worker/mouse-hover plumbing.
ProfileData.Diag.vb,ProfileData,Report,Sub,,ProfileData.Diag.vb:42,strong,vaultkeeper/core/change_data.py | vaultkeeper/game/documentation.py | vaultkeeper/game/install_verify.py,Divergence,WinForms lifecycle/event/virtual-list/background-worker/mouse-hover plumbing.
ProfileData.Diag.vb,ProfileData,Report,Sub,,ProfileData.Diag.vb:56,strong,vaultkeeper/core/change_data.py | vaultkeeper/game/documentation.py | vaultkeeper/game/install_verify.py,Divergence,WinForms lifecycle/event/virtual-list/background-worker/mouse-hover plumbing.
ProfileData.Diag.vb,ProfileData,Report,Sub,,ProfileData.Diag.vb:71,strong,vaultkeeper/core/change_data.py | vaultkeeper/game/documentation.py | vaultkeeper/game/install_verify.py,Divergence,WinForms lifecycle/event/virtual-list/background-worker/mouse-hover plumbing.
ProfileData.Diag.vb,ProfileData,ReportFileKey,Sub,,ProfileData.Diag.vb:108,none,,Divergence,debug diagnostic reports (debug-menu-only) + Windows taskbar progress + bounded RTF-recolour theme engine (port uses a single palette).
ProfileData.Diag.vb,ProfileData,OriginalDataReport,Sub,,ProfileData.Diag.vb:161,none,,Divergence,debug diagnostic reports (debug-menu-only) + Windows taskbar progress + bounded RTF-recolour theme engine (port uses a single palette).
ProfileData.Diag.vb,ProfileData,Matched,Function,,ProfileData.Diag.vb:180,strong,vaultkeeper/game/documentation.py | vaultkeeper/ui/controller.py | vaultkeeper/ui/dialogs/doc_organiser.py,AUTO-PORTED,
ProfileData.Diag.vb,ProfileData,InstallDataReport,Sub,,ProfileData.Diag.vb:198,none,,Divergence,debug diagnostic reports (debug-menu-only) + Windows taskbar progress + bounded RTF-recolour theme engine (port uses a single palette).
ProfileData.Diag.vb,ProfileData,InstallDataReportItem,Sub,,ProfileData.Diag.vb:239,none,,Divergence,debug diagnostic reports (debug-menu-only) + Windows taskbar progress + bounded RTF-recolour theme engine (port uses a single palette).
ProfileData.Diag.vb,ProfileData,ModDataReport,Sub,,ProfileData.Diag.vb:269,none,,Divergence,debug diagnostic reports (debug-menu-only) + Windows taskbar progress + bounded RTF-recolour theme engine (port uses a single palette).
ProfileData.Diag.vb,ProfileData,ModDataReportItem,Sub,,ProfileData.Diag.vb:308,none,,Divergence,debug diagnostic reports (debug-menu-only) + Windows taskbar progress + bounded RTF-recolour theme engine (port uses a single palette).
ProfileData.Diag.vb,ProfileData,FileDataReport,Sub,,ProfileData.Diag.vb:375,none,,Divergence,debug diagnostic reports (debug-menu-only) + Windows taskbar progress + bounded RTF-recolour theme engine (port uses a single palette).
ProfileData.Diag.vb,ProfileData,FileDataReportItem,Sub,,ProfileData.Diag.vb:416,none,,Divergence,debug diagnostic reports (debug-menu-only) + Windows taskbar progress + bounded RTF-recolour theme engine (port uses a single palette).
ProfileData.Diag.vb,ProfileData,FileKeyInfoReport,Sub,,ProfileData.Diag.vb:424,none,,Divergence,debug diagnostic reports (debug-menu-only) + Windows taskbar progress + bounded RTF-recolour theme engine (port uses a single palette).
ProfileData.Diag.vb,ProfileData,FileDataReport,Sub,,ProfileData.Diag.vb:431,none,,Divergence,debug diagnostic reports (debug-menu-only) + Windows taskbar progress + bounded RTF-recolour theme engine (port uses a single palette).
ProfileData.Properties.vb,ProfileData,ProfileMods,Property,,ProfileData.Properties.vb:20,strong,vaultkeeper/game/documentation.py | vaultkeeper/verify_install.py,Divergence,WinForms lifecycle/event/virtual-list/background-worker/mouse-hover plumbing.
ProfileData.Properties.vb,ProfileData,ProfileData,Property,,ProfileData.Properties.vb:26,strong,vaultkeeper/core/constants.py | vaultkeeper/core/file_data.py | vaultkeeper/core/group_member.py,Divergence,WinForms lifecycle/event/virtual-list/background-worker/mouse-hover plumbing.
ProfileData.Properties.vb,ProfileData,ProfileName,Property,,ProfileData.Properties.vb:31,strong,vaultkeeper/app_paths.py | vaultkeeper/game/recovery.py | vaultkeeper/persistence/nrbf/migrate.py,Divergence,WinForms lifecycle/event/virtual-list/background-worker/mouse-hover plumbing.
ProfileData.Properties.vb,ProfileData,InstalledItem,Property,,ProfileData.Properties.vb:119,strong,vaultkeeper/core/hak_patch.py | vaultkeeper/core/install_manager.py | vaultkeeper/core/profile_data.py,Divergence,WinForms lifecycle/event/virtual-list/background-worker/mouse-hover plumbing.
ProfileData.Properties.vb,ProfileData,ModItem,Property,,ProfileData.Properties.vb:135,strong,vaultkeeper/core/install_manager.py | vaultkeeper/core/profile_data.py | vaultkeeper/game/game_mapper.py,Divergence,WinForms lifecycle/event/virtual-list/background-worker/mouse-hover plumbing.
ProfileData.Properties.vb,ProfileData,ModExists,Property,,ProfileData.Properties.vb:150,strong,vaultkeeper/core/profile_data.py | vaultkeeper/game/game_mapper.py | vaultkeeper/game/play_data_manager.py,Divergence,WinForms lifecycle/event/virtual-list/background-worker/mouse-hover plumbing.
ProfileData.Properties.vb,ProfileData,FileItem,Property,,ProfileData.Properties.vb:164,strong,vaultkeeper/core/install_manager.py | vaultkeeper/core/profile_data.py,Divergence,WinForms lifecycle/event/virtual-list/background-worker/mouse-hover plumbing.
ProfileData.Properties.vb,ProfileData,FileDataItem,Property,,ProfileData.Properties.vb:180,none,,Ported,"port view/domain layer (details/contents/status/paste/recent/profile views, hak-patch, play-data viewer, find-files, conflicts, workshop, publish)."
ProfileData.Properties.vb,ProfileData,ModsInstalledCount,Property,,ProfileData.Properties.vb:196,none,,Ported,"port view/domain layer (details/contents/status/paste/recent/profile views, hak-patch, play-data viewer, find-files, conflicts, workshop, publish)."
ProfileData.Properties.vb,ProfileData,ModCount,Property,,ProfileData.Properties.vb:210,comment,vaultkeeper/ui/main_window.py | vaultkeeper/ui/status_bar.py,Ported,DocOrganiser/ModPlayViewer/WizardBuilder core report/view/save logic (subagent+orchestrator).
ProfileData.Properties.vb,ProfileData,ModKeys,Property,,ProfileData.Properties.vb:224,strong,vaultkeeper/core/profile_data.py | vaultkeeper/ui/controller.py,Divergence,WinForms lifecycle/event/virtual-list/background-worker/mouse-hover plumbing.
ProfileData.Properties.vb,ProfileData,SortedModKeys,Property,,ProfileData.Properties.vb:239,strong,vaultkeeper/core/profile_data.py | vaultkeeper/ui/controller.py,Divergence,WinForms lifecycle/event/virtual-list/background-worker/mouse-hover plumbing.
ProfileData.Properties.vb,ProfileData,UnknownSourceFiles,Property,,ProfileData.Properties.vb:256,strong,vaultkeeper/core/profile_data.py | vaultkeeper/ui/controller.py,Divergence,WinForms lifecycle/event/virtual-list/background-worker/mouse-hover plumbing.
ProfileData.Properties.vb,ProfileData,UnknownCharacterFiles,Property,,ProfileData.Properties.vb:270,none,,Deferred,BackupManager + NetworkManager shared-store/sync + SlideShow + find-rename + original-restorers + prefix editor + legacy migrate.
ProfileData.Properties.vb,ProfileData,OriginalFileKeys,Property,,ProfileData.Properties.vb:284,strong,vaultkeeper/core/profile_data.py | vaultkeeper/ui/controller.py,Divergence,WinForms lifecycle/event/virtual-list/background-worker/mouse-hover plumbing.
ProfileData.Properties.vb,ProfileData,OriginalSourceFiles,Property,,ProfileData.Properties.vb:296,none,,Deferred,BackupManager + NetworkManager shared-store/sync + SlideShow + find-rename + original-restorers + prefix editor + legacy migrate.
ProfileData.Properties.vb,ProfileData,OriginalSourceFile,Function,,ProfileData.Properties.vb:309,none,,Deferred,BackupManager + NetworkManager shared-store/sync + SlideShow + find-rename + original-restorers + prefix editor + legacy migrate.
ProfileData.Properties.vb,ProfileData,OriginalEeSourceFiles,Property,,ProfileData.Properties.vb:331,none,,Deferred,BackupManager + NetworkManager shared-store/sync + SlideShow + find-rename + original-restorers + prefix editor + legacy migrate.
ProfileData.Properties.vb,ProfileData,GroupKeys,Property,,ProfileData.Properties.vb:344,strong,vaultkeeper/core/profile_data.py | vaultkeeper/ui/controller.py,Divergence,WinForms lifecycle/event/virtual-list/background-worker/mouse-hover plumbing.
ProfileData.Properties.vb,ProfileData,GroupSelectList,Property,,ProfileData.Properties.vb:365,none,,Ported,"port view/domain layer (details/contents/status/paste/recent/profile views, hak-patch, play-data viewer, find-files, conflicts, workshop, publish)."
ProfileData.Properties.vb,ProfileData,ValidInstalledFilenames,Property,,ProfileData.Properties.vb:392,none,,Ported,"port view/domain layer (details/contents/status/paste/recent/profile views, hak-patch, play-data viewer, find-files, conflicts, workshop, publish)."
ProfileData.Properties.vb,ProfileData,ValidInstalledExtensions,Property,,ProfileData.Properties.vb:406,none,,Ported,"port view/domain layer (details/contents/status/paste/recent/profile views, hak-patch, play-data viewer, find-files, conflicts, workshop, publish)."
ProfileData.Properties.vb,ProfileData,CreateModsPerformed,Property,,ProfileData.Properties.vb:429,none,,Ported,"port view/domain layer (details/contents/status/paste/recent/profile views, hak-patch, play-data viewer, find-files, conflicts, workshop, publish)."
ProfileData.Properties.vb,ProfileData,ProfileInfo,Property,,ProfileData.Properties.vb:437,strong,vaultkeeper/config/settings.py | vaultkeeper/ui/controller.py,Divergence,WinForms lifecycle/event/virtual-list/background-worker/mouse-hover plumbing.
ProfileData.Properties.vb,ProfileData,GroupCount,Property,,ProfileData.Properties.vb:445,none,,Ported,"port view/domain layer (details/contents/status/paste/recent/profile views, hak-patch, play-data viewer, find-files, conflicts, workshop, publish)."
ProfileData.Properties.vb,ProfileData,IsReservedGroup,Property,,ProfileData.Properties.vb:458,none,,Ported,"port view/domain layer (details/contents/status/paste/recent/profile views, hak-patch, play-data viewer, find-files, conflicts, workshop, publish)."
ProfileData.Properties.vb,ProfileData,IsNotReservedGroup,Property,,ProfileData.Properties.vb:471,none,,Ported,"port view/domain layer (details/contents/status/paste/recent/profile views, hak-patch, play-data viewer, find-files, conflicts, workshop, publish)."
ProfileData.Properties.vb,ProfileData,IsLoaded,Property,,ProfileData.Properties.vb:483,strong,vaultkeeper/game/play_data_manager.py,Divergence,WinForms lifecycle/event/virtual-list/background-worker/mouse-hover plumbing.
ProfileData.Properties.vb,ProfileData,IsNotLoaded,Property,,ProfileData.Properties.vb:495,none,,Ported,"port view/domain layer (details/contents/status/paste/recent/profile views, hak-patch, play-data viewer, find-files, conflicts, workshop, publish)."
ProfileData.Properties.vb,ProfileData,DataFilesExist,Property,,ProfileData.Properties.vb:515,none,,Ported,"port view/domain layer (details/contents/status/paste/recent/profile views, hak-patch, play-data viewer, find-files, conflicts, workshop, publish)."
ProfileData.Properties.vb,ProfileData,DataFiles,Property,,ProfileData.Properties.vb:532,strong,vaultkeeper/game/recovery.py,Divergence,WinForms lifecycle/event/virtual-list/background-worker/mouse-hover plumbing.
ProfileData.Properties.vb,ProfileData,TotalCrcDuration,Property,,ProfileData.Properties.vb:541,none,,Divergence,WinForms lifecycle/event/virtual-list/background-worker/mouse-hover plumbing.
ProfileData.Properties.vb,ProfileData,CalculateOriginalCrcs,Property,,ProfileData.Properties.vb:549,none,,Deferred,BackupManager + NetworkManager shared-store/sync + SlideShow + find-rename + original-restorers + prefix editor + legacy migrate.
ProfileData.Properties.vb,ProfileData,GroupsInitialised,Property,,ProfileData.Properties.vb:569,none,,Ported,"port view/domain layer (details/contents/status/paste/recent/profile views, hak-patch, play-data viewer, find-files, conflicts, workshop, publish)."
ProfileData.vb,ProfileData,New,Sub,,ProfileData.vb:32,strong,vaultkeeper/core/hak_patch.py | vaultkeeper/core/mapper.py | vaultkeeper/core/name_edit.py,N/A,framework/designer-generated
ProfileData.vb,ProfileData,Load,Function,,ProfileData.vb:71,strong,vaultkeeper/config/settings.py | vaultkeeper/core/formats/tga_reader.py | vaultkeeper/core/hak_patch.py,AUTO-PORTED,
ProfileData.vb,ProfileData,LoadWorkshopContent,Function,,ProfileData.vb:168,none,,Divergence,"VB ListView/settings-format plumbing, native-JSON persistence (vs NRBF tables), UI-state files, Windows-specific."
ProfileData.vb,ProfileData,LoadData,Function,,ProfileData.vb:181,none,,Divergence,"VB ListView/settings-format plumbing, native-JSON persistence (vs NRBF tables), UI-state files, Windows-specific."
ProfileData.vb,ProfileData,GetLatestDataFile,Function,,ProfileData.vb:320,strong,vaultkeeper/persistence/nrbf/migrate.py,AUTO-PORTED,
ProfileData.vb,ProfileData,CreateRepairList,Function,,ProfileData.vb:350,none,,GAP?,
ProfileData.vb,ProfileData,Save,Sub,,ProfileData.vb:371,strong,vaultkeeper/config/settings.py | vaultkeeper/core/change_data.py | vaultkeeper/core/install_manager.py,AUTO-PORTED,
ProfileData.vb,ProfileData,SaveOriginalFiles,Sub,,ProfileData.vb:385,none,,Divergence,"VB ListView/settings-format plumbing, native-JSON persistence (vs NRBF tables), UI-state files, Windows-specific."
ProfileData.vb,ProfileData,SaveInstalled,Sub,,ProfileData.vb:397,none,,Divergence,"VB ListView/settings-format plumbing, native-JSON persistence (vs NRBF tables), UI-state files, Windows-specific."
ProfileData.vb,ProfileData,SaveMods,Sub,,ProfileData.vb:409,strong,vaultkeeper/game/play_data_manager.py,AUTO-PORTED,
ProfileData.vb,ProfileData,SaveFiles,Sub,,ProfileData.vb:421,none,,Divergence,"VB ListView/settings-format plumbing, native-JSON persistence (vs NRBF tables), UI-state files, Windows-specific."
ProfileData.vb,ProfileData,SaveStatus,Sub,,ProfileData.vb:433,none,,Divergence,"VB ListView/settings-format plumbing, native-JSON persistence (vs NRBF tables), UI-state files, Windows-specific."
ProfileData.vb,ProfileData,SavePlayData,Sub,,ProfileData.vb:446,none,,GAP?,
ProfileData.vb,ProfileData,SaveInstallationSets,Sub,,ProfileData.vb:457,none,,Divergence,"VB ListView/settings-format plumbing, native-JSON persistence (vs NRBF tables), UI-state files, Windows-specific."
ProfileData.vb,ProfileData,SaveWorkshopContent,Sub,,ProfileData.vb:468,strong,vaultkeeper/ui/controller.py,AUTO-PORTED,
ProfileData.vb,ProfileData,SaveData,Sub,,ProfileData.vb:480,strong,vaultkeeper/game/play_data_manager.py,AUTO-PORTED,
ProfileData.vb,ProfileData,CalculateAllChecksums,Sub,,ProfileData.vb:519,none,,Ported,confirmed in port core (grep): mapping/reserved/editions/checksums/mutators.
ProfileData.vb,ProfileData,CalculateChecksums,Sub,,ProfileData.vb:549,strong,vaultkeeper/core/profile_data.py | vaultkeeper/ui/controller.py,Divergence,WinForms lifecycle/event/virtual-list/background-worker/mouse-hover plumbing.
ProfileData.vb,ProfileData,RepairChecksums,Function,,ProfileData.vb:605,none,,Ported,confirmed in port core (grep): mapping/reserved/editions/checksums/mutators.
ProfileData.vb,ProfileData,RepairChecksums,Function,,ProfileData.vb:637,none,,Ported,confirmed in port core (grep): mapping/reserved/editions/checksums/mutators.
ProfileData.vb,ProfileData,RepairOriginalChecksums,Function,,ProfileData.vb:672,none,,Ported,confirmed in port core (grep): mapping/reserved/editions/checksums/mutators.
ProfileData.vb,ProfileData,CreateInstalledList,Function,,ProfileData.vb:696,strong,vaultkeeper/core/profile_data.py,AUTO-PORTED,
ProfileData.vb,ProfileData,AddInstalledFiles,Function,,ProfileData.vb:711,comment,vaultkeeper/core/profile_data.py,AUTO-PORTED,matched in comment/docstring
ProfileData.vb,ProfileData,AddInstalledFilesThread,Sub,,ProfileData.vb:731,strong,vaultkeeper/core/profile_data.py,AUTO-PORTED,
ProfileData.vb,ProfileData,UpdateDatabaseFile,Function,,ProfileData.vb:795,none,,Divergence,"VB ListView/settings-format plumbing, native-JSON persistence (vs NRBF tables), UI-state files, Windows-specific."
ProfileData.vb,ProfileData,AddInstalledFile,Sub,,ProfileData.vb:817,strong,vaultkeeper/core/install_manager.py | vaultkeeper/core/profile_data.py,AUTO-PORTED,
ProfileData.vb,ProfileData,CreateModList,Function,,ProfileData.vb:852,strong,vaultkeeper/core/profile_data.py,AUTO-PORTED,
ProfileData.vb,ProfileData,CreateModListThread,Sub,,ProfileData.vb:911,strong,vaultkeeper/core/profile_data.py,AUTO-PORTED,
ProfileData.vb,ProfileData,AddMod,Function,,ProfileData.vb:928,strong,vaultkeeper/core/profile_data.py | vaultkeeper/persistence/nrbf/migrate.py | vaultkeeper/persistence/profile_store.py,AUTO-PORTED,
ProfileData.vb,ProfileData,CreateFiles,Function,,ProfileData.vb:956,strong,vaultkeeper/core/profile_data.py,AUTO-PORTED,
ProfileData.vb,ProfileData,AddFiles,Sub,,ProfileData.vb:981,strong,vaultkeeper/core/profile_data.py,AUTO-PORTED,
ProfileData.vb,ProfileData,AddFilesThread,Sub,,ProfileData.vb:1002,strong,vaultkeeper/core/profile_data.py,AUTO-PORTED,
ProfileData.vb,ProfileData,InitialiseGroups,Sub,,ProfileData.vb:1027,strong,vaultkeeper/core/profile_data.py | vaultkeeper/persistence/profile_store.py | vaultkeeper/ui/controller.py,AUTO-PORTED,
ProfileData.vb,ProfileData,GetGroupInfo,Function,,ProfileData.vb:1046,strong,vaultkeeper/game/recovery.py,AUTO-PORTED,
ProfileData.vb,ProfileData,AddGroups,Function,,ProfileData.vb:1082,strong,vaultkeeper/core/profile_data.py | vaultkeeper/ui/controller.py,AUTO-PORTED,
ProfileData.vb,ProfileData,UpdateModStates,Sub,,ProfileData.vb:1110,strong,vaultkeeper/core/install_manager.py | vaultkeeper/core/profile_data.py | vaultkeeper/ui/controller.py,AUTO-PORTED,
ProfileData.vb,ProfileData,UpdateFileStates,Sub,,ProfileData.vb:1128,strong,vaultkeeper/core/install_manager.py | vaultkeeper/core/profile_data.py | vaultkeeper/ui/controller.py,AUTO-PORTED,
ProfileData.vb,ProfileData,UpdateFileStatesThread,Sub,,ProfileData.vb:1137,none,,Ported,confirmed in port core (grep): mapping/reserved/editions/checksums/mutators.
ProfileData.vb,ProfileData,SetModFiles,Sub,,ProfileData.vb:1193,strong,vaultkeeper/core/profile_data.py,AUTO-PORTED,
ProfileData.vb,ProfileData,UseNwOriginal,Sub,,ProfileData.vb:1216,none,,Deferred,"unported subsystem: map-version migrations (Phase-8), original-restorers, MsValidate validators, dev-folder."
ProfileData.vb,ProfileData,CreateOriginalFiles,Function,,ProfileData.vb:1235,none,,Deferred,"unported subsystem: map-version migrations (Phase-8), original-restorers, MsValidate validators, dev-folder."
ProfileData.vb,ProfileData,BuildOriginalFiles,Function,,ProfileData.vb:1276,none,,Deferred,"unported subsystem: map-version migrations (Phase-8), original-restorers, MsValidate validators, dev-folder."
ProfileData.vb,ProfileData,BuildOriginalFilesDoWork,Sub,,ProfileData.vb:1308,none,,Deferred,"unported subsystem: map-version migrations (Phase-8), original-restorers, MsValidate validators, dev-folder."
ProfileData.vb,ProfileData,UseEeOriginal,Sub,,ProfileData.vb:1379,none,,Deferred,"unported subsystem: map-version migrations (Phase-8), original-restorers, MsValidate validators, dev-folder."
ProfileData.vb,ProfileData,CreateOriginalEeFiles,Function,,ProfileData.vb:1399,none,,Deferred,"unported subsystem: map-version migrations (Phase-8), original-restorers, MsValidate validators, dev-folder."
ProfileData.vb,ProfileData,BuildOriginalEeFiles,Function,,ProfileData.vb:1431,none,,Deferred,"unported subsystem: map-version migrations (Phase-8), original-restorers, MsValidate validators, dev-folder."
ProfileData.vb,ProfileData,UpdateOriginalEeFiles,Function,,ProfileData.vb:1487,none,,Deferred,"unported subsystem: map-version migrations (Phase-8), original-restorers, MsValidate validators, dev-folder."
ProfileData.vb,ProfileData,UpdateOriginalEeFilesThread,Sub,,ProfileData.vb:1508,none,,Deferred,"unported subsystem: map-version migrations (Phase-8), original-restorers, MsValidate validators, dev-folder."
ProfileData.vb,ProfileData,SaveEeFileVersion,Sub,,ProfileData.vb:1656,none,,Divergence,"VB ListView/settings-format plumbing, native-JSON persistence (vs NRBF tables), UI-state files, Windows-specific."
ProfileData.vb,ProfileData,GetEeFolders,Function,,ProfileData.vb:1673,none,,Deferred,"unported subsystem: map-version migrations (Phase-8), original-restorers, MsValidate validators, dev-folder."
ProfileData.vb,ProfileData,ValidateOriginals,Sub,,ProfileData.vb:1704,none,,Deferred,"unported subsystem: map-version migrations (Phase-8), original-restorers, MsValidate validators, dev-folder."
ProfileData.vb,ProfileData,CheckInstalledFiles,Sub,,ProfileData.vb:1776,none,,Deferred,"unported subsystem: map-version migrations (Phase-8), original-restorers, MsValidate validators, dev-folder."
ProfileData.vb,ProfileData,ValidateInstalledFileData,Sub,,ProfileData.vb:1843,none,,Deferred,"unported subsystem: map-version migrations (Phase-8), original-restorers, MsValidate validators, dev-folder."
ProfileData.vb,ProfileData,ValidateInstalledFileDataThread,Sub,,ProfileData.vb:1885,none,,Deferred,"unported subsystem: map-version migrations (Phase-8), original-restorers, MsValidate validators, dev-folder."
ProfileData.vb,ProfileData,IsIllegalFile,Function,,ProfileData.vb:1994,none,,Deferred,"unported subsystem: map-version migrations (Phase-8), original-restorers, MsValidate validators, dev-folder."
ProfileData.vb,ProfileData,CheckSelectedFiles,Sub,,ProfileData.vb:2026,none,,Deferred,"unported subsystem: map-version migrations (Phase-8), original-restorers, MsValidate validators, dev-folder."
ProfileData.vb,ProfileData,AddCrashDumpFiles,Sub,,ProfileData.vb:2080,none,,Divergence,"VB ListView/settings-format plumbing, native-JSON persistence (vs NRBF tables), UI-state files, Windows-specific."
ProfileData.vb,ProfileData,AddDatabaseFiles,Sub,,ProfileData.vb:2137,none,,Divergence,"VB ListView/settings-format plumbing, native-JSON persistence (vs NRBF tables), UI-state files, Windows-specific."
ProfileData.vb,ProfileData,CheckCharacterFiles,Sub,,ProfileData.vb:2177,none,,Divergence,"VB ListView/settings-format plumbing, native-JSON persistence (vs NRBF tables), UI-state files, Windows-specific."
ProfileData.vb,ProfileData,CheckTmpSettings,Sub,,ProfileData.vb:2203,none,,Divergence,"VB ListView/settings-format plumbing, native-JSON persistence (vs NRBF tables), UI-state files, Windows-specific."
ProfileData.vb,ProfileData,CheckAutoFileChanges,Sub,,ProfileData.vb:2234,none,,Divergence,"VB ListView/settings-format plumbing, native-JSON persistence (vs NRBF tables), UI-state files, Windows-specific."
ProfileData.vb,ProfileData,ValidateModAndFileData,Sub,,ProfileData.vb:2321,none,,Deferred,"unported subsystem: map-version migrations (Phase-8), original-restorers, MsValidate validators, dev-folder."
ProfileData.vb,ProfileData,ValidateModAndFileDataThread,Sub,,ProfileData.vb:2370,none,,Deferred,"unported subsystem: map-version migrations (Phase-8), original-restorers, MsValidate validators, dev-folder."
ProfileData.vb,ProfileData,RemoveIllegalModFiles,Sub,,ProfileData.vb:2482,strong,vaultkeeper/ui/controller.py | vaultkeeper/ui/main_window.py,AUTO-PORTED,
ProfileData.vb,ProfileData,RemoveIllegalModFilesThread,Sub,,ProfileData.vb:2502,none,,Deferred,"unported subsystem: map-version migrations (Phase-8), original-restorers, MsValidate validators, dev-folder."
ProfileData.vb,ProfileData,ValidateNotes,Function,,ProfileData.vb:2556,strong,vaultkeeper/ui/controller.py,AUTO-PORTED,
ProfileData.vb,ProfileData,GetInstaller,Function,,ProfileData.vb:2593,strong,vaultkeeper/core/profile_data.py,AUTO-PORTED,
ProfileData.vb,ProfileData,GetConflicts,Function,,ProfileData.vb:2615,strong,vaultkeeper/core/profile_data.py,AUTO-PORTED,
ProfileData.vb,ProfileData,FileKeyExists,Function,,ProfileData.vb:2635,none,,Ported,confirmed in port core (grep): mapping/reserved/editions/checksums/mutators.
ProfileData.vb,ProfileData,FileKeyExists,Function,,ProfileData.vb:2648,none,,Ported,confirmed in port core (grep): mapping/reserved/editions/checksums/mutators.
ProfileData.vb,ProfileData,FileKeyExists,Function,,ProfileData.vb:2660,none,,Ported,confirmed in port core (grep): mapping/reserved/editions/checksums/mutators.
ProfileData.vb,ProfileData,LoadSelections,Sub,,ProfileData.vb:2683,none,,Divergence,"VB ListView/settings-format plumbing, native-JSON persistence (vs NRBF tables), UI-state files, Windows-specific."
ProfileData.vb,ProfileData,SaveSelections,Sub,,ProfileData.vb:2706,none,,Divergence,"VB ListView/settings-format plumbing, native-JSON persistence (vs NRBF tables), UI-state files, Windows-specific."
ProfileData.vb,ProfileData,RecoverUserData,Function,,ProfileData.vb:2730,strong,vaultkeeper/game/recovery.py | vaultkeeper/ui/controller.py,AUTO-PORTED,
ProfileData.vb,ProfileData,ModRenamed,Sub,,ProfileData.vb:2803,none,,Ported,confirmed in port core (grep): mapping/reserved/editions/checksums/mutators.
ProfileData.vb,ProfileData,ModDeleted,Sub,,ProfileData.vb:2822,none,,Ported,confirmed in port core (grep): mapping/reserved/editions/checksums/mutators.
ProfileData.vb,ProfileData,HasDependants,Function,,ProfileData.vb:2840,strong,vaultkeeper/core/profile_data.py,AUTO-PORTED,
ProfileData.vb,ProfileData,ValidateDependencies,Function,,ProfileData.vb:2860,strong,vaultkeeper/core/profile_data.py | vaultkeeper/ui/controller.py,AUTO-PORTED,
ProfileData.vb,ProfileData,GetDependants,Function,,ProfileData.vb:2890,strong,vaultkeeper/core/profile_data.py | vaultkeeper/ui/controller.py,AUTO-PORTED,
ProfileData.vb,ProfileData,GetInstalledDependants,Function,,ProfileData.vb:2918,strong,vaultkeeper/core/profile_data.py | vaultkeeper/ui/controller.py,AUTO-PORTED,
ProfileData.vb,ProfileData,GetAutoDependencyList,Function,,ProfileData.vb:2947,strong,vaultkeeper/ui/dialogs/dependency_editor.py,AUTO-PORTED,
ProfileDataExtensions.vb,ProfileDataExtensions,ToName,Function,,ProfileDataExtensions.vb:30,strong,vaultkeeper/persistence/nrbf/migrate.py,AUTO-PORTED,
ProfileDataExtensions.vb,ProfileDataExtensions,ToFullName,Function,,ProfileDataExtensions.vb:44,none,,GAP?,
ProfileDataExtensions.vb,ProfileDataExtensions,ToWeaponText,Function,,ProfileDataExtensions.vb:63,strong,vaultkeeper/ui/controller.py,AUTO-PORTED,
ProfileDataExtensions.vb,ProfileDataExtensions,ToModStateText,Function,,ProfileDataExtensions.vb:77,none,,GAP?,
ProfileDataExtensions.vb,ProfileDataExtensions,ToFileStateText,Function,,ProfileDataExtensions.vb:89,none,,GAP?,
ProfileDataExtensions.vb,ProfileDataExtensions,ToStateColour,Function,,ProfileDataExtensions.vb:101,none,,GAP?,
ProfileDataExtensions.vb,ProfileDataExtensions,IsInstallerDefault,Function,,ProfileDataExtensions.vb:118,none,,GAP?,
ProfileDataExtensions.vb,ProfileDataExtensions,ToModKey,Function,,ProfileDataExtensions.vb:130,strong,vaultkeeper/game/play_data_manager.py | vaultkeeper/ui/play_loop.py,AUTO-PORTED,
ProfileDataExtensions.vb,ProfileDataExtensions,IsOriginalFile,Function,,ProfileDataExtensions.vb:142,none,,GAP?,
ProfileInfo.vb,ProfileInfo,OperationStates,Property,,ProfileInfo.vb:26,none,,GAP?,
ProfileInfo.vb,ProfileInfo,LoadStateFilename,Property,,ProfileInfo.vb:43,none,,GAP?,
ProfileInfo.vb,ProfileInfo,ProfileName,Property,,ProfileInfo.vb:52,strong,vaultkeeper/app_paths.py | vaultkeeper/game/recovery.py | vaultkeeper/persistence/nrbf/migrate.py,Divergence,WinForms lifecycle/event/virtual-list/background-worker/mouse-hover plumbing.
ProfileInfo.vb,ProfileInfo,Edition,Property,,ProfileInfo.vb:57,strong,vaultkeeper/__main__.py | vaultkeeper/game/editions.py | vaultkeeper/game/locations.py,AUTO-PORTED,
ProfileInfo.vb,ProfileInfo,ConvertBikFiles,Property,,ProfileInfo.vb:62,strong,vaultkeeper/config/settings.py | vaultkeeper/game/bik_convert.py | vaultkeeper/game/installer_build.py,AUTO-PORTED,
ProfileInfo.vb,ProfileInfo,NwnFolder,Property,,ProfileInfo.vb:71,comment,vaultkeeper/core/constants.py | vaultkeeper/core/mapper.py | vaultkeeper/game/nwn_folders.py,Divergence,"VB per-preference ListView-editor framework (Preferences/Config/Profiles/Locations pages, Import/Export/Reset/Undo). Bounded port = tabbed dialog + FolderMapping + status-bar profile menu. Subagent verdict: 0 MISSING user prefs (see FINDING_3_SETTINGS.md for the pref-level gap = 10 add-a-setting items)."
ProfileInfo.vb,ProfileInfo,NwnVersion,Property,,ProfileInfo.vb:76,none,,GAP?,
ProfileInfo.vb,ProfileInfo,New,Sub,,ProfileInfo.vb:81,strong,vaultkeeper/core/hak_patch.py | vaultkeeper/core/mapper.py | vaultkeeper/core/name_edit.py,N/A,framework/designer-generated
ProfileInfo.vb,ProfileInfo,New,Sub,,ProfileInfo.vb:94,strong,vaultkeeper/core/hak_patch.py | vaultkeeper/core/mapper.py | vaultkeeper/core/name_edit.py,N/A,framework/designer-generated
ProfileInfo.vb,ProfileInfo,New,Sub,,ProfileInfo.vb:125,strong,vaultkeeper/core/hak_patch.py | vaultkeeper/core/mapper.py | vaultkeeper/core/name_edit.py,N/A,framework/designer-generated
ProfileInfo.vb,ProfileInfo,New,Sub,,ProfileInfo.vb:135,strong,vaultkeeper/core/hak_patch.py | vaultkeeper/core/mapper.py | vaultkeeper/core/name_edit.py,N/A,framework/designer-generated
ProfileInfo.vb,ProfileInfo,GetNwnVersion,Function,,ProfileInfo.vb:154,none,,GAP?,
ProfileInfo.vb,ProfileInfo,SaveLoadStates,Sub,,ProfileInfo.vb:180,none,,GAP?,
ProfileInfo.vb,ProfileInfo,SetEdition,Sub,,ProfileInfo.vb:198,none,,GAP?,
ProfileInfo.vb,ProfileInfo,SetOperationStates,Sub,,ProfileInfo.vb:217,none,,GAP?,
ProfileInfoManager.vb,ProfileInfoManager,ProfileCount,Property,,ProfileInfoManager.vb:30,none,,Ported,"confirmed in port (nwn.ini/alias read, ERF/module decode, status counts+confirm, profile mgmt, editions)."
ProfileInfoManager.vb,ProfileInfoManager,Profiles,Property,,ProfileInfoManager.vb:39,strong,vaultkeeper/app_paths.py | vaultkeeper/game/game_mapper.py | vaultkeeper/game/play_data_manager.py,AUTO-PORTED,
ProfileInfoManager.vb,ProfileInfoManager,ProfileInfo,Property,,ProfileInfoManager.vb:48,strong,vaultkeeper/config/settings.py | vaultkeeper/ui/controller.py,Divergence,WinForms lifecycle/event/virtual-list/background-worker/mouse-hover plumbing.
ProfileInfoManager.vb,ProfileInfoManager,ProfileInfo,Property,,ProfileInfoManager.vb:57,strong,vaultkeeper/config/settings.py | vaultkeeper/ui/controller.py,Divergence,WinForms lifecycle/event/virtual-list/background-worker/mouse-hover plumbing.
ProfileInfoManager.vb,ProfileInfoManager,NwnFolderList,Property,,ProfileInfoManager.vb:66,none,,Ported,"confirmed in port (nwn.ini/alias read, ERF/module decode, status counts+confirm, profile mgmt, editions)."
ProfileInfoManager.vb,ProfileInfoManager,FolderInfo,Property,,ProfileInfoManager.vb:71,comment,vaultkeeper/core/constants.py | vaultkeeper/core/mapper.py | vaultkeeper/game/nwn_folders.py,Deferred,BackupManager + NetworkManager shared-store/sync + SlideShow + find-rename + original-restorers + prefix editor + legacy migrate.
ProfileInfoManager.vb,ProfileInfoManager,FolderInfo,Property,,ProfileInfoManager.vb:80,comment,vaultkeeper/core/constants.py | vaultkeeper/core/mapper.py | vaultkeeper/game/nwn_folders.py,Deferred,BackupManager + NetworkManager shared-store/sync + SlideShow + find-rename + original-restorers + prefix editor + legacy migrate.
ProfileInfoManager.vb,ProfileInfoManager,InactivePatchFile,Property,,ProfileInfoManager.vb:90,none,,Deferred,config-isolation writes NOT done / alias editor / online module fetch / patch file.
ProfileInfoManager.vb,ProfileInfoManager,PatchIniFilename,Property,,ProfileInfoManager.vb:100,none,,Ported,"confirmed in port (nwn.ini/alias read, ERF/module decode, status counts+confirm, profile mgmt, editions)."
ProfileInfoManager.vb,ProfileInfoManager,GameSavePaths,Property,,ProfileInfoManager.vb:109,none,,Ported,"confirmed in port (nwn.ini/alias read, ERF/module decode, status counts+confirm, profile mgmt, editions)."
ProfileInfoManager.vb,ProfileInfoManager,New,Sub,,ProfileInfoManager.vb:122,strong,vaultkeeper/core/hak_patch.py | vaultkeeper/core/mapper.py | vaultkeeper/core/name_edit.py,N/A,framework/designer-generated
ProfileInfoManager.vb,ProfileInfoManager,SetGameSaves,Sub,,ProfileInfoManager.vb:158,comment,vaultkeeper/game/nwn_folders.py,AUTO-PORTED,matched in comment/docstring
ProfileInfoManager.vb,ProfileInfoManager,GetProfiles,Sub,,ProfileInfoManager.vb:206,none,,Ported,"confirmed in port (nwn.ini/alias read, ERF/module decode, status counts+confirm, profile mgmt, editions)."
ProfileInfoManager.vb,ProfileInfoManager,CreateDefaultProfile,Function,,ProfileInfoManager.vb:340,none,,Ported,"confirmed in port (nwn.ini/alias read, ERF/module decode, status counts+confirm, profile mgmt, editions)."
ProfileInfoManager.vb,ProfileInfoManager,CreateProfile,Function,,ProfileInfoManager.vb:365,none,,Ported,"confirmed in port (nwn.ini/alias read, ERF/module decode, status counts+confirm, profile mgmt, editions)."
PublishMod.vb,PublishMod,Published,Property,,PublishMod.vb:29,strong,vaultkeeper/core/constants.py | vaultkeeper/game/wizard.py | vaultkeeper/ui/controller.py,Divergence,WinForms lifecycle/event/virtual-list/background-worker/mouse-hover plumbing.
PublishMod.vb,PublishMod,ZipFileName,Property,,PublishMod.vb:38,strong,vaultkeeper/game/wizard.py | vaultkeeper/ui/controller.py,Divergence,WinForms lifecycle/event/virtual-list/background-worker/mouse-hover plumbing.
PublishMod.vb,PublishMod,PublishedFile,Property,,PublishMod.vb:51,none,,Ported,"port view/domain layer (details/contents/status/paste/recent/profile views, hak-patch, play-data viewer, find-files, conflicts, workshop, publish)."
PublishMod.vb,PublishMod,ShowDialog,Function,,PublishMod.vb:61,strong,vaultkeeper/ui/dialogs/about.py | vaultkeeper/ui/dialogs/classes_skills_feats.py | vaultkeeper/ui/main_window.py,Ported,DocOrganiser/ModPlayViewer/WizardBuilder core report/view/save logic (subagent+orchestrator).
PublishMod.vb,PublishMod,PublishMod_Load,Sub,MyBase.Load,PublishMod.vb:70,none,,Divergence,WinForms lifecycle/event/virtual-list/background-worker/mouse-hover plumbing.
PublishMod.vb,PublishMod,PublishMod_Shown,Sub,Me.Shown,PublishMod.vb:118,none,,Divergence,WinForms lifecycle/event/virtual-list/background-worker/mouse-hover plumbing.
PublishMod.vb,PublishMod,TxVersion_KeyPress,Sub,TxVersion.KeyPress,PublishMod.vb:127,none,,Divergence,WinForms lifecycle/event/virtual-list/background-worker/mouse-hover plumbing.
PublishMod.vb,PublishMod,TxVersion_TextChanged,Sub,TxVersion.TextChanged,PublishMod.vb:137,none,,Divergence,WinForms lifecycle/event/virtual-list/background-worker/mouse-hover plumbing.
PublishMod.vb,PublishMod,OnKeyDown,Sub,,PublishMod.vb:148,none,,Deferred,ModFindAndRename (dead MsFindAndRename) + DocOrganiser Properties/Reset + wizard file-threshold.
PublishMod.vb,PublishMod,BhPublishMod_Click,Sub,BhPublishMod.Click,PublishMod.vb:157,none,,Divergence,WinForms lifecycle/event/virtual-list/background-worker/mouse-hover plumbing.
PublishMod.vb,PublishMod,BtCancel_Click,Sub,BtCancel.Click,PublishMod.vb:166,none,,Divergence,WinForms event/progress/UI plumbing refactored into controller/vault + bounded viewer (search/copy-paste/nav). Owner-confirm candidates: StartScreen export/copy-paste/search.
PublishMod.vb,PublishMod,BtPublish_Click,Sub,BtPublish.Click,PublishMod.vb:177,none,,Ported,"port view/domain layer (details/contents/status/paste/recent/profile views, hak-patch, play-data viewer, find-files, conflicts, workshop, publish)."
RtfThemeManager.vb,RtfThemeManager,ProgressText,Property,,RtfThemeManager.vb:175,none,,Divergence,debug diagnostic reports (debug-menu-only) + Windows taskbar progress + bounded RTF-recolour theme engine (port uses a single palette).
RtfThemeManager.vb,RtfThemeManager,ColourToRtf,Function,,RtfThemeManager.vb:191,none,,Divergence,debug diagnostic reports (debug-menu-only) + Windows taskbar progress + bounded RTF-recolour theme engine (port uses a single palette).
RtfThemeManager.vb,RtfThemeManager,RtfThemeManager_Load,Sub,Me.Load,RtfThemeManager.vb:204,none,,Divergence,debug diagnostic reports (debug-menu-only) + Windows taskbar progress + bounded RTF-recolour theme engine (port uses a single palette).
RtfThemeManager.vb,RtfThemeManager,RtfThemeManager_Shown,Sub,Me.Shown,RtfThemeManager.vb:245,none,,Divergence,debug diagnostic reports (debug-menu-only) + Windows taskbar progress + bounded RTF-recolour theme engine (port uses a single palette).
RtfThemeManager.vb,RtfThemeManager,RtfThemeManager_FormClosing,Sub,Me.FormClosing,RtfThemeManager.vb:284,none,,Divergence,debug diagnostic reports (debug-menu-only) + Windows taskbar progress + bounded RTF-recolour theme engine (port uses a single palette).
RtfThemeManager.vb,RtfThemeManager,BgProcessFiles_DoWork,Sub,,RtfThemeManager.vb:314,none,,Divergence,debug diagnostic reports (debug-menu-only) + Windows taskbar progress + bounded RTF-recolour theme engine (port uses a single palette).
RtfThemeManager.vb,RtfThemeManager,BgProcessFiles_ProgressChanged,Sub,,RtfThemeManager.vb:345,none,,Divergence,debug diagnostic reports (debug-menu-only) + Windows taskbar progress + bounded RTF-recolour theme engine (port uses a single palette).
RtfThemeManager.vb,RtfThemeManager,BgProcessFiles_RunWorkerCompleted,Sub,,RtfThemeManager.vb:358,none,,Divergence,debug diagnostic reports (debug-menu-only) + Windows taskbar progress + bounded RTF-recolour theme engine (port uses a single palette).
RtfThemeManager.vb,RtfThemeManager,IsValidThemeBackground,Function,,RtfThemeManager.vb:375,none,,Divergence,debug diagnostic reports (debug-menu-only) + Windows taskbar progress + bounded RTF-recolour theme engine (port uses a single palette).
RtfThemeManager.vb,RtfThemeManager,SetColourTable,Function,,RtfThemeManager.vb:390,none,,Divergence,debug diagnostic reports (debug-menu-only) + Windows taskbar progress + bounded RTF-recolour theme engine (port uses a single palette).
RtfThemeManager.vb,RtfThemeManager,ProcessFile,Sub,,RtfThemeManager.vb:427,comment,vaultkeeper/game/start_screen.py | vaultkeeper/ui/controller.py,AUTO-PORTED,matched in comment/docstring
RtfThemeManager.vb,RtfThemeManager,SetAutoControlWord,Function,,RtfThemeManager.vb:501,none,,Divergence,debug diagnostic reports (debug-menu-only) + Windows taskbar progress + bounded RTF-recolour theme engine (port uses a single palette).
RtfThemeManager.vb,RtfThemeManager,ProcessColourTable,Function,,RtfThemeManager.vb:538,none,,Divergence,debug diagnostic reports (debug-menu-only) + Windows taskbar progress + bounded RTF-recolour theme engine (port uses a single palette).
RtfThemeManager.vb,RtfThemeManager,UpdateColours,Sub,,RtfThemeManager.vb:588,none,,Divergence,debug diagnostic reports (debug-menu-only) + Windows taskbar progress + bounded RTF-recolour theme engine (port uses a single palette).
Settings.Advanced.vb,Settings,DefaultGroupOptions,Function,,Settings.Advanced.vb:22,none,,Divergence,"VB per-preference ListView-editor plumbing (Preferences/Advanced/MenuCommon/MapExceptions pages), ModExplorer rating/prefix/operand filters + virtual-list/bg-worker, and ModView WinForms events / cosmetic icons+tooltips. Bounded port = tabbed Settings dialog + name/state/completed ModExplorer filter."
Settings.Advanced.vb,Settings,AddAdvanced,Sub,,Settings.Advanced.vb:40,none,,Divergence,"VB per-preference ListView-editor plumbing (Preferences/Advanced/MenuCommon/MapExceptions pages), ModExplorer rating/prefix/operand filters + virtual-list/bg-worker, and ModView WinForms events / cosmetic icons+tooltips. Bounded port = tabbed Settings dialog + name/state/completed ModExplorer filter."
Settings.Advanced.vb,Settings,ResetAdvancedItem,Sub,,Settings.Advanced.vb:119,none,,Divergence,"VB per-preference ListView-editor plumbing (Preferences/Advanced/MenuCommon/MapExceptions pages), ModExplorer rating/prefix/operand filters + virtual-list/bg-worker, and ModView WinForms events / cosmetic icons+tooltips. Bounded port = tabbed Settings dialog + name/state/completed ModExplorer filter."
Settings.Advanced.vb,Settings,ImportAdvanced,Sub,,Settings.Advanced.vb:132,none,,Divergence,"VB per-preference ListView-editor plumbing (Preferences/Advanced/MenuCommon/MapExceptions pages), ModExplorer rating/prefix/operand filters + virtual-list/bg-worker, and ModView WinForms events / cosmetic icons+tooltips. Bounded port = tabbed Settings dialog + name/state/completed ModExplorer filter."
Settings.Advanced.vb,Settings,SetAdvanced,Sub,,Settings.Advanced.vb:150,none,,Divergence,"VB per-preference ListView-editor plumbing (Preferences/Advanced/MenuCommon/MapExceptions pages), ModExplorer rating/prefix/operand filters + virtual-list/bg-worker, and ModView WinForms events / cosmetic icons+tooltips. Bounded port = tabbed Settings dialog + name/state/completed ModExplorer filter."
Settings.Advanced.vb,Settings,SaveAdvanced,Sub,,Settings.Advanced.vb:223,none,,Divergence,"VB per-preference ListView-editor plumbing (Preferences/Advanced/MenuCommon/MapExceptions pages), ModExplorer rating/prefix/operand filters + virtual-list/bg-worker, and ModView WinForms events / cosmetic icons+tooltips. Bounded port = tabbed Settings dialog + name/state/completed ModExplorer filter."
Settings.Advanced.vb,Settings,LvAdvanced_ItemCheck,Sub,LvAdvanced.ItemCheck,Settings.Advanced.vb:278,none,,Divergence,"VB per-preference ListView-editor plumbing (Preferences/Advanced/MenuCommon/MapExceptions pages), ModExplorer rating/prefix/operand filters + virtual-list/bg-worker, and ModView WinForms events / cosmetic icons+tooltips. Bounded port = tabbed Settings dialog + name/state/completed ModExplorer filter."
Settings.Advanced.vb,Settings,AdvancedOptionsMenu,Sub,,Settings.Advanced.vb:326,none,,Divergence,"VB per-preference ListView-editor plumbing (Preferences/Advanced/MenuCommon/MapExceptions pages), ModExplorer rating/prefix/operand filters + virtual-list/bg-worker, and ModView WinForms events / cosmetic icons+tooltips. Bounded port = tabbed Settings dialog + name/state/completed ModExplorer filter."
Settings.Advanced.vb,Settings,AdvancedTextValue,Sub,,Settings.Advanced.vb:342,none,,Divergence,"VB per-preference ListView-editor plumbing (Preferences/Advanced/MenuCommon/MapExceptions pages), ModExplorer rating/prefix/operand filters + virtual-list/bg-worker, and ModView WinForms events / cosmetic icons+tooltips. Bounded port = tabbed Settings dialog + name/state/completed ModExplorer filter."
Settings.Advanced.vb,Settings,ValidatePrefix,Function,,Settings.Advanced.vb:389,none,,Divergence,"VB per-preference ListView-editor plumbing (Preferences/Advanced/MenuCommon/MapExceptions pages), ModExplorer rating/prefix/operand filters + virtual-list/bg-worker, and ModView WinForms events / cosmetic icons+tooltips. Bounded port = tabbed Settings dialog + name/state/completed ModExplorer filter."
Settings.Advanced.vb,Settings,ValidateScreenCrop,Function,,Settings.Advanced.vb:418,none,,Deferred,Run Menu (external launch programs) + screen-crop editor not ported.
Settings.Advanced.vb,Settings,LvAdvanced_SelectedIndexChanged,Sub,LvAdvanced.SelectedIndexChanged,Settings.Advanced.vb:463,none,,Divergence,"VB per-preference ListView-editor plumbing (Preferences/Advanced/MenuCommon/MapExceptions pages), ModExplorer rating/prefix/operand filters + virtual-list/bg-worker, and ModView WinForms events / cosmetic icons+tooltips. Bounded port = tabbed Settings dialog + name/state/completed ModExplorer filter."
Settings.Classes.vb,ButtonInfo,PanelName,Property,,Settings.Classes.vb:33,none,,Divergence,"VB per-preference ListView-editor framework (Preferences/Config/Profiles/Locations pages, Import/Export/Reset/Undo). Bounded port = tabbed dialog + FolderMapping + status-bar profile menu. Subagent verdict: 0 MISSING user prefs (see FINDING_3_SETTINGS.md for the pref-level gap = 10 add-a-setting items)."
Settings.Classes.vb,ButtonInfo,LinkedListView,Property,,Settings.Classes.vb:45,none,,Divergence,"VB per-preference ListView-editor framework (Preferences/Config/Profiles/Locations pages, Import/Export/Reset/Undo). Bounded port = tabbed dialog + FolderMapping + status-bar profile menu. Subagent verdict: 0 MISSING user prefs (see FINDING_3_SETTINGS.md for the pref-level gap = 10 add-a-setting items)."
Settings.Classes.vb,ButtonInfo,New,Sub,,Settings.Classes.vb:52,strong,vaultkeeper/core/hak_patch.py | vaultkeeper/core/mapper.py | vaultkeeper/core/name_edit.py,N/A,framework/designer-generated
Settings.Classes.vb,SettingInfo,Description,Property,,Settings.Classes.vb:98,strong,vaultkeeper/game/character_filter.py | vaultkeeper/game/character_reference.py | vaultkeeper/game/game_mapper.py,Divergence,"VB per-preference ListView-editor framework (Preferences/Config/Profiles/Locations pages, Import/Export/Reset/Undo). Bounded port = tabbed dialog + FolderMapping + status-bar profile menu. Subagent verdict: 0 MISSING user prefs (see FINDING_3_SETTINGS.md for the pref-level gap = 10 add-a-setting items)."
Settings.Classes.vb,SettingInfo,Details,Property,,Settings.Classes.vb:104,strong,vaultkeeper/game/game_mapper.py | vaultkeeper/ui/dialogs/character_viewer.py | vaultkeeper/ui/main_window.py,Divergence,"VB per-preference ListView-editor framework (Preferences/Config/Profiles/Locations pages, Import/Export/Reset/Undo). Bounded port = tabbed dialog + FolderMapping + status-bar profile menu. Subagent verdict: 0 MISSING user prefs (see FINDING_3_SETTINGS.md for the pref-level gap = 10 add-a-setting items)."
Settings.Classes.vb,SettingInfo,DefKey,Property,,Settings.Classes.vb:132,none,,Divergence,"VB per-preference ListView-editor framework (Preferences/Config/Profiles/Locations pages, Import/Export/Reset/Undo). Bounded port = tabbed dialog + FolderMapping + status-bar profile menu. Subagent verdict: 0 MISSING user prefs (see FINDING_3_SETTINGS.md for the pref-level gap = 10 add-a-setting items)."
Settings.Classes.vb,SettingInfo,New,Sub,,Settings.Classes.vb:140,strong,vaultkeeper/core/hak_patch.py | vaultkeeper/core/mapper.py | vaultkeeper/core/name_edit.py,N/A,framework/designer-generated
Settings.Classes.vb,ProcessingInfo,SetInfoText,Property,,Settings.Classes.vb:179,none,,Divergence,"VB per-preference ListView-editor framework (Preferences/Config/Profiles/Locations pages, Import/Export/Reset/Undo). Bounded port = tabbed dialog + FolderMapping + status-bar profile menu. Subagent verdict: 0 MISSING user prefs (see FINDING_3_SETTINGS.md for the pref-level gap = 10 add-a-setting items)."
Settings.Classes.vb,ProcessingInfo,SimpleUndo,Property,,Settings.Classes.vb:185,none,,Divergence,"VB per-preference ListView-editor framework (Preferences/Config/Profiles/Locations pages, Import/Export/Reset/Undo). Bounded port = tabbed dialog + FolderMapping + status-bar profile menu. Subagent verdict: 0 MISSING user prefs (see FINDING_3_SETTINGS.md for the pref-level gap = 10 add-a-setting items)."
Settings.Classes.vb,ProcessingInfo,ActiveItem,Property,,Settings.Classes.vb:194,none,,Divergence,"VB per-preference ListView-editor framework (Preferences/Config/Profiles/Locations pages, Import/Export/Reset/Undo). Bounded port = tabbed dialog + FolderMapping + status-bar profile menu. Subagent verdict: 0 MISSING user prefs (see FINDING_3_SETTINGS.md for the pref-level gap = 10 add-a-setting items)."
Settings.Classes.vb,ProcessingInfo,SelectOnClick,Property,,Settings.Classes.vb:199,none,,Divergence,"VB per-preference ListView-editor framework (Preferences/Config/Profiles/Locations pages, Import/Export/Reset/Undo). Bounded port = tabbed dialog + FolderMapping + status-bar profile menu. Subagent verdict: 0 MISSING user prefs (see FINDING_3_SETTINGS.md for the pref-level gap = 10 add-a-setting items)."
Settings.Classes.vb,ProcessingInfo,ProcessChangedOnClick,Property,,Settings.Classes.vb:204,none,,Divergence,"VB per-preference ListView-editor framework (Preferences/Config/Profiles/Locations pages, Import/Export/Reset/Undo). Bounded port = tabbed dialog + FolderMapping + status-bar profile menu. Subagent verdict: 0 MISSING user prefs (see FINDING_3_SETTINGS.md for the pref-level gap = 10 add-a-setting items)."
Settings.Classes.vb,ProcessingInfo,SuppressLostFocus,Property,,Settings.Classes.vb:209,none,,Divergence,"VB per-preference ListView-editor framework (Preferences/Config/Profiles/Locations pages, Import/Export/Reset/Undo). Bounded port = tabbed dialog + FolderMapping + status-bar profile menu. Subagent verdict: 0 MISSING user prefs (see FINDING_3_SETTINGS.md for the pref-level gap = 10 add-a-setting items)."
Settings.Classes.vb,ProcessingInfo,ShowMenuOnSelect,Property,,Settings.Classes.vb:214,none,,Divergence,"VB per-preference ListView-editor framework (Preferences/Config/Profiles/Locations pages, Import/Export/Reset/Undo). Bounded port = tabbed dialog + FolderMapping + status-bar profile menu. Subagent verdict: 0 MISSING user prefs (see FINDING_3_SETTINGS.md for the pref-level gap = 10 add-a-setting items)."
Settings.Classes.vb,ProcessingInfo,MenuAllowed,Property,,Settings.Classes.vb:220,none,,Divergence,"VB per-preference ListView-editor framework (Preferences/Config/Profiles/Locations pages, Import/Export/Reset/Undo). Bounded port = tabbed dialog + FolderMapping + status-bar profile menu. Subagent verdict: 0 MISSING user prefs (see FINDING_3_SETTINGS.md for the pref-level gap = 10 add-a-setting items)."
Settings.Classes.vb,ProcessingInfo,MenuShown,Property,,Settings.Classes.vb:225,none,,Divergence,"VB per-preference ListView-editor framework (Preferences/Config/Profiles/Locations pages, Import/Export/Reset/Undo). Bounded port = tabbed dialog + FolderMapping + status-bar profile menu. Subagent verdict: 0 MISSING user prefs (see FINDING_3_SETTINGS.md for the pref-level gap = 10 add-a-setting items)."
Settings.Classes.vb,ProcessingInfo,ItemChecked,Property,,Settings.Classes.vb:236,none,,Divergence,"VB per-preference ListView-editor framework (Preferences/Config/Profiles/Locations pages, Import/Export/Reset/Undo). Bounded port = tabbed dialog + FolderMapping + status-bar profile menu. Subagent verdict: 0 MISSING user prefs (see FINDING_3_SETTINGS.md for the pref-level gap = 10 add-a-setting items)."
Settings.Classes.vb,ProcessingInfo,New,Sub,,Settings.Classes.vb:256,strong,vaultkeeper/core/hak_patch.py | vaultkeeper/core/mapper.py | vaultkeeper/core/name_edit.py,N/A,framework/designer-generated
Settings.Classes.vb,ProcessingInfo,New,Sub,,Settings.Classes.vb:263,strong,vaultkeeper/core/hak_patch.py | vaultkeeper/core/mapper.py | vaultkeeper/core/name_edit.py,N/A,framework/designer-generated
Settings.Classes.vb,ListViewInfo,Details,Property,,Settings.Classes.vb:327,strong,vaultkeeper/game/game_mapper.py | vaultkeeper/ui/dialogs/character_viewer.py | vaultkeeper/ui/main_window.py,Divergence,"VB per-preference ListView-editor framework (Preferences/Config/Profiles/Locations pages, Import/Export/Reset/Undo). Bounded port = tabbed dialog + FolderMapping + status-bar profile menu. Subagent verdict: 0 MISSING user prefs (see FINDING_3_SETTINGS.md for the pref-level gap = 10 add-a-setting items)."
Settings.Classes.vb,ListViewInfo,BoldText,Property,,Settings.Classes.vb:332,none,,Divergence,"VB per-preference ListView-editor framework (Preferences/Config/Profiles/Locations pages, Import/Export/Reset/Undo). Bounded port = tabbed dialog + FolderMapping + status-bar profile menu. Subagent verdict: 0 MISSING user prefs (see FINDING_3_SETTINGS.md for the pref-level gap = 10 add-a-setting items)."
Settings.Classes.vb,ListViewInfo,ItalicText,Property,,Settings.Classes.vb:337,none,,Divergence,"VB per-preference ListView-editor framework (Preferences/Config/Profiles/Locations pages, Import/Export/Reset/Undo). Bounded port = tabbed dialog + FolderMapping + status-bar profile menu. Subagent verdict: 0 MISSING user prefs (see FINDING_3_SETTINGS.md for the pref-level gap = 10 add-a-setting items)."
Settings.Classes.vb,ListViewInfo,KeywordText,Property,,Settings.Classes.vb:343,none,,Divergence,"VB per-preference ListView-editor framework (Preferences/Config/Profiles/Locations pages, Import/Export/Reset/Undo). Bounded port = tabbed dialog + FolderMapping + status-bar profile menu. Subagent verdict: 0 MISSING user prefs (see FINDING_3_SETTINGS.md for the pref-level gap = 10 add-a-setting items)."
Settings.Classes.vb,ListViewInfo,EmphasisedText,Property,,Settings.Classes.vb:348,none,,Divergence,"VB per-preference ListView-editor framework (Preferences/Config/Profiles/Locations pages, Import/Export/Reset/Undo). Bounded port = tabbed dialog + FolderMapping + status-bar profile menu. Subagent verdict: 0 MISSING user prefs (see FINDING_3_SETTINGS.md for the pref-level gap = 10 add-a-setting items)."
Settings.Classes.vb,ListViewInfo,EmphasisedStyle,Property,,Settings.Classes.vb:353,none,,Divergence,"VB per-preference ListView-editor framework (Preferences/Config/Profiles/Locations pages, Import/Export/Reset/Undo). Bounded port = tabbed dialog + FolderMapping + status-bar profile menu. Subagent verdict: 0 MISSING user prefs (see FINDING_3_SETTINGS.md for the pref-level gap = 10 add-a-setting items)."
Settings.Classes.vb,ListViewInfo,New,Sub,,Settings.Classes.vb:372,strong,vaultkeeper/core/hak_patch.py | vaultkeeper/core/mapper.py | vaultkeeper/core/name_edit.py,N/A,framework/designer-generated
Settings.Classes.vb,ListViewInfo,New,Sub,,Settings.Classes.vb:391,strong,vaultkeeper/core/hak_patch.py | vaultkeeper/core/mapper.py | vaultkeeper/core/name_edit.py,N/A,framework/designer-generated
Settings.Classes.vb,Preference,Group,Property,,Settings.Classes.vb:447,strong,vaultkeeper/config/settings.py | vaultkeeper/core/constants.py | vaultkeeper/core/file_key.py,Ported,DocOrganiser/ModPlayViewer/WizardBuilder core report/view/save logic (subagent+orchestrator).
Settings.Classes.vb,Preference,New,Sub,,Settings.Classes.vb:455,strong,vaultkeeper/core/hak_patch.py | vaultkeeper/core/mapper.py | vaultkeeper/core/name_edit.py,N/A,framework/designer-generated
Settings.Classes.vb,LocationInfo,Group,Property,,Settings.Classes.vb:480,strong,vaultkeeper/config/settings.py | vaultkeeper/core/constants.py | vaultkeeper/core/file_key.py,Ported,DocOrganiser/ModPlayViewer/WizardBuilder core report/view/save logic (subagent+orchestrator).
Settings.Classes.vb,LocationInfo,Type,Property,,Settings.Classes.vb:486,strong,vaultkeeper/core/constants.py | vaultkeeper/core/formats/bic_reader.py | vaultkeeper/core/formats/erf_reader.py,Divergence,"VB per-preference ListView-editor framework (Preferences/Config/Profiles/Locations pages, Import/Export/Reset/Undo). Bounded port = tabbed dialog + FolderMapping + status-bar profile menu. Subagent verdict: 0 MISSING user prefs (see FINDING_3_SETTINGS.md for the pref-level gap = 10 add-a-setting items)."
Settings.Classes.vb,LocationInfo,SettingsAction,Property,,Settings.Classes.vb:491,none,,Divergence,"VB per-preference ListView-editor framework (Preferences/Config/Profiles/Locations pages, Import/Export/Reset/Undo). Bounded port = tabbed dialog + FolderMapping + status-bar profile menu. Subagent verdict: 0 MISSING user prefs (see FINDING_3_SETTINGS.md for the pref-level gap = 10 add-a-setting items)."
Settings.Classes.vb,LocationInfo,ProgramKey,Property,,Settings.Classes.vb:496,none,,Divergence,"VB per-preference ListView-editor framework (Preferences/Config/Profiles/Locations pages, Import/Export/Reset/Undo). Bounded port = tabbed dialog + FolderMapping + status-bar profile menu. Subagent verdict: 0 MISSING user prefs (see FINDING_3_SETTINGS.md for the pref-level gap = 10 add-a-setting items)."
Settings.Classes.vb,LocationInfo,PathKey,Property,,Settings.Classes.vb:501,none,,Divergence,"VB per-preference ListView-editor framework (Preferences/Config/Profiles/Locations pages, Import/Export/Reset/Undo). Bounded port = tabbed dialog + FolderMapping + status-bar profile menu. Subagent verdict: 0 MISSING user prefs (see FINDING_3_SETTINGS.md for the pref-level gap = 10 add-a-setting items)."
Settings.Classes.vb,LocationInfo,Required,Property,,Settings.Classes.vb:506,strong,vaultkeeper/config/settings.py | vaultkeeper/core/crc.py | vaultkeeper/core/formats/bic_reader.py,Divergence,"VB per-preference ListView-editor framework (Preferences/Config/Profiles/Locations pages, Import/Export/Reset/Undo). Bounded port = tabbed dialog + FolderMapping + status-bar profile menu. Subagent verdict: 0 MISSING user prefs (see FINDING_3_SETTINGS.md for the pref-level gap = 10 add-a-setting items)."
Settings.Classes.vb,LocationInfo,FileMask,Property,,Settings.Classes.vb:511,none,,Divergence,"VB per-preference ListView-editor framework (Preferences/Config/Profiles/Locations pages, Import/Export/Reset/Undo). Bounded port = tabbed dialog + FolderMapping + status-bar profile menu. Subagent verdict: 0 MISSING user prefs (see FINDING_3_SETTINGS.md for the pref-level gap = 10 add-a-setting items)."
Settings.Classes.vb,LocationInfo,Options,Property,,Settings.Classes.vb:516,strong,vaultkeeper/game/game_mapper.py | vaultkeeper/ui/controller.py | vaultkeeper/ui/dialogs/find_files.py,Divergence,"VB per-preference ListView-editor framework (Preferences/Config/Profiles/Locations pages, Import/Export/Reset/Undo). Bounded port = tabbed dialog + FolderMapping + status-bar profile menu. Subagent verdict: 0 MISSING user prefs (see FINDING_3_SETTINGS.md for the pref-level gap = 10 add-a-setting items)."
Settings.Classes.vb,LocationInfo,New,Sub,,Settings.Classes.vb:527,strong,vaultkeeper/core/hak_patch.py | vaultkeeper/core/mapper.py | vaultkeeper/core/name_edit.py,N/A,framework/designer-generated
Settings.Classes.vb,LocationInfo,New,Sub,,Settings.Classes.vb:544,strong,vaultkeeper/core/hak_patch.py | vaultkeeper/core/mapper.py | vaultkeeper/core/name_edit.py,N/A,framework/designer-generated
Settings.Classes.vb,LocationInfo,New,Sub,,Settings.Classes.vb:560,strong,vaultkeeper/core/hak_patch.py | vaultkeeper/core/mapper.py | vaultkeeper/core/name_edit.py,N/A,framework/designer-generated
Settings.Classes.vb,LocationInfo,New,Sub,,Settings.Classes.vb:579,strong,vaultkeeper/core/hak_patch.py | vaultkeeper/core/mapper.py | vaultkeeper/core/name_edit.py,N/A,framework/designer-generated
Settings.Classes.vb,ProfileSettingsInfo,Changes,Property,,Settings.Classes.vb:622,strong,vaultkeeper/core/change_data.py | vaultkeeper/core/file_data.py | vaultkeeper/core/install_manager.py,Divergence,"VB per-preference ListView-editor framework (Preferences/Config/Profiles/Locations pages, Import/Export/Reset/Undo). Bounded port = tabbed dialog + FolderMapping + status-bar profile menu. Subagent verdict: 0 MISSING user prefs (see FINDING_3_SETTINGS.md for the pref-level gap = 10 add-a-setting items)."
Settings.Classes.vb,ProfileSettingsInfo,Folder,Property,,Settings.Classes.vb:627,strong,vaultkeeper/config/settings.py | vaultkeeper/core/constants.py | vaultkeeper/core/file_data.py,Divergence,"VB per-preference ListView-editor framework (Preferences/Config/Profiles/Locations pages, Import/Export/Reset/Undo). Bounded port = tabbed dialog + FolderMapping + status-bar profile menu. Subagent verdict: 0 MISSING user prefs (see FINDING_3_SETTINGS.md for the pref-level gap = 10 add-a-setting items)."
Settings.Classes.vb,ProfileSettingsInfo,NwnFolder,Property,,Settings.Classes.vb:632,comment,vaultkeeper/core/constants.py | vaultkeeper/core/mapper.py | vaultkeeper/game/nwn_folders.py,Divergence,"VB per-preference ListView-editor framework (Preferences/Config/Profiles/Locations pages, Import/Export/Reset/Undo). Bounded port = tabbed dialog + FolderMapping + status-bar profile menu. Subagent verdict: 0 MISSING user prefs (see FINDING_3_SETTINGS.md for the pref-level gap = 10 add-a-setting items)."
Settings.Classes.vb,ProfileSettingsInfo,ExtendedEdition,Property,,Settings.Classes.vb:637,none,,Divergence,"VB per-preference ListView-editor framework (Preferences/Config/Profiles/Locations pages, Import/Export/Reset/Undo). Bounded port = tabbed dialog + FolderMapping + status-bar profile menu. Subagent verdict: 0 MISSING user prefs (see FINDING_3_SETTINGS.md for the pref-level gap = 10 add-a-setting items)."
Settings.Classes.vb,ProfileSettingsInfo,SourceFolder,Property,,Settings.Classes.vb:642,strong,vaultkeeper/core/mapper.py,Divergence,"VB per-preference ListView-editor framework (Preferences/Config/Profiles/Locations pages, Import/Export/Reset/Undo). Bounded port = tabbed dialog + FolderMapping + status-bar profile menu. Subagent verdict: 0 MISSING user prefs (see FINDING_3_SETTINGS.md for the pref-level gap = 10 add-a-setting items)."
Settings.Classes.vb,ProfileSettingsInfo,New,Sub,,Settings.Classes.vb:650,strong,vaultkeeper/core/hak_patch.py | vaultkeeper/core/mapper.py | vaultkeeper/core/name_edit.py,N/A,framework/designer-generated
Settings.Classes.vb,AdvancedInfo,Group,Property,,Settings.Classes.vb:676,strong,vaultkeeper/config/settings.py | vaultkeeper/core/constants.py | vaultkeeper/core/file_key.py,Ported,DocOrganiser/ModPlayViewer/WizardBuilder core report/view/save logic (subagent+orchestrator).
Settings.Classes.vb,AdvancedInfo,Type,Property,,Settings.Classes.vb:682,strong,vaultkeeper/core/constants.py | vaultkeeper/core/formats/bic_reader.py | vaultkeeper/core/formats/erf_reader.py,Divergence,"VB per-preference ListView-editor framework (Preferences/Config/Profiles/Locations pages, Import/Export/Reset/Undo). Bounded port = tabbed dialog + FolderMapping + status-bar profile menu. Subagent verdict: 0 MISSING user prefs (see FINDING_3_SETTINGS.md for the pref-level gap = 10 add-a-setting items)."
Settings.Classes.vb,AdvancedInfo,Minimum,Property,,Settings.Classes.vb:687,strong,vaultkeeper/core/formats/bic_reader.py | vaultkeeper/core/formats/gff_reader.py | vaultkeeper/core/formats/tga_reader.py,Divergence,"VB per-preference ListView-editor framework (Preferences/Config/Profiles/Locations pages, Import/Export/Reset/Undo). Bounded port = tabbed dialog + FolderMapping + status-bar profile menu. Subagent verdict: 0 MISSING user prefs (see FINDING_3_SETTINGS.md for the pref-level gap = 10 add-a-setting items)."
Settings.Classes.vb,AdvancedInfo,Maximum,Property,,Settings.Classes.vb:692,strong,vaultkeeper/config/settings.py | vaultkeeper/game/character_filter.py,Divergence,"VB per-preference ListView-editor framework (Preferences/Config/Profiles/Locations pages, Import/Export/Reset/Undo). Bounded port = tabbed dialog + FolderMapping + status-bar profile menu. Subagent verdict: 0 MISSING user prefs (see FINDING_3_SETTINGS.md for the pref-level gap = 10 add-a-setting items)."
Settings.Classes.vb,AdvancedInfo,NumberSuffix,Property,,Settings.Classes.vb:698,none,,Divergence,"VB per-preference ListView-editor framework (Preferences/Config/Profiles/Locations pages, Import/Export/Reset/Undo). Bounded port = tabbed dialog + FolderMapping + status-bar profile menu. Subagent verdict: 0 MISSING user prefs (see FINDING_3_SETTINGS.md for the pref-level gap = 10 add-a-setting items)."
Settings.Classes.vb,AdvancedInfo,Options,Property,,Settings.Classes.vb:703,strong,vaultkeeper/game/game_mapper.py | vaultkeeper/ui/controller.py | vaultkeeper/ui/dialogs/find_files.py,Divergence,"VB per-preference ListView-editor framework (Preferences/Config/Profiles/Locations pages, Import/Export/Reset/Undo). Bounded port = tabbed dialog + FolderMapping + status-bar profile menu. Subagent verdict: 0 MISSING user prefs (see FINDING_3_SETTINGS.md for the pref-level gap = 10 add-a-setting items)."
Settings.Classes.vb,AdvancedInfo,New,Sub,,Settings.Classes.vb:712,strong,vaultkeeper/core/hak_patch.py | vaultkeeper/core/mapper.py | vaultkeeper/core/name_edit.py,N/A,framework/designer-generated
Settings.Classes.vb,AdvancedInfo,New,Sub,,Settings.Classes.vb:726,strong,vaultkeeper/core/hak_patch.py | vaultkeeper/core/mapper.py | vaultkeeper/core/name_edit.py,N/A,framework/designer-generated
Settings.Classes.vb,AdvancedInfo,New,Sub,,Settings.Classes.vb:740,strong,vaultkeeper/core/hak_patch.py | vaultkeeper/core/mapper.py | vaultkeeper/core/name_edit.py,N/A,framework/designer-generated
Settings.Classes.vb,AdvancedInfo,New,Sub,,Settings.Classes.vb:756,strong,vaultkeeper/core/hak_patch.py | vaultkeeper/core/mapper.py | vaultkeeper/core/name_edit.py,N/A,framework/designer-generated
Settings.Classes.vb,AdvancedInfo,New,Sub,,Settings.Classes.vb:772,strong,vaultkeeper/core/hak_patch.py | vaultkeeper/core/mapper.py | vaultkeeper/core/name_edit.py,N/A,framework/designer-generated
Settings.Classes.vb,AdvancedInfo,New,Sub,,Settings.Classes.vb:790,strong,vaultkeeper/core/hak_patch.py | vaultkeeper/core/mapper.py | vaultkeeper/core/name_edit.py,N/A,framework/designer-generated
Settings.Classes.vb,AdvancedInfo,New,Sub,,Settings.Classes.vb:809,strong,vaultkeeper/core/hak_patch.py | vaultkeeper/core/mapper.py | vaultkeeper/core/name_edit.py,N/A,framework/designer-generated
Settings.Classes.vb,MapExtensionInfo,Extension,Property,,Settings.Classes.vb:881,strong,vaultkeeper/core/archive.py | vaultkeeper/core/constants.py | vaultkeeper/core/file_data.py,Divergence,"VB per-preference ListView-editor framework (Preferences/Config/Profiles/Locations pages, Import/Export/Reset/Undo). Bounded port = tabbed dialog + FolderMapping + status-bar profile menu. Subagent verdict: 0 MISSING user prefs (see FINDING_3_SETTINGS.md for the pref-level gap = 10 add-a-setting items)."
Settings.Classes.vb,MapExtensionInfo,DefaultFolder,Property,,Settings.Classes.vb:886,strong,vaultkeeper/core/mapper.py,Divergence,"VB per-preference ListView-editor framework (Preferences/Config/Profiles/Locations pages, Import/Export/Reset/Undo). Bounded port = tabbed dialog + FolderMapping + status-bar profile menu. Subagent verdict: 0 MISSING user prefs (see FINDING_3_SETTINGS.md for the pref-level gap = 10 add-a-setting items)."
Settings.Classes.vb,MapExtensionInfo,SecondaryFolder,Property,,Settings.Classes.vb:892,comment,vaultkeeper/game/installer_build.py,Divergence,"VB per-preference ListView-editor framework (Preferences/Config/Profiles/Locations pages, Import/Export/Reset/Undo). Bounded port = tabbed dialog + FolderMapping + status-bar profile menu. Subagent verdict: 0 MISSING user prefs (see FINDING_3_SETTINGS.md for the pref-level gap = 10 add-a-setting items)."
Settings.Classes.vb,MapExtensionInfo,Exceptions,Property,,Settings.Classes.vb:898,strong,vaultkeeper/core/mapper.py,Divergence,"VB per-preference ListView-editor framework (Preferences/Config/Profiles/Locations pages, Import/Export/Reset/Undo). Bounded port = tabbed dialog + FolderMapping + status-bar profile menu. Subagent verdict: 0 MISSING user prefs (see FINDING_3_SETTINGS.md for the pref-level gap = 10 add-a-setting items)."
Settings.Classes.vb,MapExtensionInfo,New,Sub,,Settings.Classes.vb:904,strong,vaultkeeper/core/hak_patch.py | vaultkeeper/core/mapper.py | vaultkeeper/core/name_edit.py,N/A,framework/designer-generated
Settings.Classes.vb,ExceptionInfo,Current,Property,,Settings.Classes.vb:927,strong,vaultkeeper/config/settings.py | vaultkeeper/core/change_data.py | vaultkeeper/core/hak_patch.py,Divergence,"VB per-preference ListView-editor framework (Preferences/Config/Profiles/Locations pages, Import/Export/Reset/Undo). Bounded port = tabbed dialog + FolderMapping + status-bar profile menu. Subagent verdict: 0 MISSING user prefs (see FINDING_3_SETTINGS.md for the pref-level gap = 10 add-a-setting items)."
Settings.Classes.vb,ExceptionInfo,Status,Property,,Settings.Classes.vb:932,strong,vaultkeeper/config/settings.py | vaultkeeper/core/install_manager.py | vaultkeeper/core/log.py,Divergence,"VB per-preference ListView-editor framework (Preferences/Config/Profiles/Locations pages, Import/Export/Reset/Undo). Bounded port = tabbed dialog + FolderMapping + status-bar profile menu. Subagent verdict: 0 MISSING user prefs (see FINDING_3_SETTINGS.md for the pref-level gap = 10 add-a-setting items)."
Settings.Classes.vb,ExceptionInfo,New,Sub,,Settings.Classes.vb:939,strong,vaultkeeper/core/hak_patch.py | vaultkeeper/core/mapper.py | vaultkeeper/core/name_edit.py,N/A,framework/designer-generated
Settings.Classes.vb,MapExcludeInfo,Group,Property,,Settings.Classes.vb:961,strong,vaultkeeper/config/settings.py | vaultkeeper/core/constants.py | vaultkeeper/core/file_key.py,Ported,DocOrganiser/ModPlayViewer/WizardBuilder core report/view/save logic (subagent+orchestrator).
Settings.Classes.vb,MapExcludeInfo,CanDelete,Property,,Settings.Classes.vb:966,none,,Divergence,"VB per-preference ListView-editor framework (Preferences/Config/Profiles/Locations pages, Import/Export/Reset/Undo). Bounded port = tabbed dialog + FolderMapping + status-bar profile menu. Subagent verdict: 0 MISSING user prefs (see FINDING_3_SETTINGS.md for the pref-level gap = 10 add-a-setting items)."
Settings.Classes.vb,MapExcludeInfo,New,Sub,,Settings.Classes.vb:972,strong,vaultkeeper/core/hak_patch.py | vaultkeeper/core/mapper.py | vaultkeeper/core/name_edit.py,N/A,framework/designer-generated
Settings.Common.vb,Settings,GetRulePrefs,Function,,Settings.Common.vb:27,none,,Ported,mod-list report + bounded ModExplorer filter (name/state) + download required-projects/sizes + rule/extension prefs.
Settings.Common.vb,Settings,GetPrefDescription,Function,,Settings.Common.vb:46,none,,Ported,mod-list report + bounded ModExplorer filter (name/state) + download required-projects/sizes + rule/extension prefs.
Settings.Common.vb,Settings,ValidateExtensionName,Function,,Settings.Common.vb:60,none,,Ported,mod-list report + bounded ModExplorer filter (name/state) + download required-projects/sizes + rule/extension prefs.
Settings.Common.vb,Settings,ShowMenu,Sub,,Settings.Common.vb:83,none,,Divergence,"VB per-preference ListView-editor plumbing (Preferences/Advanced/MenuCommon/MapExceptions pages), ModExplorer rating/prefix/operand filters + virtual-list/bg-worker, and ModView WinForms events / cosmetic icons+tooltips. Bounded port = tabbed Settings dialog + name/state/completed ModExplorer filter."
Settings.Common.vb,Settings,ClickPerformed,Function,,Settings.Common.vb:119,none,,Divergence,"VB per-preference ListView-editor plumbing (Preferences/Advanced/MenuCommon/MapExceptions pages), ModExplorer rating/prefix/operand filters + virtual-list/bg-worker, and ModView WinForms events / cosmetic icons+tooltips. Bounded port = tabbed Settings dialog + name/state/completed ModExplorer filter."
Settings.Common.vb,Settings,SetInfoText,Sub,,Settings.Common.vb:146,none,,Divergence,"VB per-preference ListView-editor framework (Preferences/Config/Profiles/Locations pages, Import/Export/Reset/Undo). Bounded port = tabbed dialog + FolderMapping + status-bar profile menu. Subagent verdict: 0 MISSING user prefs (see FINDING_3_SETTINGS.md for the pref-level gap = 10 add-a-setting items)."
Settings.Common.vb,Settings,OptionsMenu,Sub,,Settings.Common.vb:198,comment,vaultkeeper/ui/menu_bar.py,AUTO-PORTED,matched in comment/docstring
Settings.Common.vb,Settings,ChoiceSelected,Sub,,Settings.Common.vb:233,none,,Divergence,"VB per-preference ListView-editor plumbing (Preferences/Advanced/MenuCommon/MapExceptions pages), ModExplorer rating/prefix/operand filters + virtual-list/bg-worker, and ModView WinForms events / cosmetic icons+tooltips. Bounded port = tabbed Settings dialog + name/state/completed ModExplorer filter."
Settings.Common.vb,Settings,Cm_Opening,Sub,,Settings.Common.vb:276,none,,Divergence,"VB per-preference ListView-editor plumbing (Preferences/Advanced/MenuCommon/MapExceptions pages), ModExplorer rating/prefix/operand filters + virtual-list/bg-worker, and ModView WinForms events / cosmetic icons+tooltips. Bounded port = tabbed Settings dialog + name/state/completed ModExplorer filter."
Settings.Common.vb,Settings,Cm_ItemClicked,Sub,,Settings.Common.vb:300,none,,Divergence,"VB per-preference ListView-editor plumbing (Preferences/Advanced/MenuCommon/MapExceptions pages), ModExplorer rating/prefix/operand filters + virtual-list/bg-worker, and ModView WinForms events / cosmetic icons+tooltips. Bounded port = tabbed Settings dialog + name/state/completed ModExplorer filter."
Settings.Common.vb,Settings,Lv_GotFocus,Sub,,Settings.Common.vb:316,none,,Divergence,"WinForms lifecycle/event/virtual-list/bg-worker + bounded-viewer extras (owner-confirm: ModPlayViewer end-level filter/recent, DocOrganiser rtf/properties)."
Settings.Common.vb,Settings,Lv_ItemClicked,Sub,,Settings.Common.vb:344,none,,Divergence,WinForms event/progress/UI plumbing refactored into controller/vault + bounded viewer (search/copy-paste/nav). Owner-confirm candidates: StartScreen export/copy-paste/search.
Settings.Common.vb,Settings,Lv_SelectedIndexChanged,Sub,,Settings.Common.vb:437,none,,Divergence,"WinForms lifecycle/event/virtual-list/bg-worker + bounded-viewer extras (owner-confirm: ModPlayViewer end-level filter/recent, DocOrganiser rtf/properties)."
Settings.Common.vb,Settings,Lv_KeyUp,Sub,,Settings.Common.vb:461,none,,Divergence,"VB per-preference ListView-editor plumbing (Preferences/Advanced/MenuCommon/MapExceptions pages), ModExplorer rating/prefix/operand filters + virtual-list/bg-worker, and ModView WinForms events / cosmetic icons+tooltips. Bounded port = tabbed Settings dialog + name/state/completed ModExplorer filter."
Settings.Common.vb,Settings,Lv_DoubleClick,Sub,,Settings.Common.vb:484,none,,Divergence,"VB per-preference ListView-editor plumbing (Preferences/Advanced/MenuCommon/MapExceptions pages), ModExplorer rating/prefix/operand filters + virtual-list/bg-worker, and ModView WinForms events / cosmetic icons+tooltips. Bounded port = tabbed Settings dialog + name/state/completed ModExplorer filter."
Settings.Config.vb,Settings,SetListViewDefs,Sub,,Settings.Config.vb:34,none,,Divergence,"VB per-preference ListView-editor framework (Preferences/Config/Profiles/Locations pages, Import/Export/Reset/Undo). Bounded port = tabbed dialog + FolderMapping + status-bar profile menu. Subagent verdict: 0 MISSING user prefs (see FINDING_3_SETTINGS.md for the pref-level gap = 10 add-a-setting items)."
Settings.Config.vb,Settings,ItemStatus,Property,,Settings.Config.vb:251,none,,Divergence,"VB per-preference ListView-editor framework (Preferences/Config/Profiles/Locations pages, Import/Export/Reset/Undo). Bounded port = tabbed dialog + FolderMapping + status-bar profile menu. Subagent verdict: 0 MISSING user prefs (see FINDING_3_SETTINGS.md for the pref-level gap = 10 add-a-setting items)."
Settings.Config.vb,Settings,ItemInfoHeading,Property,,Settings.Config.vb:273,none,,Divergence,"VB per-preference ListView-editor framework (Preferences/Config/Profiles/Locations pages, Import/Export/Reset/Undo). Bounded port = tabbed dialog + FolderMapping + status-bar profile menu. Subagent verdict: 0 MISSING user prefs (see FINDING_3_SETTINGS.md for the pref-level gap = 10 add-a-setting items)."
Settings.Config.vb,Settings,Sm,Property,,Settings.Config.vb:290,none,,Divergence,"VB per-preference ListView-editor framework (Preferences/Config/Profiles/Locations pages, Import/Export/Reset/Undo). Bounded port = tabbed dialog + FolderMapping + status-bar profile menu. Subagent verdict: 0 MISSING user prefs (see FINDING_3_SETTINGS.md for the pref-level gap = 10 add-a-setting items)."
Settings.Config.vb,Settings,SettingsActions,Property,,Settings.Config.vb:296,none,,Divergence,"VB per-preference ListView-editor framework (Preferences/Config/Profiles/Locations pages, Import/Export/Reset/Undo). Bounded port = tabbed dialog + FolderMapping + status-bar profile menu. Subagent verdict: 0 MISSING user prefs (see FINDING_3_SETTINGS.md for the pref-level gap = 10 add-a-setting items)."
Settings.Config.vb,Settings,SetContextMenuToolTipText,Sub,,Settings.Config.vb:350,none,,Divergence,"VB per-preference ListView-editor framework (Preferences/Config/Profiles/Locations pages, Import/Export/Reset/Undo). Bounded port = tabbed dialog + FolderMapping + status-bar profile menu. Subagent verdict: 0 MISSING user prefs (see FINDING_3_SETTINGS.md for the pref-level gap = 10 add-a-setting items)."
Settings.Config.vb,Settings,GetPreferenceInfo,Function,,Settings.Config.vb:384,none,,Divergence,"VB per-preference ListView-editor framework (Preferences/Config/Profiles/Locations pages, Import/Export/Reset/Undo). Bounded port = tabbed dialog + FolderMapping + status-bar profile menu. Subagent verdict: 0 MISSING user prefs (see FINDING_3_SETTINGS.md for the pref-level gap = 10 add-a-setting items)."
Settings.Config.vb,Settings,GetLocationInfo,Function,,Settings.Config.vb:840,none,,Divergence,"VB per-preference ListView-editor framework (Preferences/Config/Profiles/Locations pages, Import/Export/Reset/Undo). Bounded port = tabbed dialog + FolderMapping + status-bar profile menu. Subagent verdict: 0 MISSING user prefs (see FINDING_3_SETTINGS.md for the pref-level gap = 10 add-a-setting items)."
Settings.Config.vb,Settings,DefaultNwnLocation,Property,,Settings.Config.vb:849,none,,Divergence,"VB per-preference ListView-editor framework (Preferences/Config/Profiles/Locations pages, Import/Export/Reset/Undo). Bounded port = tabbed dialog + FolderMapping + status-bar profile menu. Subagent verdict: 0 MISSING user prefs (see FINDING_3_SETTINGS.md for the pref-level gap = 10 add-a-setting items)."
Settings.Config.vb,Settings,DefaultEeLocation,Property,,Settings.Config.vb:858,none,,Divergence,"VB per-preference ListView-editor framework (Preferences/Config/Profiles/Locations pages, Import/Export/Reset/Undo). Bounded port = tabbed dialog + FolderMapping + status-bar profile menu. Subagent verdict: 0 MISSING user prefs (see FINDING_3_SETTINGS.md for the pref-level gap = 10 add-a-setting items)."
Settings.Config.vb,Settings,DefaultEeLibLocation,Property,,Settings.Config.vb:867,none,,Divergence,"VB per-preference ListView-editor framework (Preferences/Config/Profiles/Locations pages, Import/Export/Reset/Undo). Bounded port = tabbed dialog + FolderMapping + status-bar profile menu. Subagent verdict: 0 MISSING user prefs (see FINDING_3_SETTINGS.md for the pref-level gap = 10 add-a-setting items)."
Settings.Config.vb,Settings,GetAdvancedInfo,Function,,Settings.Config.vb:1215,none,,Divergence,"VB per-preference ListView-editor framework (Preferences/Config/Profiles/Locations pages, Import/Export/Reset/Undo). Bounded port = tabbed dialog + FolderMapping + status-bar profile menu. Subagent verdict: 0 MISSING user prefs (see FINDING_3_SETTINGS.md for the pref-level gap = 10 add-a-setting items)."
Settings.Config.vb,Settings,SeparatorItem,Property,,Settings.Config.vb:1696,none,,Divergence,"VB per-preference ListView-editor framework (Preferences/Config/Profiles/Locations pages, Import/Export/Reset/Undo). Bounded port = tabbed dialog + FolderMapping + status-bar profile menu. Subagent verdict: 0 MISSING user prefs (see FINDING_3_SETTINGS.md for the pref-level gap = 10 add-a-setting items)."
Settings.Config.vb,Settings,ToSettingsFormat,Function,,Settings.Config.vb:1717,none,,Divergence,"VB per-preference ListView-editor framework (Preferences/Config/Profiles/Locations pages, Import/Export/Reset/Undo). Bounded port = tabbed dialog + FolderMapping + status-bar profile menu. Subagent verdict: 0 MISSING user prefs (see FINDING_3_SETTINGS.md for the pref-level gap = 10 add-a-setting items)."
Settings.Config.vb,Settings,NoExceptions,Property,,Settings.Config.vb:1742,none,,Divergence,"VB per-preference ListView-editor framework (Preferences/Config/Profiles/Locations pages, Import/Export/Reset/Undo). Bounded port = tabbed dialog + FolderMapping + status-bar profile menu. Subagent verdict: 0 MISSING user prefs (see FINDING_3_SETTINGS.md for the pref-level gap = 10 add-a-setting items)."
Settings.Config.vb,Settings,UndoInformation,Property,,Settings.Config.vb:1756,none,,Divergence,"VB per-preference ListView-editor framework (Preferences/Config/Profiles/Locations pages, Import/Export/Reset/Undo). Bounded port = tabbed dialog + FolderMapping + status-bar profile menu. Subagent verdict: 0 MISSING user prefs (see FINDING_3_SETTINGS.md for the pref-level gap = 10 add-a-setting items)."
Settings.Config.vb,Settings,FileNwnFolderMenu,Property,,Settings.Config.vb:1804,none,,Divergence,"VB per-preference ListView-editor framework (Preferences/Config/Profiles/Locations pages, Import/Export/Reset/Undo). Bounded port = tabbed dialog + FolderMapping + status-bar profile menu. Subagent verdict: 0 MISSING user prefs (see FINDING_3_SETTINGS.md for the pref-level gap = 10 add-a-setting items)."
Settings.Config.vb,Settings,NwnFolderMenu,Property,,Settings.Config.vb:1819,none,,Divergence,"VB per-preference ListView-editor framework (Preferences/Config/Profiles/Locations pages, Import/Export/Reset/Undo). Bounded port = tabbed dialog + FolderMapping + status-bar profile menu. Subagent verdict: 0 MISSING user prefs (see FINDING_3_SETTINGS.md for the pref-level gap = 10 add-a-setting items)."
Settings.Config.vb,Settings,ExcludeType,Property,,Settings.Config.vb:1849,none,,Divergence,"VB per-preference ListView-editor framework (Preferences/Config/Profiles/Locations pages, Import/Export/Reset/Undo). Bounded port = tabbed dialog + FolderMapping + status-bar profile menu. Subagent verdict: 0 MISSING user prefs (see FINDING_3_SETTINGS.md for the pref-level gap = 10 add-a-setting items)."
Settings.Config.vb,Settings,ChangeGroup,Function,,Settings.Config.vb:1863,none,,Divergence,"VB per-preference ListView-editor framework (Preferences/Config/Profiles/Locations pages, Import/Export/Reset/Undo). Bounded port = tabbed dialog + FolderMapping + status-bar profile menu. Subagent verdict: 0 MISSING user prefs (see FINDING_3_SETTINGS.md for the pref-level gap = 10 add-a-setting items)."
Settings.Locations.vb,Settings,AddLocations,Sub,,Settings.Locations.vb:34,none,,Divergence,"VB per-preference ListView-editor framework (Preferences/Config/Profiles/Locations pages, Import/Export/Reset/Undo). Bounded port = tabbed dialog + FolderMapping + status-bar profile menu. Subagent verdict: 0 MISSING user prefs (see FINDING_3_SETTINGS.md for the pref-level gap = 10 add-a-setting items)."
Settings.Locations.vb,Settings,ResetLocationItem,Sub,,Settings.Locations.vb:88,none,,Divergence,"VB per-preference ListView-editor framework (Preferences/Config/Profiles/Locations pages, Import/Export/Reset/Undo). Bounded port = tabbed dialog + FolderMapping + status-bar profile menu. Subagent verdict: 0 MISSING user prefs (see FINDING_3_SETTINGS.md for the pref-level gap = 10 add-a-setting items)."
Settings.Locations.vb,Settings,ImportLocations,Sub,,Settings.Locations.vb:154,none,,Divergence,"VB per-preference ListView-editor framework (Preferences/Config/Profiles/Locations pages, Import/Export/Reset/Undo). Bounded port = tabbed dialog + FolderMapping + status-bar profile menu. Subagent verdict: 0 MISSING user prefs (see FINDING_3_SETTINGS.md for the pref-level gap = 10 add-a-setting items)."
Settings.Locations.vb,Settings,SaveLocations,Sub,,Settings.Locations.vb:218,none,,Divergence,"VB per-preference ListView-editor framework (Preferences/Config/Profiles/Locations pages, Import/Export/Reset/Undo). Bounded port = tabbed dialog + FolderMapping + status-bar profile menu. Subagent verdict: 0 MISSING user prefs (see FINDING_3_SETTINGS.md for the pref-level gap = 10 add-a-setting items)."
Settings.Locations.vb,Settings,LvLocations_ItemCheck,Sub,LvLocations.ItemCheck,Settings.Locations.vb:281,none,,Divergence,"VB per-preference ListView-editor framework (Preferences/Config/Profiles/Locations pages, Import/Export/Reset/Undo). Bounded port = tabbed dialog + FolderMapping + status-bar profile menu. Subagent verdict: 0 MISSING user prefs (see FINDING_3_SETTINGS.md for the pref-level gap = 10 add-a-setting items)."
Settings.Locations.vb,Settings,LocationsMenu,Sub,,Settings.Locations.vb:313,none,,Divergence,"VB per-preference ListView-editor framework (Preferences/Config/Profiles/Locations pages, Import/Export/Reset/Undo). Bounded port = tabbed dialog + FolderMapping + status-bar profile menu. Subagent verdict: 0 MISSING user prefs (see FINDING_3_SETTINGS.md for the pref-level gap = 10 add-a-setting items)."
Settings.Locations.vb,Settings,EditExtendedEditionInfo,Sub,,Settings.Locations.vb:379,none,,Divergence,"VB per-preference ListView-editor framework (Preferences/Config/Profiles/Locations pages, Import/Export/Reset/Undo). Bounded port = tabbed dialog + FolderMapping + status-bar profile menu. Subagent verdict: 0 MISSING user prefs (see FINDING_3_SETTINGS.md for the pref-level gap = 10 add-a-setting items)."
Settings.Locations.vb,Settings,EditFolder,Function,,Settings.Locations.vb:416,none,,Divergence,"VB per-preference ListView-editor framework (Preferences/Config/Profiles/Locations pages, Import/Export/Reset/Undo). Bounded port = tabbed dialog + FolderMapping + status-bar profile menu. Subagent verdict: 0 MISSING user prefs (see FINDING_3_SETTINGS.md for the pref-level gap = 10 add-a-setting items)."
Settings.Locations.vb,Settings,EditFile,Function,,Settings.Locations.vb:490,none,,Divergence,"VB per-preference ListView-editor framework (Preferences/Config/Profiles/Locations pages, Import/Export/Reset/Undo). Bounded port = tabbed dialog + FolderMapping + status-bar profile menu. Subagent verdict: 0 MISSING user prefs (see FINDING_3_SETTINGS.md for the pref-level gap = 10 add-a-setting items)."
Settings.Locations.vb,Settings,EditNetwork,Function,,Settings.Locations.vb:560,none,,Divergence,"VB per-preference ListView-editor framework (Preferences/Config/Profiles/Locations pages, Import/Export/Reset/Undo). Bounded port = tabbed dialog + FolderMapping + status-bar profile menu. Subagent verdict: 0 MISSING user prefs (see FINDING_3_SETTINGS.md for the pref-level gap = 10 add-a-setting items)."
Settings.Locations.vb,Settings,EditFromChoice,Function,,Settings.Locations.vb:601,none,,Divergence,"VB per-preference ListView-editor framework (Preferences/Config/Profiles/Locations pages, Import/Export/Reset/Undo). Bounded port = tabbed dialog + FolderMapping + status-bar profile menu. Subagent verdict: 0 MISSING user prefs (see FINDING_3_SETTINGS.md for the pref-level gap = 10 add-a-setting items)."
Settings.Locations.vb,Settings,EditSharedProfile,Function,,Settings.Locations.vb:626,none,,Divergence,"VB per-preference ListView-editor framework (Preferences/Config/Profiles/Locations pages, Import/Export/Reset/Undo). Bounded port = tabbed dialog + FolderMapping + status-bar profile menu. Subagent verdict: 0 MISSING user prefs (see FINDING_3_SETTINGS.md for the pref-level gap = 10 add-a-setting items)."
Settings.Locations.vb,Settings,EditUrl,Function,,Settings.Locations.vb:674,none,,Divergence,"VB per-preference ListView-editor framework (Preferences/Config/Profiles/Locations pages, Import/Export/Reset/Undo). Bounded port = tabbed dialog + FolderMapping + status-bar profile menu. Subagent verdict: 0 MISSING user prefs (see FINDING_3_SETTINGS.md for the pref-level gap = 10 add-a-setting items)."
Settings.Locations.vb,Settings,ValidateUrl,Function,,Settings.Locations.vb:698,none,,Divergence,"VB per-preference ListView-editor framework (Preferences/Config/Profiles/Locations pages, Import/Export/Reset/Undo). Bounded port = tabbed dialog + FolderMapping + status-bar profile menu. Subagent verdict: 0 MISSING user prefs (see FINDING_3_SETTINGS.md for the pref-level gap = 10 add-a-setting items)."
Settings.MapCommon.vb,Settings,SetMapValues,Sub,,Settings.MapCommon.vb:23,none,,GAP?,
Settings.MapCommon.vb,Settings,SetMapItem,Sub,,Settings.MapCommon.vb:66,none,,GAP?,
Settings.MapCommon.vb,Settings,RemoveDeletedMapItems,Sub,,Settings.MapCommon.vb:107,none,,GAP?,
Settings.MapCommon.vb,Settings,UpdateContextMenu,Sub,,Settings.MapCommon.vb:131,none,,GAP?,
Settings.MapExceptions.vb,Settings,AddExceptions,Sub,,Settings.MapExceptions.vb:26,none,,Partial,group-delete/installer-subfolder/download-target/map-exception editing present but bounded.
Settings.MapExceptions.vb,Settings,LvExceptionsItemChanged,Sub,,Settings.MapExceptions.vb:87,none,,Divergence,"VB per-preference ListView-editor plumbing (Preferences/Advanced/MenuCommon/MapExceptions pages), ModExplorer rating/prefix/operand filters + virtual-list/bg-worker, and ModView WinForms events / cosmetic icons+tooltips. Bounded port = tabbed Settings dialog + name/state/completed ModExplorer filter."
Settings.MapExceptions.vb,Settings,LvExceptions_GotFocus,Sub,LvExceptions.GotFocus,Settings.MapExceptions.vb:118,none,,Divergence,"VB per-preference ListView-editor plumbing (Preferences/Advanced/MenuCommon/MapExceptions pages), ModExplorer rating/prefix/operand filters + virtual-list/bg-worker, and ModView WinForms events / cosmetic icons+tooltips. Bounded port = tabbed Settings dialog + name/state/completed ModExplorer filter."
Settings.MapExceptions.vb,Settings,LvExceptions_LostFocus,Sub,LvExceptions.LostFocus,Settings.MapExceptions.vb:135,none,,Divergence,"VB per-preference ListView-editor plumbing (Preferences/Advanced/MenuCommon/MapExceptions pages), ModExplorer rating/prefix/operand filters + virtual-list/bg-worker, and ModView WinForms events / cosmetic icons+tooltips. Bounded port = tabbed Settings dialog + name/state/completed ModExplorer filter."
Settings.MapExceptions.vb,Settings,CmxNewException_Click,Sub,CmxNewException.Click,Settings.MapExceptions.vb:158,none,,Divergence,"VB per-preference ListView-editor plumbing (Preferences/Advanced/MenuCommon/MapExceptions pages), ModExplorer rating/prefix/operand filters + virtual-list/bg-worker, and ModView WinForms events / cosmetic icons+tooltips. Bounded port = tabbed Settings dialog + name/state/completed ModExplorer filter."
Settings.MapExceptions.vb,Settings,CmxEditException_Click,Sub,CmxEditException.Click,Settings.MapExceptions.vb:208,none,,Divergence,"VB per-preference ListView-editor plumbing (Preferences/Advanced/MenuCommon/MapExceptions pages), ModExplorer rating/prefix/operand filters + virtual-list/bg-worker, and ModView WinForms events / cosmetic icons+tooltips. Bounded port = tabbed Settings dialog + name/state/completed ModExplorer filter."
Settings.MapExceptions.vb,Settings,ValidateException,Function,,Settings.MapExceptions.vb:256,none,,Partial,group-delete/installer-subfolder/download-target/map-exception editing present but bounded.
Settings.MapExceptions.vb,Settings,CmxUndo_Click,Sub,CmxUndo.Click,Settings.MapExceptions.vb:318,none,,Divergence,"VB per-preference ListView-editor plumbing (Preferences/Advanced/MenuCommon/MapExceptions pages), ModExplorer rating/prefix/operand filters + virtual-list/bg-worker, and ModView WinForms events / cosmetic icons+tooltips. Bounded port = tabbed Settings dialog + name/state/completed ModExplorer filter."
Settings.MapExceptions.vb,Settings,CmxRemove_Click,Sub,CmxRemove.Click,Settings.MapExceptions.vb:339,none,,Divergence,"VB per-preference ListView-editor plumbing (Preferences/Advanced/MenuCommon/MapExceptions pages), ModExplorer rating/prefix/operand filters + virtual-list/bg-worker, and ModView WinForms events / cosmetic icons+tooltips. Bounded port = tabbed Settings dialog + name/state/completed ModExplorer filter."
Settings.MapExcludes.vb,Settings,AddMapExcludes,Sub,,Settings.MapExcludes.vb:23,none,,Partial,map editing ported via FolderMapping dialog (Extensions/Files/Folders/Excludes add/remove/reset); VB ListView import/rename context menus divergent.
Settings.MapExcludes.vb,Settings,ResetMapExcludes,Sub,,Settings.MapExcludes.vb:75,none,,Partial,map editing ported via FolderMapping dialog (Extensions/Files/Folders/Excludes add/remove/reset); VB ListView import/rename context menus divergent.
Settings.MapExcludes.vb,Settings,ImportMapExcludes,Sub,,Settings.MapExcludes.vb:88,none,,Partial,map editing ported via FolderMapping dialog (Extensions/Files/Folders/Excludes add/remove/reset); VB ListView import/rename context menus divergent.
Settings.MapExcludes.vb,Settings,SetMapExcludes,Sub,,Settings.MapExcludes.vb:120,none,,Partial,map editing ported via FolderMapping dialog (Extensions/Files/Folders/Excludes add/remove/reset); VB ListView import/rename context menus divergent.
Settings.MapExcludes.vb,Settings,ResetMapExcludeSelected,Sub,,Settings.MapExcludes.vb:179,none,,Partial,map editing ported via FolderMapping dialog (Extensions/Files/Folders/Excludes add/remove/reset); VB ListView import/rename context menus divergent.
Settings.MapExcludes.vb,Settings,SetMapExcludeSelected,Sub,,Settings.MapExcludes.vb:193,none,,Partial,map editing ported via FolderMapping dialog (Extensions/Files/Folders/Excludes add/remove/reset); VB ListView import/rename context menus divergent.
Settings.MapExcludes.vb,Settings,SaveMapExcludes,Sub,,Settings.MapExcludes.vb:240,none,,Partial,map editing ported via FolderMapping dialog (Extensions/Files/Folders/Excludes add/remove/reset); VB ListView import/rename context menus divergent.
Settings.MapExcludes.vb,Settings,LvMapExcludesItemChanged,Sub,,Settings.MapExcludes.vb:253,none,,Partial,map editing ported via FolderMapping dialog (Extensions/Files/Folders/Excludes add/remove/reset); VB ListView import/rename context menus divergent.
Settings.MapExcludes.vb,Settings,CexNewExclusion_Click,Sub,CexNewExclusion.Click,Settings.MapExcludes.vb:291,none,,Partial,map editing ported via FolderMapping dialog (Extensions/Files/Folders/Excludes add/remove/reset); VB ListView import/rename context menus divergent.
Settings.MapExcludes.vb,Settings,CexEditExclusion_Click,Sub,CexEditExclusion.Click,Settings.MapExcludes.vb:333,none,,Partial,map editing ported via FolderMapping dialog (Extensions/Files/Folders/Excludes add/remove/reset); VB ListView import/rename context menus divergent.
Settings.MapExcludes.vb,Settings,ValidateExclude,Function,,Settings.MapExcludes.vb:365,none,,Partial,map editing ported via FolderMapping dialog (Extensions/Files/Folders/Excludes add/remove/reset); VB ListView import/rename context menus divergent.
Settings.MapExcludes.vb,Settings,CexUndo_Click,Sub,CexUndo.Click,Settings.MapExcludes.vb:401,none,,Partial,map editing ported via FolderMapping dialog (Extensions/Files/Folders/Excludes add/remove/reset); VB ListView import/rename context menus divergent.
Settings.MapExcludes.vb,Settings,CexRemove_Click,Sub,CexRemove.Click,Settings.MapExcludes.vb:430,none,,Partial,map editing ported via FolderMapping dialog (Extensions/Files/Folders/Excludes add/remove/reset); VB ListView import/rename context menus divergent.
Settings.MapExcludes.vb,Settings,CexAddPlayerExclusions_Click,Sub,CexAddPlayerExclusions.Click,Settings.MapExcludes.vb:479,none,,Partial,map editing ported via FolderMapping dialog (Extensions/Files/Folders/Excludes add/remove/reset); VB ListView import/rename context menus divergent.
Settings.MapExcludes.vb,Settings,CexRemovePlayerExclusions_Click,Sub,CexRemovePlayerExclusions.Click,Settings.MapExcludes.vb:524,none,,Partial,map editing ported via FolderMapping dialog (Extensions/Files/Folders/Excludes add/remove/reset); VB ListView import/rename context menus divergent.
Settings.MapExtensions.vb,Settings,AddMapExtensions,Sub,,Settings.MapExtensions.vb:23,none,,Partial,map editing ported via FolderMapping dialog (Extensions/Files/Folders/Excludes add/remove/reset); VB ListView import/rename context menus divergent.
Settings.MapExtensions.vb,Settings,ResetMapExtensions,Sub,,Settings.MapExtensions.vb:112,none,,Partial,map editing ported via FolderMapping dialog (Extensions/Files/Folders/Excludes add/remove/reset); VB ListView import/rename context menus divergent.
Settings.MapExtensions.vb,Settings,ImportMapExtensions,Sub,,Settings.MapExtensions.vb:125,none,,Partial,map editing ported via FolderMapping dialog (Extensions/Files/Folders/Excludes add/remove/reset); VB ListView import/rename context menus divergent.
Settings.MapExtensions.vb,Settings,SetMapExtensions,Sub,,Settings.MapExtensions.vb:139,none,,Partial,map editing ported via FolderMapping dialog (Extensions/Files/Folders/Excludes add/remove/reset); VB ListView import/rename context menus divergent.
Settings.MapExtensions.vb,Settings,ResetMapExtensionItem,Sub,,Settings.MapExtensions.vb:185,none,,Partial,map editing ported via FolderMapping dialog (Extensions/Files/Folders/Excludes add/remove/reset); VB ListView import/rename context menus divergent.
Settings.MapExtensions.vb,Settings,SetMapExtensionItem,Sub,,Settings.MapExtensions.vb:199,none,,Partial,map editing ported via FolderMapping dialog (Extensions/Files/Folders/Excludes add/remove/reset); VB ListView import/rename context menus divergent.
Settings.MapExtensions.vb,Settings,SaveMapExtensions,Sub,,Settings.MapExtensions.vb:280,none,,Partial,map editing ported via FolderMapping dialog (Extensions/Files/Folders/Excludes add/remove/reset); VB ListView import/rename context menus divergent.
Settings.MapExtensions.vb,Settings,LvMapExtensionsItemChanged,Sub,,Settings.MapExtensions.vb:315,none,,Partial,map editing ported via FolderMapping dialog (Extensions/Files/Folders/Excludes add/remove/reset); VB ListView import/rename context menus divergent.
Settings.MapExtensions.vb,Settings,CmeNewExtension_Click,Sub,CmeNewExtension.Click,Settings.MapExtensions.vb:384,none,,Partial,map editing ported via FolderMapping dialog (Extensions/Files/Folders/Excludes add/remove/reset); VB ListView import/rename context menus divergent.
Settings.MapExtensions.vb,Settings,CmeRenameExt_Click,Sub,CmeRenameExt.Click,Settings.MapExtensions.vb:435,none,,Partial,map editing ported via FolderMapping dialog (Extensions/Files/Folders/Excludes add/remove/reset); VB ListView import/rename context menus divergent.
Settings.MapExtensions.vb,Settings,ValidateExtension,Function,,Settings.MapExtensions.vb:473,none,,Partial,map editing ported via FolderMapping dialog (Extensions/Files/Folders/Excludes add/remove/reset); VB ListView import/rename context menus divergent.
Settings.MapExtensions.vb,Settings,CmeFolder_Click,Sub,"CmeDefaultFolder.Click, CmeSecondaryFolder.Click",Settings.MapExtensions.vb:503,none,,Partial,map editing ported via FolderMapping dialog (Extensions/Files/Folders/Excludes add/remove/reset); VB ListView import/rename context menus divergent.
Settings.MapExtensions.vb,Settings,FolderMenu_Clicked,Sub,,Settings.MapExtensions.vb:526,none,,Partial,map editing ported via FolderMapping dialog (Extensions/Files/Folders/Excludes add/remove/reset); VB ListView import/rename context menus divergent.
Settings.MapExtensions.vb,Settings,CmeUndo_Click,Sub,CmeUndo.Click,Settings.MapExtensions.vb:567,none,,Partial,map editing ported via FolderMapping dialog (Extensions/Files/Folders/Excludes add/remove/reset); VB ListView import/rename context menus divergent.
Settings.MapExtensions.vb,Settings,CmeRemove_Click,Sub,CmeRemove.Click,Settings.MapExtensions.vb:609,none,,Partial,map editing ported via FolderMapping dialog (Extensions/Files/Folders/Excludes add/remove/reset); VB ListView import/rename context menus divergent.
Settings.MapFiles.vb,Settings,AddMapFiles,Sub,,Settings.MapFiles.vb:23,none,,Partial,map editing ported via FolderMapping dialog (Extensions/Files/Folders/Excludes add/remove/reset); VB ListView import/rename context menus divergent.
Settings.MapFiles.vb,Settings,ResetMapFiles,Sub,,Settings.MapFiles.vb:69,none,,Partial,map editing ported via FolderMapping dialog (Extensions/Files/Folders/Excludes add/remove/reset); VB ListView import/rename context menus divergent.
Settings.MapFiles.vb,Settings,ImportMapFiles,Sub,,Settings.MapFiles.vb:79,none,,Partial,map editing ported via FolderMapping dialog (Extensions/Files/Folders/Excludes add/remove/reset); VB ListView import/rename context menus divergent.
Settings.MapFiles.vb,Settings,ResetMapFileSelected,Sub,,Settings.MapFiles.vb:91,none,,Partial,map editing ported via FolderMapping dialog (Extensions/Files/Folders/Excludes add/remove/reset); VB ListView import/rename context menus divergent.
Settings.MapFiles.vb,Settings,SaveMapFiles,Sub,,Settings.MapFiles.vb:101,none,,Partial,map editing ported via FolderMapping dialog (Extensions/Files/Folders/Excludes add/remove/reset); VB ListView import/rename context menus divergent.
Settings.MapFiles.vb,Settings,LvMapFilesItemChanged,Sub,,Settings.MapFiles.vb:112,none,,Partial,map editing ported via FolderMapping dialog (Extensions/Files/Folders/Excludes add/remove/reset); VB ListView import/rename context menus divergent.
Settings.MapFiles.vb,Settings,CmfNewFileName_Click,Sub,CmfNewFileName.Click,Settings.MapFiles.vb:137,none,,Partial,map editing ported via FolderMapping dialog (Extensions/Files/Folders/Excludes add/remove/reset); VB ListView import/rename context menus divergent.
Settings.MapFiles.vb,Settings,CmfFileName_Click,Sub,CmfFileName.Click,Settings.MapFiles.vb:186,none,,Partial,map editing ported via FolderMapping dialog (Extensions/Files/Folders/Excludes add/remove/reset); VB ListView import/rename context menus divergent.
Settings.MapFiles.vb,Settings,ValidateFileName,Function,,Settings.MapFiles.vb:229,none,,Partial,map editing ported via FolderMapping dialog (Extensions/Files/Folders/Excludes add/remove/reset); VB ListView import/rename context menus divergent.
Settings.MapFiles.vb,Settings,CmfNwnFolder_Click,Sub,CmfNwnFolder.Click,Settings.MapFiles.vb:254,none,,Partial,map editing ported via FolderMapping dialog (Extensions/Files/Folders/Excludes add/remove/reset); VB ListView import/rename context menus divergent.
Settings.MapFolders.vb,Settings,AddMapFolders,Sub,,Settings.MapFolders.vb:23,none,,Partial,map editing ported via FolderMapping dialog (Extensions/Files/Folders/Excludes add/remove/reset); VB ListView import/rename context menus divergent.
Settings.MapFolders.vb,Settings,ResetMapFolders,Sub,,Settings.MapFolders.vb:66,none,,Partial,map editing ported via FolderMapping dialog (Extensions/Files/Folders/Excludes add/remove/reset); VB ListView import/rename context menus divergent.
Settings.MapFolders.vb,Settings,ImportMapFolders,Sub,,Settings.MapFolders.vb:76,none,,Partial,map editing ported via FolderMapping dialog (Extensions/Files/Folders/Excludes add/remove/reset); VB ListView import/rename context menus divergent.
Settings.MapFolders.vb,Settings,ResetMapFolderSelected,Sub,,Settings.MapFolders.vb:88,none,,Partial,map editing ported via FolderMapping dialog (Extensions/Files/Folders/Excludes add/remove/reset); VB ListView import/rename context menus divergent.
Settings.MapFolders.vb,Settings,SaveMapFolders,Sub,,Settings.MapFolders.vb:98,none,,Partial,map editing ported via FolderMapping dialog (Extensions/Files/Folders/Excludes add/remove/reset); VB ListView import/rename context menus divergent.
Settings.MapFolders.vb,Settings,LvMapFoldersItemChanged,Sub,,Settings.MapFolders.vb:109,none,,Partial,map editing ported via FolderMapping dialog (Extensions/Files/Folders/Excludes add/remove/reset); VB ListView import/rename context menus divergent.
Settings.MapFolders.vb,Settings,CmdNewSourceFolder_Click,Sub,CmdNewSourceFolder.Click,Settings.MapFolders.vb:134,none,,Partial,map editing ported via FolderMapping dialog (Extensions/Files/Folders/Excludes add/remove/reset); VB ListView import/rename context menus divergent.
Settings.MapFolders.vb,Settings,CmdSourceFolder_Click,Sub,CmdSourceFolder.Click,Settings.MapFolders.vb:180,none,,Partial,map editing ported via FolderMapping dialog (Extensions/Files/Folders/Excludes add/remove/reset); VB ListView import/rename context menus divergent.
Settings.MapFolders.vb,Settings,ValidateSourceFolder,Function,,Settings.MapFolders.vb:213,none,,Partial,map editing ported via FolderMapping dialog (Extensions/Files/Folders/Excludes add/remove/reset); VB ListView import/rename context menus divergent.
Settings.MapFolders.vb,Settings,CmdNwnFolder_Click,Sub,CmdNwnFolder.Click,Settings.MapFolders.vb:239,none,,Partial,map editing ported via FolderMapping dialog (Extensions/Files/Folders/Excludes add/remove/reset); VB ListView import/rename context menus divergent.
Settings.MapFolders.vb,Settings,NwnFolder_Clicked,Sub,,Settings.MapFolders.vb:261,none,,Partial,map editing ported via FolderMapping dialog (Extensions/Files/Folders/Excludes add/remove/reset); VB ListView import/rename context menus divergent.
Settings.MapFolders.vb,Settings,CmdUndo_Click,Sub,"CmdUndo.Click, CmfUndo.Click",Settings.MapFolders.vb:289,none,,Partial,map editing ported via FolderMapping dialog (Extensions/Files/Folders/Excludes add/remove/reset); VB ListView import/rename context menus divergent.
Settings.MapFolders.vb,Settings,CmdRemove_Click,Sub,"CmdRemove.Click, CmfRemove.Click",Settings.MapFolders.vb:317,none,,Partial,map editing ported via FolderMapping dialog (Extensions/Files/Folders/Excludes add/remove/reset); VB ListView import/rename context menus divergent.
Settings.MenuCommon.vb,Settings,ImportedMenu,Function,,Settings.MenuCommon.vb:26,none,,Divergence,"VB per-preference ListView-editor plumbing (Preferences/Advanced/MenuCommon/MapExceptions pages), ModExplorer rating/prefix/operand filters + virtual-list/bg-worker, and ModView WinForms events / cosmetic icons+tooltips. Bounded port = tabbed Settings dialog + name/state/completed ModExplorer filter."
Settings.MenuCommon.vb,Settings,SetMenu,Sub,,Settings.MenuCommon.vb:57,strong,vaultkeeper/ui/dialogs/doc_organiser.py | vaultkeeper/ui/menu_bar.py,Divergence,"WinForms lifecycle/event/virtual-list/bg-worker + bounded-viewer extras (owner-confirm: ModPlayViewer end-level filter/recent, DocOrganiser rtf/properties)."
Settings.MenuCommon.vb,Settings,SetMenuItem,Sub,,Settings.MenuCommon.vb:105,none,,Divergence,"VB per-preference ListView-editor plumbing (Preferences/Advanced/MenuCommon/MapExceptions pages), ModExplorer rating/prefix/operand filters + virtual-list/bg-worker, and ModView WinForms events / cosmetic icons+tooltips. Bounded port = tabbed Settings dialog + name/state/completed ModExplorer filter."
Settings.MenuCommon.vb,Settings,LvMenuItemChanged,Sub,,Settings.MenuCommon.vb:154,none,,Divergence,"VB per-preference ListView-editor plumbing (Preferences/Advanced/MenuCommon/MapExceptions pages), ModExplorer rating/prefix/operand filters + virtual-list/bg-worker, and ModView WinForms events / cosmetic icons+tooltips. Bounded port = tabbed Settings dialog + name/state/completed ModExplorer filter."
Settings.MenuCommon.vb,Settings,Cm_MoveUp_Click,Sub,"CmrMoveUp.Click, CmwMoveUp.Click",Settings.MenuCommon.vb:219,none,,Divergence,"VB per-preference ListView-editor plumbing (Preferences/Advanced/MenuCommon/MapExceptions pages), ModExplorer rating/prefix/operand filters + virtual-list/bg-worker, and ModView WinForms events / cosmetic icons+tooltips. Bounded port = tabbed Settings dialog + name/state/completed ModExplorer filter."
Settings.MenuCommon.vb,Settings,Cm_MoveDown_Click,Sub,"CmrMoveDown.Click, CmwMoveDown.Click",Settings.MenuCommon.vb:236,none,,Divergence,"VB per-preference ListView-editor plumbing (Preferences/Advanced/MenuCommon/MapExceptions pages), ModExplorer rating/prefix/operand filters + virtual-list/bg-worker, and ModView WinForms events / cosmetic icons+tooltips. Bounded port = tabbed Settings dialog + name/state/completed ModExplorer filter."
Settings.MenuCommon.vb,Settings,Cm_MoveTo_Click,Sub,"CmrMoveTo.Click, CmwMoveTo.Click",Settings.MenuCommon.vb:254,none,,Divergence,"VB per-preference ListView-editor plumbing (Preferences/Advanced/MenuCommon/MapExceptions pages), ModExplorer rating/prefix/operand filters + virtual-list/bg-worker, and ModView WinForms events / cosmetic icons+tooltips. Bounded port = tabbed Settings dialog + name/state/completed ModExplorer filter."
Settings.MenuCommon.vb,Settings,MoveItems,Sub,,Settings.MenuCommon.vb:282,strong,vaultkeeper/ui/dialogs/wizard_builder.py,Ported,DocOrganiser/ModPlayViewer/WizardBuilder core report/view/save logic (subagent+orchestrator).
Settings.MenuCommon.vb,Settings,Cm_Undo_Click,Sub,"CmrUndo.Click, CmwUndo.Click",Settings.MenuCommon.vb:323,none,,Divergence,"VB per-preference ListView-editor plumbing (Preferences/Advanced/MenuCommon/MapExceptions pages), ModExplorer rating/prefix/operand filters + virtual-list/bg-worker, and ModView WinForms events / cosmetic icons+tooltips. Bounded port = tabbed Settings dialog + name/state/completed ModExplorer filter."
Settings.MenuCommon.vb,Settings,Cm_InsertSeparator_Click,Sub,"CmrInsertSeparator.Click, CmwInsertSeparator.Click",Settings.MenuCommon.vb:346,none,,Divergence,"VB per-preference ListView-editor plumbing (Preferences/Advanced/MenuCommon/MapExceptions pages), ModExplorer rating/prefix/operand filters + virtual-list/bg-worker, and ModView WinForms events / cosmetic icons+tooltips. Bounded port = tabbed Settings dialog + name/state/completed ModExplorer filter."
Settings.MenuCommon.vb,Settings,NewMenuItem,Sub,,Settings.MenuCommon.vb:370,none,,Divergence,"VB per-preference ListView-editor plumbing (Preferences/Advanced/MenuCommon/MapExceptions pages), ModExplorer rating/prefix/operand filters + virtual-list/bg-worker, and ModView WinForms events / cosmetic icons+tooltips. Bounded port = tabbed Settings dialog + name/state/completed ModExplorer filter."
Settings.MenuCommon.vb,Settings,ChangeMenuItem,Sub,,Settings.MenuCommon.vb:407,none,,Divergence,"VB per-preference ListView-editor plumbing (Preferences/Advanced/MenuCommon/MapExceptions pages), ModExplorer rating/prefix/operand filters + virtual-list/bg-worker, and ModView WinForms events / cosmetic icons+tooltips. Bounded port = tabbed Settings dialog + name/state/completed ModExplorer filter."
Settings.MenuCommon.vb,Settings,Cm_Remove_Click,Sub,"CmrRemove.Click, CmwRemove.Click",Settings.MenuCommon.vb:431,none,,Divergence,"VB per-preference ListView-editor plumbing (Preferences/Advanced/MenuCommon/MapExceptions pages), ModExplorer rating/prefix/operand filters + virtual-list/bg-worker, and ModView WinForms events / cosmetic icons+tooltips. Bounded port = tabbed Settings dialog + name/state/completed ModExplorer filter."
Settings.Preferences.vb,Settings,AddPrefs,Sub,,Settings.Preferences.vb:21,none,,Divergence,"VB per-preference ListView-editor plumbing (Preferences/Advanced/MenuCommon/MapExceptions pages), ModExplorer rating/prefix/operand filters + virtual-list/bg-worker, and ModView WinForms events / cosmetic icons+tooltips. Bounded port = tabbed Settings dialog + name/state/completed ModExplorer filter."
Settings.Preferences.vb,Settings,ResetPreference,Sub,,Settings.Preferences.vb:79,none,,Divergence,"VB per-preference ListView-editor plumbing (Preferences/Advanced/MenuCommon/MapExceptions pages), ModExplorer rating/prefix/operand filters + virtual-list/bg-worker, and ModView WinForms events / cosmetic icons+tooltips. Bounded port = tabbed Settings dialog + name/state/completed ModExplorer filter."
Settings.Preferences.vb,Settings,ImportPreferences,Sub,,Settings.Preferences.vb:111,none,,Divergence,"VB per-preference ListView-editor plumbing (Preferences/Advanced/MenuCommon/MapExceptions pages), ModExplorer rating/prefix/operand filters + virtual-list/bg-worker, and ModView WinForms events / cosmetic icons+tooltips. Bounded port = tabbed Settings dialog + name/state/completed ModExplorer filter."
Settings.Preferences.vb,Settings,SetPreference,Sub,,Settings.Preferences.vb:148,none,,Divergence,"VB per-preference ListView-editor plumbing (Preferences/Advanced/MenuCommon/MapExceptions pages), ModExplorer rating/prefix/operand filters + virtual-list/bg-worker, and ModView WinForms events / cosmetic icons+tooltips. Bounded port = tabbed Settings dialog + name/state/completed ModExplorer filter."
Settings.Preferences.vb,Settings,SavePrefs,Sub,,Settings.Preferences.vb:178,none,,Divergence,"VB per-preference ListView-editor plumbing (Preferences/Advanced/MenuCommon/MapExceptions pages), ModExplorer rating/prefix/operand filters + virtual-list/bg-worker, and ModView WinForms events / cosmetic icons+tooltips. Bounded port = tabbed Settings dialog + name/state/completed ModExplorer filter."
Settings.Preferences.vb,Settings,CprUndo_Click,Sub,CprUndo.Click,Settings.Preferences.vb:254,none,,Divergence,"VB per-preference ListView-editor plumbing (Preferences/Advanced/MenuCommon/MapExceptions pages), ModExplorer rating/prefix/operand filters + virtual-list/bg-worker, and ModView WinForms events / cosmetic icons+tooltips. Bounded port = tabbed Settings dialog + name/state/completed ModExplorer filter."
Settings.Preferences.vb,Settings,LvPreferencesItemChanged,Sub,,Settings.Preferences.vb:268,none,,Divergence,"VB per-preference ListView-editor plumbing (Preferences/Advanced/MenuCommon/MapExceptions pages), ModExplorer rating/prefix/operand filters + virtual-list/bg-worker, and ModView WinForms events / cosmetic icons+tooltips. Bounded port = tabbed Settings dialog + name/state/completed ModExplorer filter."
Settings.Preferences.vb,Settings,LvPreferences_ItemCheck,Sub,LvPreferences.ItemCheck,Settings.Preferences.vb:290,none,,Divergence,"VB per-preference ListView-editor plumbing (Preferences/Advanced/MenuCommon/MapExceptions pages), ModExplorer rating/prefix/operand filters + virtual-list/bg-worker, and ModView WinForms events / cosmetic icons+tooltips. Bounded port = tabbed Settings dialog + name/state/completed ModExplorer filter."
Settings.Preferences.vb,Settings,SetToggle,Sub,,Settings.Preferences.vb:333,none,,Divergence,"VB per-preference ListView-editor plumbing (Preferences/Advanced/MenuCommon/MapExceptions pages), ModExplorer rating/prefix/operand filters + virtual-list/bg-worker, and ModView WinForms events / cosmetic icons+tooltips. Bounded port = tabbed Settings dialog + name/state/completed ModExplorer filter."
Settings.Preferences.vb,Settings,CprToggle_Click,Sub,CprToggle.Click,Settings.Preferences.vb:351,none,,Divergence,"VB per-preference ListView-editor plumbing (Preferences/Advanced/MenuCommon/MapExceptions pages), ModExplorer rating/prefix/operand filters + virtual-list/bg-worker, and ModView WinForms events / cosmetic icons+tooltips. Bounded port = tabbed Settings dialog + name/state/completed ModExplorer filter."
Settings.Profiles.vb,Settings,AddProfiles,Sub,,Settings.Profiles.vb:45,none,,Divergence,"VB per-preference ListView-editor framework (Preferences/Config/Profiles/Locations pages, Import/Export/Reset/Undo). Bounded port = tabbed dialog + FolderMapping + status-bar profile menu. Subagent verdict: 0 MISSING user prefs (see FINDING_3_SETTINGS.md for the pref-level gap = 10 add-a-setting items)."
Settings.Profiles.vb,Settings,ImportProfiles,Sub,,Settings.Profiles.vb:99,none,,Divergence,"VB per-preference ListView-editor framework (Preferences/Config/Profiles/Locations pages, Import/Export/Reset/Undo). Bounded port = tabbed dialog + FolderMapping + status-bar profile menu. Subagent verdict: 0 MISSING user prefs (see FINDING_3_SETTINGS.md for the pref-level gap = 10 add-a-setting items)."
Settings.Profiles.vb,Settings,SaveProfiles,Sub,,Settings.Profiles.vb:201,none,,Divergence,"VB per-preference ListView-editor framework (Preferences/Config/Profiles/Locations pages, Import/Export/Reset/Undo). Bounded port = tabbed dialog + FolderMapping + status-bar profile menu. Subagent verdict: 0 MISSING user prefs (see FINDING_3_SETTINGS.md for the pref-level gap = 10 add-a-setting items)."
Settings.Profiles.vb,Settings,ApplyProfileFolderChanges,Sub,,Settings.Profiles.vb:276,none,,Divergence,"VB per-preference ListView-editor framework (Preferences/Config/Profiles/Locations pages, Import/Export/Reset/Undo). Bounded port = tabbed dialog + FolderMapping + status-bar profile menu. Subagent verdict: 0 MISSING user prefs (see FINDING_3_SETTINGS.md for the pref-level gap = 10 add-a-setting items)."
Settings.Profiles.vb,Settings,RenameProfile,Function,,Settings.Profiles.vb:338,none,,Divergence,"VB per-preference ListView-editor framework (Preferences/Config/Profiles/Locations pages, Import/Export/Reset/Undo). Bounded port = tabbed dialog + FolderMapping + status-bar profile menu. Subagent verdict: 0 MISSING user prefs (see FINDING_3_SETTINGS.md for the pref-level gap = 10 add-a-setting items)."
Settings.Profiles.vb,Settings,ChangeProcessed,Sub,,Settings.Profiles.vb:366,none,,Divergence,"VB per-preference ListView-editor framework (Preferences/Config/Profiles/Locations pages, Import/Export/Reset/Undo). Bounded port = tabbed dialog + FolderMapping + status-bar profile menu. Subagent verdict: 0 MISSING user prefs (see FINDING_3_SETTINGS.md for the pref-level gap = 10 add-a-setting items)."
Settings.Profiles.vb,Settings,CmpNewProfile_Click,Sub,CmpNewProfile.Click,Settings.Profiles.vb:389,none,,Divergence,"VB per-preference ListView-editor framework (Preferences/Config/Profiles/Locations pages, Import/Export/Reset/Undo). Bounded port = tabbed dialog + FolderMapping + status-bar profile menu. Subagent verdict: 0 MISSING user prefs (see FINDING_3_SETTINGS.md for the pref-level gap = 10 add-a-setting items)."
Settings.Profiles.vb,Settings,CmpRename_Click,Sub,CmpRename.Click,Settings.Profiles.vb:451,none,,Divergence,"VB per-preference ListView-editor framework (Preferences/Config/Profiles/Locations pages, Import/Export/Reset/Undo). Bounded port = tabbed dialog + FolderMapping + status-bar profile menu. Subagent verdict: 0 MISSING user prefs (see FINDING_3_SETTINGS.md for the pref-level gap = 10 add-a-setting items)."
Settings.Profiles.vb,Settings,ValidateName,Function,,Settings.Profiles.vb:476,strong,vaultkeeper/core/name_edit.py | vaultkeeper/game/start_screen.py | vaultkeeper/ui/controller.py,Divergence,WinForms event/progress/UI plumbing refactored into controller/vault + bounded viewer (search/copy-paste/nav). Owner-confirm candidates: StartScreen export/copy-paste/search.
Settings.Profiles.vb,Settings,CmpNwnPath_Click,Sub,CmpNwnPath.Click,Settings.Profiles.vb:509,none,,Divergence,"VB per-preference ListView-editor framework (Preferences/Config/Profiles/Locations pages, Import/Export/Reset/Undo). Bounded port = tabbed dialog + FolderMapping + status-bar profile menu. Subagent verdict: 0 MISSING user prefs (see FINDING_3_SETTINGS.md for the pref-level gap = 10 add-a-setting items)."
Settings.Profiles.vb,Settings,CmpCreateNwnPath_Click,Sub,CmpCreateNwnPath.Click,Settings.Profiles.vb:567,none,,Divergence,"VB per-preference ListView-editor framework (Preferences/Config/Profiles/Locations pages, Import/Export/Reset/Undo). Bounded port = tabbed dialog + FolderMapping + status-bar profile menu. Subagent verdict: 0 MISSING user prefs (see FINDING_3_SETTINGS.md for the pref-level gap = 10 add-a-setting items)."
Settings.Profiles.vb,Settings,CmpRemove_Click,Sub,CmpRemove.Click,Settings.Profiles.vb:632,none,,Divergence,"VB per-preference ListView-editor framework (Preferences/Config/Profiles/Locations pages, Import/Export/Reset/Undo). Bounded port = tabbed dialog + FolderMapping + status-bar profile menu. Subagent verdict: 0 MISSING user prefs (see FINDING_3_SETTINGS.md for the pref-level gap = 10 add-a-setting items)."
Settings.Profiles.vb,Settings,RemoveProfile,Sub,,Settings.Profiles.vb:647,none,,Divergence,"VB per-preference ListView-editor framework (Preferences/Config/Profiles/Locations pages, Import/Export/Reset/Undo). Bounded port = tabbed dialog + FolderMapping + status-bar profile menu. Subagent verdict: 0 MISSING user prefs (see FINDING_3_SETTINGS.md for the pref-level gap = 10 add-a-setting items)."
Settings.Profiles.vb,Settings,RemoveNewProfile,Sub,,Settings.Profiles.vb:671,none,,Divergence,"VB per-preference ListView-editor framework (Preferences/Config/Profiles/Locations pages, Import/Export/Reset/Undo). Bounded port = tabbed dialog + FolderMapping + status-bar profile menu. Subagent verdict: 0 MISSING user prefs (see FINDING_3_SETTINGS.md for the pref-level gap = 10 add-a-setting items)."
Settings.Profiles.vb,Settings,CmpUndo_Click,Sub,CmpUndo.Click,Settings.Profiles.vb:695,none,,Divergence,"VB per-preference ListView-editor framework (Preferences/Config/Profiles/Locations pages, Import/Export/Reset/Undo). Bounded port = tabbed dialog + FolderMapping + status-bar profile menu. Subagent verdict: 0 MISSING user prefs (see FINDING_3_SETTINGS.md for the pref-level gap = 10 add-a-setting items)."
Settings.RunMenu.vb,Settings,AddRunMenu,Sub,,Settings.RunMenu.vb:20,none,,Deferred,Run Menu (external launch programs) + screen-crop editor not ported.
Settings.RunMenu.vb,Settings,ResetRunMenu,Sub,,Settings.RunMenu.vb:58,none,,Deferred,Run Menu (external launch programs) + screen-crop editor not ported.
Settings.RunMenu.vb,Settings,ImportRunMenu,Sub,,Settings.RunMenu.vb:68,none,,Deferred,Run Menu (external launch programs) + screen-crop editor not ported.
Settings.RunMenu.vb,Settings,ResetRunMenuItem,Sub,,Settings.RunMenu.vb:79,none,,Deferred,Run Menu (external launch programs) + screen-crop editor not ported.
Settings.RunMenu.vb,Settings,SaveRunMenu,Sub,,Settings.RunMenu.vb:89,none,,Deferred,Run Menu (external launch programs) + screen-crop editor not ported.
Settings.RunMenu.vb,Settings,CmrNewMenu_Click,Sub,CmrNewMenu.Click,Settings.RunMenu.vb:106,none,,Deferred,Run Menu (external launch programs) + screen-crop editor not ported.
Settings.RunMenu.vb,Settings,CmrChangeMenu_Click,Sub,CmrEditMenu.Click,Settings.RunMenu.vb:118,none,,Deferred,Run Menu (external launch programs) + screen-crop editor not ported.
Settings.RunMenu.vb,Settings,LvRunMenu_KeyPress,Sub,LvRunMenu.KeyPress,Settings.RunMenu.vb:130,none,,Deferred,Run Menu (external launch programs) + screen-crop editor not ported.
Settings.WebMenu.vb,Settings,AddWebMenu,Sub,,Settings.WebMenu.vb:22,none,,GAP?,
Settings.WebMenu.vb,Settings,ResetWebMenu,Sub,,Settings.WebMenu.vb:61,comment,vaultkeeper/ui/menu_bar.py,AUTO-PORTED,matched in comment/docstring
Settings.WebMenu.vb,Settings,ImportWebMenu,Sub,,Settings.WebMenu.vb:71,none,,GAP?,
Settings.WebMenu.vb,Settings,ResetWebMenuItem,Sub,,Settings.WebMenu.vb:82,none,,GAP?,
Settings.WebMenu.vb,Settings,SaveWebMenu,Sub,,Settings.WebMenu.vb:92,none,,GAP?,
Settings.WebMenu.vb,Settings,CmwNewMenu_Click,Sub,CmwNewMenu.Click,Settings.WebMenu.vb:109,none,,GAP?,
Settings.WebMenu.vb,Settings,CmwChangeMenu_Click,Sub,CmwEditMenu.Click,Settings.WebMenu.vb:121,none,,GAP?,
Settings.WebMenu.vb,Settings,LvWebMenu_KeyPress,Sub,LvWebMenu.KeyPress,Settings.WebMenu.vb:133,none,,GAP?,
Settings.vb,Settings,SettingsStartPage,Property,,Settings.vb:37,strong,vaultkeeper/ui/dialogs/settings_dialog.py,Partial,SettingsStartPage -> start_tab.
Settings.vb,Settings,Settings_Load,Sub,MyBase.Load,Settings.vb:59,none,,Divergence,"VB per-preference ListView-editor framework (Preferences/Config/Profiles/Locations pages, Import/Export/Reset/Undo). Bounded port = tabbed dialog + FolderMapping + status-bar profile menu. Subagent verdict: 0 MISSING user prefs (see FINDING_3_SETTINGS.md for the pref-level gap = 10 add-a-setting items)."
Settings.vb,Settings,Settings_Shown,Sub,Me.Shown,Settings.vb:184,none,,Divergence,"VB per-preference ListView-editor framework (Preferences/Config/Profiles/Locations pages, Import/Export/Reset/Undo). Bounded port = tabbed dialog + FolderMapping + status-bar profile menu. Subagent verdict: 0 MISSING user prefs (see FINDING_3_SETTINGS.md for the pref-level gap = 10 add-a-setting items)."
Settings.vb,Settings,Settings_Activated,Sub,,Settings.vb:212,none,,Divergence,"VB per-preference ListView-editor framework (Preferences/Config/Profiles/Locations pages, Import/Export/Reset/Undo). Bounded port = tabbed dialog + FolderMapping + status-bar profile menu. Subagent verdict: 0 MISSING user prefs (see FINDING_3_SETTINGS.md for the pref-level gap = 10 add-a-setting items)."
Settings.vb,Settings,ProcessCmdKey,Function,,Settings.vb:227,none,,Divergence,"bounded read-only viewer port: VB filters/navigation/editors/bg-workers/Windows-shell handlers intentionally not ported (PARITY.md recurring pattern). SOME are owner-confirm candidates: ModExplorer filter subsystem, PortraitManager prev/next navigation."
Settings.vb,Settings,Settings_KeyDown,Sub,Me.KeyDown,Settings.vb:243,none,,Divergence,"VB per-preference ListView-editor framework (Preferences/Config/Profiles/Locations pages, Import/Export/Reset/Undo). Bounded port = tabbed dialog + FolderMapping + status-bar profile menu. Subagent verdict: 0 MISSING user prefs (see FINDING_3_SETTINGS.md for the pref-level gap = 10 add-a-setting items)."
Settings.vb,Settings,BtReset_SizeChanged,Sub,BtReset.SizeChanged,Settings.vb:285,none,,Divergence,"VB per-preference ListView-editor framework (Preferences/Config/Profiles/Locations pages, Import/Export/Reset/Undo). Bounded port = tabbed dialog + FolderMapping + status-bar profile menu. Subagent verdict: 0 MISSING user prefs (see FINDING_3_SETTINGS.md for the pref-level gap = 10 add-a-setting items)."
Settings.vb,Settings,Ts_Click,Sub,,Settings.vb:301,none,,Divergence,"VB per-preference ListView-editor framework (Preferences/Config/Profiles/Locations pages, Import/Export/Reset/Undo). Bounded port = tabbed dialog + FolderMapping + status-bar profile menu. Subagent verdict: 0 MISSING user prefs (see FINDING_3_SETTINGS.md for the pref-level gap = 10 add-a-setting items)."
Settings.vb,Settings,TsFontAndColor_Click,Sub,TsFontAndColor.Click,Settings.vb:340,none,,Divergence,"VB per-preference ListView-editor framework (Preferences/Config/Profiles/Locations pages, Import/Export/Reset/Undo). Bounded port = tabbed dialog + FolderMapping + status-bar profile menu. Subagent verdict: 0 MISSING user prefs (see FINDING_3_SETTINGS.md for the pref-level gap = 10 add-a-setting items)."
Settings.vb,Settings,TsToolbar_Click,Sub,TsToolbar.Click,Settings.vb:365,none,,Divergence,"VB per-preference ListView-editor framework (Preferences/Config/Profiles/Locations pages, Import/Export/Reset/Undo). Bounded port = tabbed dialog + FolderMapping + status-bar profile menu. Subagent verdict: 0 MISSING user prefs (see FINDING_3_SETTINGS.md for the pref-level gap = 10 add-a-setting items)."
Settings.vb,Settings,TsExport_Click,Sub,TsExport.Click,Settings.vb:385,none,,Divergence,"VB per-preference ListView-editor framework (Preferences/Config/Profiles/Locations pages, Import/Export/Reset/Undo). Bounded port = tabbed dialog + FolderMapping + status-bar profile menu. Subagent verdict: 0 MISSING user prefs (see FINDING_3_SETTINGS.md for the pref-level gap = 10 add-a-setting items)."
Settings.vb,Settings,TsImport_Click,Sub,TsImport.Click,Settings.vb:433,none,,Divergence,"VB per-preference ListView-editor framework (Preferences/Config/Profiles/Locations pages, Import/Export/Reset/Undo). Bounded port = tabbed dialog + FolderMapping + status-bar profile menu. Subagent verdict: 0 MISSING user prefs (see FINDING_3_SETTINGS.md for the pref-level gap = 10 add-a-setting items)."
Settings.vb,Settings,TsImportMaps_Click,Sub,TsImportMaps.Click,Settings.vb:577,none,,Divergence,"VB per-preference ListView-editor framework (Preferences/Config/Profiles/Locations pages, Import/Export/Reset/Undo). Bounded port = tabbed dialog + FolderMapping + status-bar profile menu. Subagent verdict: 0 MISSING user prefs (see FINDING_3_SETTINGS.md for the pref-level gap = 10 add-a-setting items)."
Settings.vb,Settings,ImportListView,Sub,,Settings.vb:621,none,,Divergence,"VB per-preference ListView-editor framework (Preferences/Config/Profiles/Locations pages, Import/Export/Reset/Undo). Bounded port = tabbed dialog + FolderMapping + status-bar profile menu. Subagent verdict: 0 MISSING user prefs (see FINDING_3_SETTINGS.md for the pref-level gap = 10 add-a-setting items)."
Settings.vb,Settings,PreImport,Sub,,Settings.vb:635,none,,Divergence,"VB per-preference ListView-editor framework (Preferences/Config/Profiles/Locations pages, Import/Export/Reset/Undo). Bounded port = tabbed dialog + FolderMapping + status-bar profile menu. Subagent verdict: 0 MISSING user prefs (see FINDING_3_SETTINGS.md for the pref-level gap = 10 add-a-setting items)."
Settings.vb,Settings,PostImport,Sub,,Settings.vb:650,none,,Divergence,"VB per-preference ListView-editor framework (Preferences/Config/Profiles/Locations pages, Import/Export/Reset/Undo). Bounded port = tabbed dialog + FolderMapping + status-bar profile menu. Subagent verdict: 0 MISSING user prefs (see FINDING_3_SETTINGS.md for the pref-level gap = 10 add-a-setting items)."
Settings.vb,Settings,Help_Click,Sub,,Settings.vb:664,none,,Divergence,"VB per-preference ListView-editor framework (Preferences/Config/Profiles/Locations pages, Import/Export/Reset/Undo). Bounded port = tabbed dialog + FolderMapping + status-bar profile menu. Subagent verdict: 0 MISSING user prefs (see FINDING_3_SETTINGS.md for the pref-level gap = 10 add-a-setting items)."
Settings.vb,Settings,BtSave_Click,Sub,BtSave.Click,Settings.vb:674,strong,vaultkeeper/ui/controller.py,Ported,DocOrganiser/ModPlayViewer/WizardBuilder core report/view/save logic (subagent+orchestrator).
Settings.vb,Settings,BtReset_Click,Sub,BtReset.Click,Settings.vb:764,none,,Divergence,"VB per-preference ListView-editor framework (Preferences/Config/Profiles/Locations pages, Import/Export/Reset/Undo). Bounded port = tabbed dialog + FolderMapping + status-bar profile menu. Subagent verdict: 0 MISSING user prefs (see FINDING_3_SETTINGS.md for the pref-level gap = 10 add-a-setting items)."
Settings.vb,Settings,BtCancel_Click,Sub,BtCancel.Click,Settings.vb:800,none,,Divergence,WinForms event/progress/UI plumbing refactored into controller/vault + bounded viewer (search/copy-paste/nav). Owner-confirm candidates: StartScreen export/copy-paste/search.
Settings.vb,Settings,CmsResetAll_Click,Sub,CmsResetAll.Click,Settings.vb:868,none,,Divergence,"VB per-preference ListView-editor framework (Preferences/Config/Profiles/Locations pages, Import/Export/Reset/Undo). Bounded port = tabbed dialog + FolderMapping + status-bar profile menu. Subagent verdict: 0 MISSING user prefs (see FINDING_3_SETTINGS.md for the pref-level gap = 10 add-a-setting items)."
Settings.vb,Settings,CmsResetPanel_Click,Sub,CmsResetPanel.Click,Settings.vb:892,none,,Divergence,"VB per-preference ListView-editor framework (Preferences/Config/Profiles/Locations pages, Import/Export/Reset/Undo). Bounded port = tabbed dialog + FolderMapping + status-bar profile menu. Subagent verdict: 0 MISSING user prefs (see FINDING_3_SETTINGS.md for the pref-level gap = 10 add-a-setting items)."
Settings.vb,Settings,ResetListView,Sub,,Settings.vb:910,none,,Divergence,"VB per-preference ListView-editor framework (Preferences/Config/Profiles/Locations pages, Import/Export/Reset/Undo). Bounded port = tabbed dialog + FolderMapping + status-bar profile menu. Subagent verdict: 0 MISSING user prefs (see FINDING_3_SETTINGS.md for the pref-level gap = 10 add-a-setting items)."
Settings.vb,Settings,CmsResetSelected_Click,Sub,CmsResetSelected.Click,Settings.vb:949,none,,Divergence,"VB per-preference ListView-editor framework (Preferences/Config/Profiles/Locations pages, Import/Export/Reset/Undo). Bounded port = tabbed dialog + FolderMapping + status-bar profile menu. Subagent verdict: 0 MISSING user prefs (see FINDING_3_SETTINGS.md for the pref-level gap = 10 add-a-setting items)."
Settings.vb,Settings,ResetRemoveItems,Sub,,Settings.vb:980,none,,Divergence,"VB per-preference ListView-editor framework (Preferences/Config/Profiles/Locations pages, Import/Export/Reset/Undo). Bounded port = tabbed dialog + FolderMapping + status-bar profile menu. Subagent verdict: 0 MISSING user prefs (see FINDING_3_SETTINGS.md for the pref-level gap = 10 add-a-setting items)."
Settings.vb,Settings,Initialise,Sub,,Settings.vb:1016,strong,vaultkeeper/core/mapper.py,Divergence,"VB per-preference ListView-editor framework (Preferences/Config/Profiles/Locations pages, Import/Export/Reset/Undo). Bounded port = tabbed dialog + FolderMapping + status-bar profile menu. Subagent verdict: 0 MISSING user prefs (see FINDING_3_SETTINGS.md for the pref-level gap = 10 add-a-setting items)."
Settings.vb,Settings,RegisterEventHandlers,Sub,,Settings.vb:1097,none,,Divergence,WinForms UI-state/lifecycle/version/image-editor/crash glue; not applicable in Qt.
SlideShow.vb,SlideShow,CurrentFile,Property,,SlideShow.vb:26,none,,Deferred,BackupManager + NetworkManager shared-store/sync + SlideShow + find-rename + original-restorers + prefix editor + legacy migrate.
SlideShow.vb,SlideShow,AutoShowEnabled,Property,,SlideShow.vb:32,none,,Deferred,BackupManager + NetworkManager shared-store/sync + SlideShow + find-rename + original-restorers + prefix editor + legacy migrate.
SlideShow.vb,SlideShow,AutoShowInterval,Property,,SlideShow.vb:38,none,,Deferred,BackupManager + NetworkManager shared-store/sync + SlideShow + find-rename + original-restorers + prefix editor + legacy migrate.
SlideShow.vb,SlideShow,AutoShowContinuous,Property,,SlideShow.vb:45,none,,Deferred,BackupManager + NetworkManager shared-store/sync + SlideShow + find-rename + original-restorers + prefix editor + legacy migrate.
SlideShow.vb,SlideShow,ShowDialog,Function,,SlideShow.vb:73,strong,vaultkeeper/ui/dialogs/about.py | vaultkeeper/ui/dialogs/classes_skills_feats.py | vaultkeeper/ui/main_window.py,Ported,DocOrganiser/ModPlayViewer/WizardBuilder core report/view/save logic (subagent+orchestrator).
SlideShow.vb,SlideShow,ShowDialog,Function,,SlideShow.vb:85,strong,vaultkeeper/ui/dialogs/about.py | vaultkeeper/ui/dialogs/classes_skills_feats.py | vaultkeeper/ui/main_window.py,Ported,DocOrganiser/ModPlayViewer/WizardBuilder core report/view/save logic (subagent+orchestrator).
SlideShow.vb,SlideShow,SlideShow_Load,Sub,Me.Load,SlideShow.vb:104,none,,Deferred,BackupManager + NetworkManager shared-store/sync + SlideShow + find-rename + original-restorers + prefix editor + legacy migrate.
SlideShow.vb,SlideShow,TiShow_Tick,Sub,TiShow.Tick,SlideShow.vb:164,none,,Deferred,BackupManager + NetworkManager shared-store/sync + SlideShow + find-rename + original-restorers + prefix editor + legacy migrate.
SlideShow.vb,SlideShow,PicSlide_Click,Sub,PicSlide.Click,SlideShow.vb:181,none,,Deferred,BackupManager + NetworkManager shared-store/sync + SlideShow + find-rename + original-restorers + prefix editor + legacy migrate.
SlideShow.vb,SlideShow,PicSlide_MouseMove,Sub,PicSlide.MouseMove,SlideShow.vb:197,none,,Deferred,BackupManager + NetworkManager shared-store/sync + SlideShow + find-rename + original-restorers + prefix editor + legacy migrate.
SlideShow.vb,SlideShow,PicClose_MouseHover,Sub,PicClose.MouseHover,SlideShow.vb:228,none,,Deferred,BackupManager + NetworkManager shared-store/sync + SlideShow + find-rename + original-restorers + prefix editor + legacy migrate.
SlideShow.vb,SlideShow,PicClose_MouseEnter,Sub,PicClose.MouseEnter,SlideShow.vb:238,none,,Deferred,BackupManager + NetworkManager shared-store/sync + SlideShow + find-rename + original-restorers + prefix editor + legacy migrate.
SlideShow.vb,SlideShow,PicClose_MouseLeave,Sub,PicClose.MouseLeave,SlideShow.vb:248,none,,Deferred,BackupManager + NetworkManager shared-store/sync + SlideShow + find-rename + original-restorers + prefix editor + legacy migrate.
SlideShow.vb,SlideShow,PicClose_Click,Sub,PicClose.Click,SlideShow.vb:257,none,,Deferred,BackupManager + NetworkManager shared-store/sync + SlideShow + find-rename + original-restorers + prefix editor + legacy migrate.
SlideShow.vb,SlideShow,SlideShow_FormClosing,Sub,Me.FormClosing,SlideShow.vb:267,none,,Deferred,BackupManager + NetworkManager shared-store/sync + SlideShow + find-rename + original-restorers + prefix editor + legacy migrate.
SlideShow.vb,SlideShow,ShowNextImage,Sub,,SlideShow.vb:285,none,,Deferred,BackupManager + NetworkManager shared-store/sync + SlideShow + find-rename + original-restorers + prefix editor + legacy migrate.
SlideShow.vb,SlideShow,ShowImage,Sub,,SlideShow.vb:297,none,,Deferred,BackupManager + NetworkManager shared-store/sync + SlideShow + find-rename + original-restorers + prefix editor + legacy migrate.
SlideShow.vb,SlideShow,ProcessCmdKey,Function,,SlideShow.vb:341,none,,Divergence,"bounded read-only viewer port: VB filters/navigation/editors/bg-workers/Windows-shell handlers intentionally not ported (PARITY.md recurring pattern). SOME are owner-confirm candidates: ModExplorer filter subsystem, PortraitManager prev/next navigation."
StartScreenInfo.vb,StartScreenInfo,InfoFilename,Property,,StartScreenInfo.vb:64,strong,vaultkeeper/game/start_screen.py,Divergence,WinForms lifecycle/event/virtual-list/background-worker/mouse-hover plumbing.
StartScreenInfo.vb,StartScreenInfo,StartScreenListFile,Property,,StartScreenInfo.vb:74,none,,Ported,"port view/domain layer (details/contents/status/paste/recent/profile views, hak-patch, play-data viewer, find-files, conflicts, workshop, publish)."
StartScreenInfo.vb,StartScreenInfo,AutoExcludesFile,Property,,StartScreenInfo.vb:84,none,,Ported,"port view/domain layer (details/contents/status/paste/recent/profile views, hak-patch, play-data viewer, find-files, conflicts, workshop, publish)."
StartScreenInfo.vb,StartScreenInfo,StartScreenPrefixFile,Property,,StartScreenInfo.vb:94,none,,Deferred,BackupManager + NetworkManager shared-store/sync + SlideShow + find-rename + original-restorers + prefix editor + legacy migrate.
StartScreenInfo.vb,StartScreenInfo,OldInfoFilename,Property,,StartScreenInfo.vb:108,none,,Deferred,BackupManager + NetworkManager shared-store/sync + SlideShow + find-rename + original-restorers + prefix editor + legacy migrate.
StartScreenInfo.vb,StartScreenInfo,ExcludeAllButXFile,Property,,StartScreenInfo.vb:118,none,,Deferred,BackupManager + NetworkManager shared-store/sync + SlideShow + find-rename + original-restorers + prefix editor + legacy migrate.
StartScreenInfo.vb,StartScreenInfo,Active,Property,,StartScreenInfo.vb:143,strong,vaultkeeper/config/settings.py | vaultkeeper/game/game_backup.py | vaultkeeper/game/game_mapper.py,Divergence,WinForms lifecycle/event/virtual-list/background-worker/mouse-hover plumbing.
StartScreenInfo.vb,StartScreenInfo,ActiveScreen,Property,,StartScreenInfo.vb:156,strong,vaultkeeper/game/start_screen.py | vaultkeeper/ui/controller.py,Divergence,WinForms lifecycle/event/virtual-list/background-worker/mouse-hover plumbing.
StartScreenInfo.vb,StartScreenInfo,StandardActive,Property,,StartScreenInfo.vb:177,strong,vaultkeeper/game/start_screen.py,Divergence,WinForms lifecycle/event/virtual-list/background-worker/mouse-hover plumbing.
StartScreenInfo.vb,StartScreenInfo,PrefixActive,Property,,StartScreenInfo.vb:187,strong,vaultkeeper/game/start_screen.py,Divergence,WinForms lifecycle/event/virtual-list/background-worker/mouse-hover plumbing.
StartScreenInfo.vb,StartScreenInfo,Standard,Property,,StartScreenInfo.vb:197,strong,vaultkeeper/core/crc.py | vaultkeeper/core/formats/erf_reader.py | vaultkeeper/core/mapper.py,Divergence,WinForms lifecycle/event/virtual-list/background-worker/mouse-hover plumbing.
StartScreenInfo.vb,StartScreenInfo,Prefixed,Property,,StartScreenInfo.vb:210,strong,vaultkeeper/game/documentation.py | vaultkeeper/game/start_screen.py | vaultkeeper/game/wizard.py,Divergence,WinForms lifecycle/event/virtual-list/background-worker/mouse-hover plumbing.
StartScreenInfo.vb,StartScreenInfo,BrowseFolder,Property,,StartScreenInfo.vb:223,strong,vaultkeeper/game/start_screen.py | vaultkeeper/ui/controller.py,Divergence,WinForms lifecycle/event/virtual-list/background-worker/mouse-hover plumbing.
StartScreenInfo.vb,StartScreenInfo,Status,Property,,StartScreenInfo.vb:254,strong,vaultkeeper/config/settings.py | vaultkeeper/core/install_manager.py | vaultkeeper/core/log.py,Divergence,"VB per-preference ListView-editor framework (Preferences/Config/Profiles/Locations pages, Import/Export/Reset/Undo). Bounded port = tabbed dialog + FolderMapping + status-bar profile menu. Subagent verdict: 0 MISSING user prefs (see FINDING_3_SETTINGS.md for the pref-level gap = 10 add-a-setting items)."
StartScreenInfo.vb,StartScreenInfo,PrefixEnabled,Property,,StartScreenInfo.vb:268,strong,vaultkeeper/ui/controller.py,Divergence,WinForms lifecycle/event/virtual-list/background-worker/mouse-hover plumbing.
StartScreenInfo.vb,StartScreenInfo,Exists,Function,,StartScreenInfo.vb:278,strong,vaultkeeper/core/formats/bic_reader.py | vaultkeeper/core/formats/tga_reader.py | vaultkeeper/core/fs.py,Divergence,WinForms lifecycle/event/virtual-list/background-worker/mouse-hover plumbing.
StartScreenInfo.vb,StartScreenInfo,Open,Function,,StartScreenInfo.vb:290,strong,vaultkeeper/config/settings.py | vaultkeeper/core/crc.py | vaultkeeper/core/formats/erf_reader.py,Divergence,WinForms lifecycle/event/virtual-list/background-worker/mouse-hover plumbing.
StartScreenInfo.vb,StartScreenInfo,Close,Sub,,StartScreenInfo.vb:311,strong,vaultkeeper/game/client_log.py | vaultkeeper/game/start_screen.py | vaultkeeper/ui/controller.py,Divergence,WinForms lifecycle/event/virtual-list/background-worker/mouse-hover plumbing.
StartScreenInfo.vb,StartScreenInfo,Create,Function,,StartScreenInfo.vb:324,strong,vaultkeeper/app_paths.py | vaultkeeper/config/settings.py | vaultkeeper/core/archive.py,Divergence,WinForms lifecycle/event/virtual-list/background-worker/mouse-hover plumbing.
StartScreenInfo.vb,StartScreenInfo,New,Sub,,StartScreenInfo.vb:362,strong,vaultkeeper/core/hak_patch.py | vaultkeeper/core/mapper.py | vaultkeeper/core/name_edit.py,N/A,framework/designer-generated
StartScreenInfo.vb,StartScreenInfo,MigrateFromOld,Function,,StartScreenInfo.vb:421,none,,Deferred,BackupManager + NetworkManager shared-store/sync + SlideShow + find-rename + original-restorers + prefix editor + legacy migrate.
StartScreenInfo.vb,StartScreenInfo,GetNextName,Function,,StartScreenInfo.vb:472,strong,vaultkeeper/game/start_screen.py | vaultkeeper/ui/controller.py,Divergence,WinForms lifecycle/event/virtual-list/background-worker/mouse-hover plumbing.
StartScreenInfo.vb,StartScreenInfo,ToggleActiveScreen,Sub,,StartScreenInfo.vb:504,none,,Ported,"port view/domain layer (details/contents/status/paste/recent/profile views, hak-patch, play-data viewer, find-files, conflicts, workshop, publish)."
StartScreenInfo.vb,StartScreenInfo,SetActiveScreen,Sub,,StartScreenInfo.vb:520,none,,Ported,"port view/domain layer (details/contents/status/paste/recent/profile views, hak-patch, play-data viewer, find-files, conflicts, workshop, publish)."
StartScreenInfo.vb,StartScreenInfo,RefreshScreenFiles,Sub,,StartScreenInfo.vb:530,strong,vaultkeeper/ui/controller.py,Divergence,WinForms lifecycle/event/virtual-list/background-worker/mouse-hover plumbing.
StartScreenInfo.vb,StartScreenInfo,Report,Sub,,StartScreenInfo.vb:543,strong,vaultkeeper/core/change_data.py | vaultkeeper/game/documentation.py | vaultkeeper/game/install_verify.py,Divergence,WinForms lifecycle/event/virtual-list/background-worker/mouse-hover plumbing.
StartScreenInfo.vb,StartScreenInfo,SaveInfo,Sub,,StartScreenInfo.vb:558,strong,vaultkeeper/core/change_data.py | vaultkeeper/core/install_manager.py | vaultkeeper/game/game_saves.py,Divergence,WinForms lifecycle/event/virtual-list/background-worker/mouse-hover plumbing.
StartScreenInfo.vb,StartScreenInfo,SaveAutoExcludes,Sub,,StartScreenInfo.vb:569,strong,vaultkeeper/game/start_screen.py | vaultkeeper/ui/controller.py,Divergence,WinForms lifecycle/event/virtual-list/background-worker/mouse-hover plumbing.
StartScreenInfo.vb,StartScreenInfo,SaveScreenFiles,Sub,,StartScreenInfo.vb:584,none,,Ported,"port view/domain layer (details/contents/status/paste/recent/profile views, hak-patch, play-data viewer, find-files, conflicts, workshop, publish)."
StartScreenInfo.vb,StartScreenInfo,Remove,Sub,,StartScreenInfo.vb:601,strong,vaultkeeper/config/settings.py | vaultkeeper/core/change_data.py | vaultkeeper/core/group_member.py,Divergence,WinForms lifecycle/event/virtual-list/background-worker/mouse-hover plumbing.
StartScreenInfo.vb,StartScreenInfo,GetAvailableScreens,Function,,StartScreenInfo.vb:645,none,,Ported,"port view/domain layer (details/contents/status/paste/recent/profile views, hak-patch, play-data viewer, find-files, conflicts, workshop, publish)."
StartScreenInfo.vb,StartScreenInfo,GetStandardAvailable,Function,,StartScreenInfo.vb:659,none,,Ported,"port view/domain layer (details/contents/status/paste/recent/profile views, hak-patch, play-data viewer, find-files, conflicts, workshop, publish)."
StartScreenInfo.vb,StartScreenInfo,GetPrefixedAvailable,Function,,StartScreenInfo.vb:671,none,,Deferred,BackupManager + NetworkManager shared-store/sync + SlideShow + find-rename + original-restorers + prefix editor + legacy migrate.
StartScreenInfo.vb,StartScreenInfo,GetPrefixedAvailable,Function,,StartScreenInfo.vb:684,none,,Deferred,BackupManager + NetworkManager shared-store/sync + SlideShow + find-rename + original-restorers + prefix editor + legacy migrate.
StartScreenInfo.vb,StartScreenInfo,GetAllPrefixed,Function,,StartScreenInfo.vb:695,none,,Deferred,BackupManager + NetworkManager shared-store/sync + SlideShow + find-rename + original-restorers + prefix editor + legacy migrate.
StartScreenInfo.vb,StartScreenInfo,GetAllPrefixed,Function,,StartScreenInfo.vb:707,none,,Deferred,BackupManager + NetworkManager shared-store/sync + SlideShow + find-rename + original-restorers + prefix editor + legacy migrate.
StartScreenInfo.vb,StartScreenInfo,GetStartScreenPrefixes,Function,,StartScreenInfo.vb:722,strong,vaultkeeper/game/start_screen.py,Divergence,WinForms lifecycle/event/virtual-list/background-worker/mouse-hover plumbing.
StartScreenInfo.vb,StartScreenInfo,IsPrefixed,Function,,StartScreenInfo.vb:746,strong,vaultkeeper/game/start_screen.py | vaultkeeper/ui/controller.py,Divergence,WinForms lifecycle/event/virtual-list/background-worker/mouse-hover plumbing.
StartScreenInfo.vb,StartScreenInfo,IsFilterPrefixed,Function,,StartScreenInfo.vb:756,strong,vaultkeeper/game/start_screen.py | vaultkeeper/ui/controller.py,Divergence,WinForms lifecycle/event/virtual-list/background-worker/mouse-hover plumbing.
StartScreenInfo.vb,StartScreenInfo,FilePrefix,Function,,StartScreenInfo.vb:767,strong,vaultkeeper/game/start_screen.py,Divergence,WinForms lifecycle/event/virtual-list/background-worker/mouse-hover plumbing.
StartScreenInfo.vb,StartScreenInfo,Dispose,Sub,,StartScreenInfo.vb:782,none,,N/A,framework/designer-generated
StartScreenInfo.vb,StartScreenInfo,Dispose,Sub,,StartScreenInfo.vb:805,none,,N/A,framework/designer-generated
StartScreenManager.vb,StartScreenManager,LoadscreenExclusions,Property,,StartScreenManager.vb:145,strong,vaultkeeper/game/start_screen.py,Ported,"StartScreen actions + vault download/install pipeline (subagent-swept, orchestrator-verified vs memory)."
StartScreenManager.vb,StartScreenManager,InstalledStatusText,Property,,StartScreenManager.vb:188,strong,vaultkeeper/ui/controller.py,Ported,"StartScreen actions + vault download/install pipeline (subagent-swept, orchestrator-verified vs memory)."
StartScreenManager.vb,StartScreenManager,SlideShowInterval,Property,,StartScreenManager.vb:222,none,,Partial,"core ported, VB UI flow simplified."
StartScreenManager.vb,StartScreenManager,SearchBoxVisible,Property,,StartScreenManager.vb:240,none,,Divergence,WinForms event/progress/UI plumbing refactored into controller/vault + bounded viewer (search/copy-paste/nav). Owner-confirm candidates: StartScreen export/copy-paste/search.
StartScreenManager.vb,StartScreenManager,LoadscreenManager_Load,Sub,MyBase.Load,StartScreenManager.vb:292,none,,Deferred,slideshow/prefix (StartScreen) + retrieve-orchestration/old-file-mgmt/self-update (DownloadProject).
StartScreenManager.vb,StartScreenManager,SetLcbColumnWidth,Sub,,StartScreenManager.vb:557,none,,Divergence,WinForms event/progress/UI plumbing refactored into controller/vault + bounded viewer (search/copy-paste/nav). Owner-confirm candidates: StartScreen export/copy-paste/search.
StartScreenManager.vb,StartScreenManager,SetControlColumnWidth,Sub,,StartScreenManager.vb:567,none,,Divergence,WinForms event/progress/UI plumbing refactored into controller/vault + bounded viewer (search/copy-paste/nav). Owner-confirm candidates: StartScreen export/copy-paste/search.
StartScreenManager.vb,StartScreenManager,AbortClose,Sub,,StartScreenManager.vb:575,none,,Divergence,WinForms event/progress/UI plumbing refactored into controller/vault + bounded viewer (search/copy-paste/nav). Owner-confirm candidates: StartScreen export/copy-paste/search.
StartScreenManager.vb,StartScreenManager,CreateLoadscreenMod,Sub,,StartScreenManager.vb:586,none,,Partial,"core ported, VB UI flow simplified."
StartScreenManager.vb,StartScreenManager,ValidateLoadscreenFolder,Function,,StartScreenManager.vb:610,none,,Partial,"core ported, VB UI flow simplified."
StartScreenManager.vb,StartScreenManager,SetFvWidth,Sub,,StartScreenManager.vb:656,none,,Divergence,WinForms event/progress/UI plumbing refactored into controller/vault + bounded viewer (search/copy-paste/nav). Owner-confirm candidates: StartScreen export/copy-paste/search.
StartScreenManager.vb,StartScreenManager,CreateLoadscreenInstaller,Sub,,StartScreenManager.vb:695,strong,vaultkeeper/ui/controller.py,Ported,"StartScreen actions + vault download/install pipeline (subagent-swept, orchestrator-verified vs memory)."
StartScreenManager.vb,StartScreenManager,SelectScreenMod,Function,,StartScreenManager.vb:739,none,,Partial,"core ported, VB UI flow simplified."
StartScreenManager.vb,StartScreenManager,ValidateAutoExcludes,Sub,,StartScreenManager.vb:785,strong,vaultkeeper/ui/controller.py,Ported,"StartScreen actions + vault download/install pipeline (subagent-swept, orchestrator-verified vs memory)."
StartScreenManager.vb,StartScreenManager,RestoreFvModsSelections,Sub,,StartScreenManager.vb:798,none,,Divergence,WinForms event/progress/UI plumbing refactored into controller/vault + bounded viewer (search/copy-paste/nav). Owner-confirm candidates: StartScreen export/copy-paste/search.
StartScreenManager.vb,StartScreenManager,SetIntervalDropDownMenu,Sub,,StartScreenManager.vb:811,none,,Deferred,slideshow/prefix (StartScreen) + retrieve-orchestration/old-file-mgmt/self-update (DownloadProject).
StartScreenManager.vb,StartScreenManager,LoadscreenManager_FormClosing,Sub,Me.FormClosing,StartScreenManager.vb:838,none,,Deferred,slideshow/prefix (StartScreen) + retrieve-orchestration/old-file-mgmt/self-update (DownloadProject).
StartScreenManager.vb,StartScreenManager,FvImages_KeyPress,Sub,FvImages.KeyPress,StartScreenManager.vb:902,none,,Divergence,WinForms event/progress/UI plumbing refactored into controller/vault + bounded viewer (search/copy-paste/nav). Owner-confirm candidates: StartScreen export/copy-paste/search.
StartScreenManager.vb,StartScreenManager,FvImages_SelectedIndexChanged,Sub,FvImages.SelectedIndexChanged,StartScreenManager.vb:912,none,,Divergence,WinForms event/progress/UI plumbing refactored into controller/vault + bounded viewer (search/copy-paste/nav). Owner-confirm candidates: StartScreen export/copy-paste/search.
StartScreenManager.vb,StartScreenManager,FvImages_VirtualItemsSelectionRangeChanged,Sub,FvImages.VirtualItemsSelectionRangeChanged,StartScreenManager.vb:923,none,,Divergence,WinForms event/progress/UI plumbing refactored into controller/vault + bounded viewer (search/copy-paste/nav). Owner-confirm candidates: StartScreen export/copy-paste/search.
StartScreenManager.vb,StartScreenManager,ProcessFvImagesSelectionChanged,Sub,,StartScreenManager.vb:934,none,,Partial,"core ported, VB UI flow simplified."
StartScreenManager.vb,StartScreenManager,SetAutoExclusion,Sub,,StartScreenManager.vb:997,none,,Partial,"core ported, VB UI flow simplified."
StartScreenManager.vb,StartScreenManager,PicScreen_Click,Sub,PicScreen.Click,StartScreenManager.vb:1049,none,,Divergence,WinForms event/progress/UI plumbing refactored into controller/vault + bounded viewer (search/copy-paste/nav). Owner-confirm candidates: StartScreen export/copy-paste/search.
StartScreenManager.vb,StartScreenManager,PicScreen_MouseMove,Sub,PicScreen.MouseMove,StartScreenManager.vb:1076,none,,Divergence,WinForms event/progress/UI plumbing refactored into controller/vault + bounded viewer (search/copy-paste/nav). Owner-confirm candidates: StartScreen export/copy-paste/search.
StartScreenManager.vb,StartScreenManager,LoadscreenManager_Activated,Sub,Me.Activated,StartScreenManager.vb:1120,none,,Divergence,WinForms event/progress/UI plumbing refactored into controller/vault + bounded viewer (search/copy-paste/nav). Owner-confirm candidates: StartScreen export/copy-paste/search.
StartScreenManager.vb,StartScreenManager,LsbImages_SearchActivated,Sub,LsbImages.SearchActivated,StartScreenManager.vb:1143,none,,Divergence,WinForms event/progress/UI plumbing refactored into controller/vault + bounded viewer (search/copy-paste/nav). Owner-confirm candidates: StartScreen export/copy-paste/search.
StartScreenManager.vb,StartScreenManager,LsbImages_SearchDeactivated,Sub,LsbImages.SearchDeactivated,StartScreenManager.vb:1151,none,,Divergence,WinForms event/progress/UI plumbing refactored into controller/vault + bounded viewer (search/copy-paste/nav). Owner-confirm candidates: StartScreen export/copy-paste/search.
StartScreenManager.vb,StartScreenManager,RbPrevious_Click,Sub,RbPrevious.Click,StartScreenManager.vb:1168,none,,Divergence,"bounded read-only viewer port: VB filters/navigation/editors/bg-workers/Windows-shell handlers intentionally not ported (PARITY.md recurring pattern). SOME are owner-confirm candidates: ModExplorer filter subsystem, PortraitManager prev/next navigation."
StartScreenManager.vb,StartScreenManager,RbNext_Click,Sub,RbNext.Click,StartScreenManager.vb:1176,none,,Divergence,"bounded read-only viewer port: VB filters/navigation/editors/bg-workers/Windows-shell handlers intentionally not ported (PARITY.md recurring pattern). SOME are owner-confirm candidates: ModExplorer filter subsystem, PortraitManager prev/next navigation."
StartScreenManager.vb,StartScreenManager,RbAddFolders_Click,Sub,RbAddFolders.Click,StartScreenManager.vb:1184,none,,Ported,"StartScreen actions + vault download/install pipeline (subagent-swept, orchestrator-verified vs memory)."
StartScreenManager.vb,StartScreenManager,RbAddFiles_Click,Sub,RbAddFiles.Click,StartScreenManager.vb:1215,none,,Ported,"StartScreen actions + vault download/install pipeline (subagent-swept, orchestrator-verified vs memory)."
StartScreenManager.vb,StartScreenManager,CloseSearchBox,Sub,,StartScreenManager.vb:1230,none,,Divergence,WinForms event/progress/UI plumbing refactored into controller/vault + bounded viewer (search/copy-paste/nav). Owner-confirm candidates: StartScreen export/copy-paste/search.
StartScreenManager.vb,StartScreenManager,RbRename_Click,Sub,RbRename.Click,StartScreenManager.vb:1243,none,,Ported,"StartScreen actions + vault download/install pipeline (subagent-swept, orchestrator-verified vs memory)."
StartScreenManager.vb,StartScreenManager,RbExport_Click,Sub,RbExport.Click,StartScreenManager.vb:1309,none,,Divergence,WinForms event/progress/UI plumbing refactored into controller/vault + bounded viewer (search/copy-paste/nav). Owner-confirm candidates: StartScreen export/copy-paste/search.
StartScreenManager.vb,StartScreenManager,RbDeleteFile_Click,Sub,RbDeleteFile.Click,StartScreenManager.vb:1340,none,,Ported,"StartScreen actions + vault download/install pipeline (subagent-swept, orchestrator-verified vs memory)."
StartScreenManager.vb,StartScreenManager,RbInstall_Click,Sub,RbInstall.Click,StartScreenManager.vb:1449,none,,Ported,"StartScreen actions + vault download/install pipeline (subagent-swept, orchestrator-verified vs memory)."
StartScreenManager.vb,StartScreenManager,RbSlideshow_Click,Sub,RbSlideshow.Click,StartScreenManager.vb:1486,none,,Deferred,slideshow/prefix (StartScreen) + retrieve-orchestration/old-file-mgmt/self-update (DownloadProject).
StartScreenManager.vb,StartScreenManager,RbSlideshow_MouseUp,Sub,RbSlideshow.MouseUp,StartScreenManager.vb:1496,none,,Deferred,slideshow/prefix (StartScreen) + retrieve-orchestration/old-file-mgmt/self-update (DownloadProject).
StartScreenManager.vb,StartScreenManager,SlideShow,Sub,,StartScreenManager.vb:1511,strong,vaultkeeper/game/start_screen.py | vaultkeeper/ui/controller.py | vaultkeeper/ui/dialogs/start_screen_manager.py,Deferred,slideshow/prefix (StartScreen) + retrieve-orchestration/old-file-mgmt/self-update (DownloadProject).
StartScreenManager.vb,StartScreenManager,RbLoadscreenHelp_Click,Sub,RbLoadscreenHelp.Click,StartScreenManager.vb:1550,none,,Ported,"StartScreen actions + vault download/install pipeline (subagent-swept, orchestrator-verified vs memory)."
StartScreenManager.vb,StartScreenManager,FvImages_MouseUp,Sub,FvImages.MouseUp,StartScreenManager.vb:1558,none,,Divergence,WinForms event/progress/UI plumbing refactored into controller/vault + bounded viewer (search/copy-paste/nav). Owner-confirm candidates: StartScreen export/copy-paste/search.
StartScreenManager.vb,StartScreenManager,PicScreen_MouseUp,Sub,PicScreen.MouseUp,StartScreenManager.vb:1566,none,,Divergence,WinForms event/progress/UI plumbing refactored into controller/vault + bounded viewer (search/copy-paste/nav). Owner-confirm candidates: StartScreen export/copy-paste/search.
StartScreenManager.vb,StartScreenManager,CmCopy_Clicked,Sub,,StartScreenManager.vb:1574,none,,Divergence,WinForms event/progress/UI plumbing refactored into controller/vault + bounded viewer (search/copy-paste/nav). Owner-confirm candidates: StartScreen export/copy-paste/search.
StartScreenManager.vb,StartScreenManager,CmPaste_Clicked,Sub,,StartScreenManager.vb:1594,none,,Divergence,WinForms event/progress/UI plumbing refactored into controller/vault + bounded viewer (search/copy-paste/nav). Owner-confirm candidates: StartScreen export/copy-paste/search.
StartScreenManager.vb,StartScreenManager,RbAddAutoExclusion_Click,Sub,RbAddAutoExclusion.Click,StartScreenManager.vb:1643,none,,Ported,"StartScreen actions + vault download/install pipeline (subagent-swept, orchestrator-verified vs memory)."
StartScreenManager.vb,StartScreenManager,RbRemoveAutoExclusion_Click,Sub,RbRemoveAutoExclusion.Click,StartScreenManager.vb:1655,none,,Ported,"StartScreen actions + vault download/install pipeline (subagent-swept, orchestrator-verified vs memory)."
StartScreenManager.vb,StartScreenManager,LcbExcluded_CheckedChanged,Sub,LcbExcluded.CheckedChanged,StartScreenManager.vb:1670,none,,Divergence,WinForms event/progress/UI plumbing refactored into controller/vault + bounded viewer (search/copy-paste/nav). Owner-confirm candidates: StartScreen export/copy-paste/search.
StartScreenManager.vb,StartScreenManager,LcbStats_Click,Sub,LcbStats.Click,StartScreenManager.vb:1687,none,,Divergence,WinForms event/progress/UI plumbing refactored into controller/vault + bounded viewer (search/copy-paste/nav). Owner-confirm candidates: StartScreen export/copy-paste/search.
StartScreenManager.vb,StartScreenManager,RbInfoReport_Click,Sub,RbInfoReport.Click,StartScreenManager.vb:1699,none,,Partial,"core ported, VB UI flow simplified."
StartScreenManager.vb,StartScreenManager,RbSlideShowInterval_Click,Sub,RbSlideShowInterval.Click,StartScreenManager.vb:1732,none,,Deferred,slideshow/prefix (StartScreen) + retrieve-orchestration/old-file-mgmt/self-update (DownloadProject).
StartScreenManager.vb,StartScreenManager,RbImport_Click,Sub,RbImport.Click,StartScreenManager.vb:1752,none,,Divergence,WinForms event/progress/UI plumbing refactored into controller/vault + bounded viewer (search/copy-paste/nav). Owner-confirm candidates: StartScreen export/copy-paste/search.
StartScreenManager.vb,StartScreenManager,RbClearExported_Click,Sub,RbClearExported.Click,StartScreenManager.vb:1804,none,,Divergence,WinForms event/progress/UI plumbing refactored into controller/vault + bounded viewer (search/copy-paste/nav). Owner-confirm candidates: StartScreen export/copy-paste/search.
StartScreenManager.vb,StartScreenManager,RbUninstall_Click,Sub,RbUninstall.Click,StartScreenManager.vb:1824,none,,Divergence,WinForms event/progress/UI plumbing refactored into controller/vault + bounded viewer (search/copy-paste/nav). Owner-confirm candidates: StartScreen export/copy-paste/search.
StartScreenManager.vb,StartScreenManager,UninstallLoadscreen,Sub,,StartScreenManager.vb:1834,strong,vaultkeeper/ui/controller.py,Divergence,WinForms event/progress/UI plumbing refactored into controller/vault + bounded viewer (search/copy-paste/nav). Owner-confirm candidates: StartScreen export/copy-paste/search.
StartScreenManager.vb,StartScreenManager,RbRemove_Click,Sub,RbRemove.Click,StartScreenManager.vb:1847,none,,Divergence,WinForms event/progress/UI plumbing refactored into controller/vault + bounded viewer (search/copy-paste/nav). Owner-confirm candidates: StartScreen export/copy-paste/search.
StartScreenManager.vb,StartScreenManager,RbClose_Click,Sub,RbClose.Click,StartScreenManager.vb:1906,none,,Divergence,WinForms event/progress/UI plumbing refactored into controller/vault + bounded viewer (search/copy-paste/nav). Owner-confirm candidates: StartScreen export/copy-paste/search.
StartScreenManager.vb,StartScreenManager,SetStats,Sub,,StartScreenManager.vb:1920,none,,Divergence,WinForms event/progress/UI plumbing refactored into controller/vault + bounded viewer (search/copy-paste/nav). Owner-confirm candidates: StartScreen export/copy-paste/search.
StartScreenManager.vb,StartScreenManager,SummaryInfo,Function,,StartScreenManager.vb:1944,strong,vaultkeeper/ui/controller.py,Divergence,WinForms event/progress/UI plumbing refactored into controller/vault + bounded viewer (search/copy-paste/nav). Owner-confirm candidates: StartScreen export/copy-paste/search.
StartScreenManager.vb,StartScreenManager,MoveSelection,Sub,,StartScreenManager.vb:1966,none,,Divergence,"bounded read-only viewer port: VB filters/navigation/editors/bg-workers/Windows-shell handlers intentionally not ported (PARITY.md recurring pattern). SOME are owner-confirm candidates: ModExplorer filter subsystem, PortraitManager prev/next navigation."
StartScreenManager.vb,StartScreenManager,UninstallLoadscreenMod,Sub,,StartScreenManager.vb:1998,strong,vaultkeeper/ui/controller.py,Divergence,WinForms event/progress/UI plumbing refactored into controller/vault + bounded viewer (search/copy-paste/nav). Owner-confirm candidates: StartScreen export/copy-paste/search.
StartScreenManager.vb,StartScreenManager,AnnealLoadscreenMod,Sub,,StartScreenManager.vb:2021,none,,Divergence,WinForms event/progress/UI plumbing refactored into controller/vault + bounded viewer (search/copy-paste/nav). Owner-confirm candidates: StartScreen export/copy-paste/search.
StartScreenManager.vb,StartScreenManager,SetPasteAvailibity,Sub,,StartScreenManager.vb:2036,none,,Divergence,WinForms event/progress/UI plumbing refactored into controller/vault + bounded viewer (search/copy-paste/nav). Owner-confirm candidates: StartScreen export/copy-paste/search.
StartScreenManager.vb,StartScreenManager,BrowseScreenFolders,Function,,StartScreenManager.vb:2051,none,,Divergence,WinForms event/progress/UI plumbing refactored into controller/vault + bounded viewer (search/copy-paste/nav). Owner-confirm candidates: StartScreen export/copy-paste/search.
StartScreenManager.vb,StartScreenManager,BrowseScreenFiles,Function,,StartScreenManager.vb:2073,none,,Divergence,WinForms event/progress/UI plumbing refactored into controller/vault + bounded viewer (search/copy-paste/nav). Owner-confirm candidates: StartScreen export/copy-paste/search.
StartScreenManager.vb,StartScreenManager,ProcessFolders,Function,,StartScreenManager.vb:2100,strong,vaultkeeper/game/start_screen.py | vaultkeeper/ui/controller.py | vaultkeeper/ui/dialogs/start_screen_manager.py,Divergence,WinForms event/progress/UI plumbing refactored into controller/vault + bounded viewer (search/copy-paste/nav). Owner-confirm candidates: StartScreen export/copy-paste/search.
StartScreenManager.vb,StartScreenManager,ProcessFiles,Sub,,StartScreenManager.vb:2149,strong,vaultkeeper/game/start_screen.py | vaultkeeper/ui/controller.py,Divergence,WinForms event/progress/UI plumbing refactored into controller/vault + bounded viewer (search/copy-paste/nav). Owner-confirm candidates: StartScreen export/copy-paste/search.
StartScreenManager.vb,StartScreenManager,ValidateName,Function,,StartScreenManager.vb:2257,strong,vaultkeeper/core/name_edit.py | vaultkeeper/game/start_screen.py | vaultkeeper/ui/controller.py,Divergence,WinForms event/progress/UI plumbing refactored into controller/vault + bounded viewer (search/copy-paste/nav). Owner-confirm candidates: StartScreen export/copy-paste/search.
StartScreenManager.vb,StartScreenManager,BtSearch_Click,Sub,BtSearch.Click,StartScreenManager.vb:2304,none,,Divergence,WinForms event/progress/UI plumbing refactored into controller/vault + bounded viewer (search/copy-paste/nav). Owner-confirm candidates: StartScreen export/copy-paste/search.
StartScreenManager.vb,StartScreenManager,MgStatus_Click,Sub,MgStatus.Click,StartScreenManager.vb:2315,none,,Divergence,WinForms event/progress/UI plumbing refactored into controller/vault + bounded viewer (search/copy-paste/nav). Owner-confirm candidates: StartScreen export/copy-paste/search.
StartScreenManager.vb,StartScreenManager,LcbInstalled_Click,Sub,LcbInstalled.Click,StartScreenManager.vb:2323,none,,Divergence,WinForms event/progress/UI plumbing refactored into controller/vault + bounded viewer (search/copy-paste/nav). Owner-confirm candidates: StartScreen export/copy-paste/search.
StartScreenManager.vb,StartScreenManager,SelectLoadScreen,Sub,,StartScreenManager.vb:2339,none,,Divergence,WinForms event/progress/UI plumbing refactored into controller/vault + bounded viewer (search/copy-paste/nav). Owner-confirm candidates: StartScreen export/copy-paste/search.
StartScreenManager.vb,StartScreenManager,ProcessCmdKey,Function,,StartScreenManager.vb:2357,none,,Divergence,"bounded read-only viewer port: VB filters/navigation/editors/bg-workers/Windows-shell handlers intentionally not ported (PARITY.md recurring pattern). SOME are owner-confirm candidates: ModExplorer filter subsystem, PortraitManager prev/next navigation."
StartScreenManager.vb,StartScreenManager,WndProc,Sub,,StartScreenManager.vb:2395,none,,Divergence,"bounded read-only viewer port: VB filters/navigation/editors/bg-workers/Windows-shell handlers intentionally not ported (PARITY.md recurring pattern). SOME are owner-confirm candidates: ModExplorer filter subsystem, PortraitManager prev/next navigation."
StartScreenManager.vb,StartScreenManager,BgExportImport_DoWork,Sub,BgExportImport.DoWork,StartScreenManager.vb:2426,none,,Divergence,WinForms event/progress/UI plumbing refactored into controller/vault + bounded viewer (search/copy-paste/nav). Owner-confirm candidates: StartScreen export/copy-paste/search.
StartScreenManager.vb,StartScreenManager,BgExportImport_ProgressChanged,Sub,BgExportImport.ProgressChanged,StartScreenManager.vb:2452,none,,Divergence,WinForms event/progress/UI plumbing refactored into controller/vault + bounded viewer (search/copy-paste/nav). Owner-confirm candidates: StartScreen export/copy-paste/search.
StartScreenManager.vb,StartScreenManager,SetShowPrefixed,Sub,,StartScreenManager.vb:2470,none,,Divergence,WinForms event/progress/UI plumbing refactored into controller/vault + bounded viewer (search/copy-paste/nav). Owner-confirm candidates: StartScreen export/copy-paste/search.
StartScreenManager.vb,StartScreenManager,InstallPrefixed,Sub,,StartScreenManager.vb:2485,none,,Divergence,WinForms event/progress/UI plumbing refactored into controller/vault + bounded viewer (search/copy-paste/nav). Owner-confirm candidates: StartScreen export/copy-paste/search.
StartScreenManager.vb,StartScreenManager,AutoExcludePrefixed,Sub,,StartScreenManager.vb:2516,none,,Divergence,WinForms event/progress/UI plumbing refactored into controller/vault + bounded viewer (search/copy-paste/nav). Owner-confirm candidates: StartScreen export/copy-paste/search.
StartScreenManager.vb,StartScreenManager,PrefixedReportCount,Function,,StartScreenManager.vb:2535,none,,Divergence,WinForms event/progress/UI plumbing refactored into controller/vault + bounded viewer (search/copy-paste/nav). Owner-confirm candidates: StartScreen export/copy-paste/search.
StartScreenManager.vb,StartScreenManager,RbAutoSelect_CheckedChanged,Sub,RbAutoSelect.CheckedChanged,StartScreenManager.vb:2550,none,,Divergence,WinForms event/progress/UI plumbing refactored into controller/vault + bounded viewer (search/copy-paste/nav). Owner-confirm candidates: StartScreen export/copy-paste/search.
StartScreenManager.vb,StartScreenManager,RbShowPrefixed_CheckedChanged,Sub,RbShowPrefixed.CheckedChanged,StartScreenManager.vb:2562,none,,Divergence,WinForms event/progress/UI plumbing refactored into controller/vault + bounded viewer (search/copy-paste/nav). Owner-confirm candidates: StartScreen export/copy-paste/search.
StartScreenManager.vb,StartScreenManager,RbRepairPrefixed_Click,Sub,RbRepairPrefixed.Click,StartScreenManager.vb:2605,none,,Divergence,WinForms event/progress/UI plumbing refactored into controller/vault + bounded viewer (search/copy-paste/nav). Owner-confirm candidates: StartScreen export/copy-paste/search.
SteamWorkshop.IdFileInfo.vb,IdFileInfo,IsInstallerFile,Property,,SteamWorkshop.IdFileInfo.vb:26,none,,GAP?,
SteamWorkshop.IdFileInfo.vb,IdFileInfo,Modified,Property,,SteamWorkshop.IdFileInfo.vb:37,strong,vaultkeeper/core/file_data.py | vaultkeeper/core/hak_patch.py | vaultkeeper/core/profile_data.py,AUTO-PORTED,
SteamWorkshop.IdFileInfo.vb,IdFileInfo,ByteSize,Property,,SteamWorkshop.IdFileInfo.vb:42,strong,vaultkeeper/core/file_data.py | vaultkeeper/core/hak_patch.py | vaultkeeper/core/install_manager.py,AUTO-PORTED,
SteamWorkshop.IdFileInfo.vb,IdFileInfo,Checksum,Property,,SteamWorkshop.IdFileInfo.vb:48,strong,vaultkeeper/core/change_data.py | vaultkeeper/core/hak_patch.py | vaultkeeper/core/profile_data.py,AUTO-PORTED,
SteamWorkshop.IdFileInfo.vb,IdFileInfo,New,Sub,,SteamWorkshop.IdFileInfo.vb:62,strong,vaultkeeper/core/hak_patch.py | vaultkeeper/core/mapper.py | vaultkeeper/core/name_edit.py,N/A,framework/designer-generated
SteamWorkshop.IdFileInfo.vb,IdFileInfo,Clone,Function,,SteamWorkshop.IdFileInfo.vb:74,strong,vaultkeeper/core/change_data.py | vaultkeeper/core/file_data.py | vaultkeeper/core/mod_data.py,N/A,framework/designer-generated
SteamWorkshop.IdInfo.vb,IdInfo,Id,Property,,SteamWorkshop.IdInfo.vb:32,none,,GAP?,
SteamWorkshop.IdInfo.vb,IdInfo,ModFolderName,Property,,SteamWorkshop.IdInfo.vb:37,comment,vaultkeeper/game/workshop.py,AUTO-PORTED,matched in comment/docstring
SteamWorkshop.IdInfo.vb,IdInfo,UnknownModName,Property,,SteamWorkshop.IdInfo.vb:43,strong,vaultkeeper/game/workshop.py,AUTO-PORTED,
SteamWorkshop.IdInfo.vb,IdInfo,DisplayName,Property,,SteamWorkshop.IdInfo.vb:52,strong,vaultkeeper/game/character.py | vaultkeeper/game/editions.py | vaultkeeper/game/workshop.py,Partial,"WizardBuilder transfer/display + GameManager archive/restore/activate/deactivate/delete actions (core ported, VB wiring divergent)."
SteamWorkshop.IdInfo.vb,IdInfo,IdFolder,Property,,SteamWorkshop.IdInfo.vb:65,strong,vaultkeeper/game/workshop.py | vaultkeeper/ui/controller.py,AUTO-PORTED,
SteamWorkshop.IdInfo.vb,IdInfo,Files,Property,,SteamWorkshop.IdInfo.vb:75,strong,vaultkeeper/app_paths.py | vaultkeeper/config/settings.py | vaultkeeper/core/archive.py,AUTO-PORTED,
SteamWorkshop.IdInfo.vb,IdInfo,New,Sub,,SteamWorkshop.IdInfo.vb:82,strong,vaultkeeper/core/hak_patch.py | vaultkeeper/core/mapper.py | vaultkeeper/core/name_edit.py,N/A,framework/designer-generated
SteamWorkshop.IdInfo.vb,IdInfo,New,Sub,,SteamWorkshop.IdInfo.vb:94,strong,vaultkeeper/core/hak_patch.py | vaultkeeper/core/mapper.py | vaultkeeper/core/name_edit.py,N/A,framework/designer-generated
SteamWorkshop.IdInfo.vb,IdInfo,GetModFolderName,Function,,SteamWorkshop.IdInfo.vb:104,strong,vaultkeeper/game/workshop.py,AUTO-PORTED,
SteamWorkshop.IdInfo.vb,IdInfo,ModNameFromWeb,Function,,SteamWorkshop.IdInfo.vb:140,none,,GAP?,
SteamWorkshop.IdInfo.vb,IdInfo,GetSteamPage,Function,,SteamWorkshop.IdInfo.vb:151,none,,GAP?,
SteamWorkshop.IdInfo.vb,IdInfo,GetSteamTitle,Function,,SteamWorkshop.IdInfo.vb:184,none,,GAP?,
SteamWorkshop.IdInfo.vb,IdInfo,RefreshSteamFiles,Function,,SteamWorkshop.IdInfo.vb:213,strong,vaultkeeper/game/workshop.py,AUTO-PORTED,
SteamWorkshop.IdInfo.vb,IdInfo,AddCrcItem,Function,,SteamWorkshop.IdInfo.vb:268,none,,GAP?,
SteamWorkshop.IdInfo.vb,IdInfo,Clone,Function,,SteamWorkshop.IdInfo.vb:285,strong,vaultkeeper/core/change_data.py | vaultkeeper/core/file_data.py | vaultkeeper/core/mod_data.py,N/A,framework/designer-generated
SteamWorkshop.ModInfo.vb,ModInfo,Id,Property,,SteamWorkshop.ModInfo.vb:27,none,,GAP?,
SteamWorkshop.ModInfo.vb,ModInfo,ModName,Property,,SteamWorkshop.ModInfo.vb:32,strong,vaultkeeper/core/change_data.py | vaultkeeper/core/file_key.py | vaultkeeper/core/install_manager.py,Ported,DocOrganiser/ModPlayViewer/WizardBuilder core report/view/save logic (subagent+orchestrator).
SteamWorkshop.ModInfo.vb,ModInfo,Managed,Property,,SteamWorkshop.ModInfo.vb:37,strong,vaultkeeper/core/constants.py | vaultkeeper/game/install_verify.py | vaultkeeper/game/start_screen.py,AUTO-PORTED,
SteamWorkshop.ModInfo.vb,ModInfo,SteamOnly,Property,,SteamWorkshop.ModInfo.vb:42,strong,vaultkeeper/ui/dialogs/workshop_viewer.py,AUTO-PORTED,
SteamWorkshop.ModInfo.vb,ModInfo,WorkshopFolder,Property,,SteamWorkshop.ModInfo.vb:47,strong,vaultkeeper/ui/controller.py,AUTO-PORTED,
SteamWorkshop.ModInfo.vb,ModInfo,WorkshopFileName,Property,,SteamWorkshop.ModInfo.vb:56,none,,GAP?,
SteamWorkshop.ModInfo.vb,ModInfo,WorkshopFullName,Property,,SteamWorkshop.ModInfo.vb:65,none,,GAP?,
SteamWorkshop.ModInfo.vb,ModInfo,New,Sub,,SteamWorkshop.ModInfo.vb:75,strong,vaultkeeper/core/hak_patch.py | vaultkeeper/core/mapper.py | vaultkeeper/core/name_edit.py,N/A,framework/designer-generated
SteamWorkshop.ModInfo.vb,ModInfo,CheckResubscribed,Sub,,SteamWorkshop.ModInfo.vb:114,strong,vaultkeeper/ui/controller.py,AUTO-PORTED,
SteamWorkshop.ModInfo.vb,ModInfo,CreateModFolder,Function,,SteamWorkshop.ModInfo.vb:133,strong,vaultkeeper/ui/controller.py,Ported,"StartScreen actions + vault download/install pipeline (subagent-swept, orchestrator-verified vs memory)."
SteamWorkshop.ModInfo.vb,ModInfo,UpdateWorkshopFile,Sub,,SteamWorkshop.ModInfo.vb:172,strong,vaultkeeper/ui/controller.py,AUTO-PORTED,
SteamWorkshop.vb,SteamWorkshop,Loaded,Property,,SteamWorkshop.vb:27,strong,vaultkeeper/core/hak_patch.py | vaultkeeper/game/character_reference.py | vaultkeeper/game/play_data_manager.py,Divergence,WinForms lifecycle/event/virtual-list/background-worker/mouse-hover plumbing.
SteamWorkshop.vb,SteamWorkshop,ManagedItems,Property,,SteamWorkshop.vb:32,none,,Ported,"port view/domain layer (details/contents/status/paste/recent/profile views, hak-patch, play-data viewer, find-files, conflicts, workshop, publish)."
SteamWorkshop.vb,SteamWorkshop,UnmanagedItems,Property,,SteamWorkshop.vb:41,none,,Ported,"port view/domain layer (details/contents/status/paste/recent/profile views, hak-patch, play-data viewer, find-files, conflicts, workshop, publish)."
SteamWorkshop.vb,SteamWorkshop,LogMessage,Property,,SteamWorkshop.vb:50,none,,Divergence,UI status/progress + WinForms background-worker plumbing (CRC compute engine itself is ported in core).
SteamWorkshop.vb,SteamWorkshop,StatusMessage,Property,,SteamWorkshop.vb:55,none,,Divergence,WinForms lifecycle/event/virtual-list/background-worker/mouse-hover plumbing.
SteamWorkshop.vb,SteamWorkshop,LoadModsStatus,Property,,SteamWorkshop.vb:60,none,,Divergence,WinForms lifecycle/event/virtual-list/background-worker/mouse-hover plumbing.
SteamWorkshop.vb,SteamWorkshop,WorkshopContents,Property,,SteamWorkshop.vb:87,strong,vaultkeeper/game/workshop.py | vaultkeeper/ui/controller.py | vaultkeeper/ui/dialogs/workshop_viewer.py,Divergence,WinForms lifecycle/event/virtual-list/background-worker/mouse-hover plumbing.
SteamWorkshop.vb,SteamWorkshop,WorkshopMods,Property,,SteamWorkshop.vb:93,strong,vaultkeeper/game/workshop.py,Divergence,WinForms lifecycle/event/virtual-list/background-worker/mouse-hover plumbing.
SteamWorkshop.vb,SteamWorkshop,WorkshopModLookup,Property,,SteamWorkshop.vb:99,none,,Ported,"port view/domain layer (details/contents/status/paste/recent/profile views, hak-patch, play-data viewer, find-files, conflicts, workshop, publish)."
SteamWorkshop.vb,SteamWorkshop,New,Sub,,SteamWorkshop.vb:148,strong,vaultkeeper/core/hak_patch.py | vaultkeeper/core/mapper.py | vaultkeeper/core/name_edit.py,N/A,framework/designer-generated
SteamWorkshop.vb,SteamWorkshop,LoadContent,Sub,,SteamWorkshop.vb:174,none,,Ported,"port view/domain layer (details/contents/status/paste/recent/profile views, hak-patch, play-data viewer, find-files, conflicts, workshop, publish)."
SteamWorkshop.vb,SteamWorkshop,ValidateSteamContent,Sub,,SteamWorkshop.vb:239,strong,vaultkeeper/game/workshop.py | vaultkeeper/ui/controller.py | vaultkeeper/ui/dialogs/workshop_viewer.py,Divergence,WinForms lifecycle/event/virtual-list/background-worker/mouse-hover plumbing.
SteamWorkshop.vb,SteamWorkshop,CalculateChecksums,Sub,,SteamWorkshop.vb:290,strong,vaultkeeper/core/profile_data.py | vaultkeeper/ui/controller.py,Divergence,WinForms lifecycle/event/virtual-list/background-worker/mouse-hover plumbing.
SteamWorkshop.vb,SteamWorkshop,RenameMod,Sub,,SteamWorkshop.vb:336,strong,vaultkeeper/core/profile_data.py | vaultkeeper/game/game_mapper.py | vaultkeeper/game/play_data_manager.py,Ported,install engine + rename + analyser browser report (subagent-swept).
SteamWorkshop.vb,SteamWorkshop,LoadMods,Sub,,SteamWorkshop.vb:373,none,,Ported,"port view/domain layer (details/contents/status/paste/recent/profile views, hak-patch, play-data viewer, find-files, conflicts, workshop, publish)."
SteamWorkshop.vb,SteamWorkshop,UnsubscribeAll,Sub,,SteamWorkshop.vb:446,none,,Deferred,BackupManager + NetworkManager shared-store/sync + SlideShow + find-rename + original-restorers + prefix editor + legacy migrate.
SteamWorkshop.vb,SteamWorkshop,Unsubscribe,Function,,SteamWorkshop.vb:497,strong,vaultkeeper/ui/controller.py,Divergence,WinForms lifecycle/event/virtual-list/background-worker/mouse-hover plumbing.
SteamWorkshop.vb,SteamWorkshop,RetainModQuestion,Function,,SteamWorkshop.vb:538,none,,Deferred,BackupManager + NetworkManager shared-store/sync + SlideShow + find-rename + original-restorers + prefix editor + legacy migrate.
SteamWorkshop.vb,SteamWorkshop,ValidateModContent,Function,,SteamWorkshop.vb:575,none,,Ported,"port view/domain layer (details/contents/status/paste/recent/profile views, hak-patch, play-data viewer, find-files, conflicts, workshop, publish)."
SteamWorkshop.vb,SteamWorkshop,UpdateRequired,Function,,SteamWorkshop.vb:663,none,,Ported,"port view/domain layer (details/contents/status/paste/recent/profile views, hak-patch, play-data viewer, find-files, conflicts, workshop, publish)."
SteamWorkshop.vb,SteamWorkshop,CreateMods,Sub,,SteamWorkshop.vb:709,none,,Ported,"port view/domain layer (details/contents/status/paste/recent/profile views, hak-patch, play-data viewer, find-files, conflicts, workshop, publish)."
SteamWorkshop.vb,SteamWorkshop,CreateInstallers,Sub,,SteamWorkshop.vb:738,strong,vaultkeeper/ui/controller.py,Ported,"StartScreen actions + vault download/install pipeline (subagent-swept, orchestrator-verified vs memory)."
TaskbarProgress.vb,TaskbarProgress,WindowHandle,Property,,TaskbarProgress.vb:21,none,,GAP?,
TaskbarProgress.vb,TaskbarProgress,New,Sub,,TaskbarProgress.vb:23,strong,vaultkeeper/core/hak_patch.py | vaultkeeper/core/mapper.py | vaultkeeper/core/name_edit.py,N/A,framework/designer-generated
TaskbarProgress.vb,TaskbarProgress,Update,Sub,,TaskbarProgress.vb:31,strong,vaultkeeper/config/settings.py | vaultkeeper/core/change_data.py | vaultkeeper/core/ci_dict.py,AUTO-PORTED,
TaskbarProgress.vb,TaskbarProgress,Reset,Sub,,TaskbarProgress.vb:42,strong,vaultkeeper/config/settings.py | vaultkeeper/core/change_data.py | vaultkeeper/core/install_manager.py,AUTO-PORTED,
UpdateInstaller.vb,UpdateInstaller,New,Sub,,UpdateInstaller.vb:28,strong,vaultkeeper/core/hak_patch.py | vaultkeeper/core/mapper.py | vaultkeeper/core/name_edit.py,N/A,framework/designer-generated
UpdateInstaller.vb,UpdateInstaller,ShowDialog,Function,,UpdateInstaller.vb:44,strong,vaultkeeper/ui/dialogs/about.py | vaultkeeper/ui/dialogs/classes_skills_feats.py | vaultkeeper/ui/main_window.py,Ported,DocOrganiser/ModPlayViewer/WizardBuilder core report/view/save logic (subagent+orchestrator).
UpdateInstaller.vb,UpdateInstaller,BgScanner_DoWork,Sub,BgScanner.DoWork,UpdateInstaller.vb:66,none,,Divergence,WinForms event/progress/UI plumbing refactored into controller/vault + bounded viewer (search/copy-paste/nav). Owner-confirm candidates: StartScreen export/copy-paste/search.
UpdateInstaller.vb,UpdateInstaller,BgCreate_DoWork,Sub,BgCreate.DoWork,UpdateInstaller.vb:98,none,,Divergence,WinForms lifecycle/event/virtual-list/background-worker plumbing; N/A in Qt.
UserResponseEditor.vb,UserResponseEditor,UserResponseEditor_Load,Sub,MyBase.Load,UserResponseEditor.vb:35,none,,Divergence,WinForms lifecycle/event/virtual-list/background-worker/mouse-hover plumbing.
UserResponseEditor.vb,UserResponseEditor,UserResponseEditor_Shown,Sub,Me.Shown,UserResponseEditor.vb:96,none,,Divergence,WinForms lifecycle/event/virtual-list/background-worker/mouse-hover plumbing.
UserResponseEditor.vb,UserResponseEditor,LvResponses_SelectedIndexChanged,Sub,LvResponses.SelectedIndexChanged,UserResponseEditor.vb:106,none,,Divergence,WinForms lifecycle/event/virtual-list/background-worker/mouse-hover plumbing.
UserResponseEditor.vb,UserResponseEditor,BtDelete_Click,Sub,BtDelete.Click,UserResponseEditor.vb:125,none,,Partial,"WizardBuilder transfer/display + GameManager archive/restore/activate/deactivate/delete actions (core ported, VB wiring divergent)."
UserResponseEditor.vb,UserResponseEditor,BtClose_Click,Sub,BtClose.Click,UserResponseEditor.vb:152,none,,Divergence,"bounded read-only viewer port: VB filters/navigation/editors/bg-workers/Windows-shell handlers intentionally not ported (PARITY.md recurring pattern). SOME are owner-confirm candidates: ModExplorer filter subsystem, PortraitManager prev/next navigation."
VaultDownloadRules.ProjectInfo.vb,ProjectInfo,ModFolder,Property,,VaultDownloadRules.ProjectInfo.vb:23,strong,vaultkeeper/core/constants.py | vaultkeeper/core/mapper.py | vaultkeeper/core/mod_data.py,AUTO-PORTED,
VaultDownloadRules.ProjectInfo.vb,ProjectInfo,Group,Property,,VaultDownloadRules.ProjectInfo.vb:28,strong,vaultkeeper/config/settings.py | vaultkeeper/core/constants.py | vaultkeeper/core/file_key.py,Ported,DocOrganiser/ModPlayViewer/WizardBuilder core report/view/save logic (subagent+orchestrator).
VaultDownloadRules.ProjectInfo.vb,ProjectInfo,ApplyExcludes,Property,,VaultDownloadRules.ProjectInfo.vb:33,none,,GAP?,
VaultDownloadRules.ProjectInfo.vb,ProjectInfo,Files,Property,,VaultDownloadRules.ProjectInfo.vb:38,strong,vaultkeeper/app_paths.py | vaultkeeper/config/settings.py | vaultkeeper/core/archive.py,AUTO-PORTED,
VaultDownloadRules.ProjectInfo.vb,ProjectInfo,ExternalFiles,Property,,VaultDownloadRules.ProjectInfo.vb:43,none,,GAP?,
VaultDownloadRules.ProjectInfo.vb,ProjectInfo,RequiredFiles,Property,,VaultDownloadRules.ProjectInfo.vb:48,none,,Ported,"domain layer ported Phase 1-5 (ModData mutators, play-data, vault scraper/rules parsing, GameMapper resolution)."
VaultDownloadRules.ProjectInfo.vb,ProjectInfo,AddRequired,Property,,VaultDownloadRules.ProjectInfo.vb:53,none,,Ported,"domain layer ported Phase 1-5 (ModData mutators, play-data, vault scraper/rules parsing, GameMapper resolution)."
VaultDownloadRules.ProjectInfo.vb,ProjectInfo,ExcludeRequiredProjects,Property,,VaultDownloadRules.ProjectInfo.vb:59,none,,GAP?,
VaultDownloadRules.ProjectInfo.vb,ProjectInfo,ExcludeDirectLinks,Property,,VaultDownloadRules.ProjectInfo.vb:64,none,,GAP?,
VaultDownloadRules.ProjectInfo.vb,ProjectInfo,IncludeExtensions,Property,,VaultDownloadRules.ProjectInfo.vb:69,none,,GAP?,
VaultDownloadRules.ProjectInfo.vb,ProjectInfo,Wizard,Property,,VaultDownloadRules.ProjectInfo.vb:74,strong,vaultkeeper/core/constants.py | vaultkeeper/core/formats/bic_reader.py | vaultkeeper/game/character.py,AUTO-PORTED,
VaultDownloadRules.vb,VaultDownloadRules,RulesVersionSuffix,Property,,VaultDownloadRules.vb:58,none,,Divergence,UI status/progress + WinForms background-worker plumbing (CRC compute engine itself is ported in core).
VaultDownloadRules.vb,VaultDownloadRules,RulesFilename,Property,,VaultDownloadRules.vb:76,none,,Divergence,UI status/progress + WinForms background-worker plumbing (CRC compute engine itself is ported in core).
VaultDownloadRules.vb,VaultDownloadRules,RulesFile,Property,,VaultDownloadRules.vb:86,strong,vaultkeeper/ui/controller.py,AUTO-PORTED,
VaultDownloadRules.vb,VaultDownloadRules,SourceLocation,Property,,VaultDownloadRules.vb:95,none,,Divergence,UI status/progress + WinForms background-worker plumbing (CRC compute engine itself is ported in core).
VaultDownloadRules.vb,VaultDownloadRules,SourceRevision,Property,,VaultDownloadRules.vb:112,none,,Divergence,UI status/progress + WinForms background-worker plumbing (CRC compute engine itself is ported in core).
VaultDownloadRules.vb,VaultDownloadRules,RuleFileVersionInfo,Property,,VaultDownloadRules.vb:117,none,,Partial,"present but bounded (title/temp-name helpers, rule accessors)."
VaultDownloadRules.vb,VaultDownloadRules,RulesFullVersion,Property,,VaultDownloadRules.vb:126,none,,Divergence,UI status/progress + WinForms background-worker plumbing (CRC compute engine itself is ported in core).
VaultDownloadRules.vb,VaultDownloadRules,RulesFileLanguage,Property,,VaultDownloadRules.vb:135,none,,Divergence,UI status/progress + WinForms background-worker plumbing (CRC compute engine itself is ported in core).
VaultDownloadRules.vb,VaultDownloadRules,RevisionNumber,Property,,VaultDownloadRules.vb:140,none,,Divergence,UI status/progress + WinForms background-worker plumbing (CRC compute engine itself is ported in core).
VaultDownloadRules.vb,VaultDownloadRules,CountPhp,Property,,VaultDownloadRules.vb:145,none,,Divergence,UI status/progress + WinForms background-worker plumbing (CRC compute engine itself is ported in core).
VaultDownloadRules.vb,VaultDownloadRules,FileIdPrefix,Property,,VaultDownloadRules.vb:150,strong,vaultkeeper/vault/download_rules.py,AUTO-PORTED,
VaultDownloadRules.vb,VaultDownloadRules,ProjectUrlSuffix,Property,,VaultDownloadRules.vb:158,none,,Divergence,UI status/progress + WinForms background-worker plumbing (CRC compute engine itself is ported in core).
VaultDownloadRules.vb,VaultDownloadRules,VaultTempUrl,Property,,VaultDownloadRules.vb:164,none,,Divergence,UI status/progress + WinForms background-worker plumbing (CRC compute engine itself is ported in core).
VaultDownloadRules.vb,VaultDownloadRules,CountRoloVaultDownloads,Property,,VaultDownloadRules.vb:169,none,,Deferred,legacy migrate / rules-file version management / LazWorks date-diff helper.
VaultDownloadRules.vb,VaultDownloadRules,SitesBaseAddress,Property,,VaultDownloadRules.vb:175,none,,Divergence,UI status/progress + WinForms background-worker plumbing (CRC compute engine itself is ported in core).
VaultDownloadRules.vb,VaultDownloadRules,VaultDomain,Property,,VaultDownloadRules.vb:181,none,,Divergence,UI status/progress + WinForms background-worker plumbing (CRC compute engine itself is ported in core).
VaultDownloadRules.vb,VaultDownloadRules,OldVaultDomain,Property,,VaultDownloadRules.vb:187,none,,Divergence,UI status/progress + WinForms background-worker plumbing (CRC compute engine itself is ported in core).
VaultDownloadRules.vb,VaultDownloadRules,VaultTitleId,Property,,VaultDownloadRules.vb:193,none,,Divergence,UI status/progress + WinForms background-worker plumbing (CRC compute engine itself is ported in core).
VaultDownloadRules.vb,VaultDownloadRules,RulesMessage,Property,,VaultDownloadRules.vb:198,none,,Partial,"present but bounded (title/temp-name helpers, rule accessors)."
VaultDownloadRules.vb,VaultDownloadRules,SaveNameRemovedChars,Property,,VaultDownloadRules.vb:208,strong,vaultkeeper/game/game_mapper.py | vaultkeeper/ui/play_loop.py | vaultkeeper/vault/download_rules.py,AUTO-PORTED,
VaultDownloadRules.vb,VaultDownloadRules,SaveNameRules,Property,,VaultDownloadRules.vb:213,strong,vaultkeeper/game/game_mapper.py | vaultkeeper/ui/play_loop.py | vaultkeeper/vault/download_rules.py,AUTO-PORTED,
VaultDownloadRules.vb,VaultDownloadRules,WorkshopFileMap,Property,,VaultDownloadRules.vb:218,none,,Ported,"domain layer ported Phase 1-5 (ModData mutators, play-data, vault scraper/rules parsing, GameMapper resolution)."
VaultDownloadRules.vb,VaultDownloadRules,Projects,Property,,VaultDownloadRules.vb:242,strong,vaultkeeper/ui/controller.py | vaultkeeper/ui/dialogs/download_project.py | vaultkeeper/vault/download_rules.py,AUTO-PORTED,
VaultDownloadRules.vb,VaultDownloadRules,PrefixFilenames,Property,,VaultDownloadRules.vb:278,strong,vaultkeeper/vault/download_rules.py,AUTO-PORTED,
VaultDownloadRules.vb,VaultDownloadRules,New,Sub,,VaultDownloadRules.vb:439,strong,vaultkeeper/core/hak_patch.py | vaultkeeper/core/mapper.py | vaultkeeper/core/name_edit.py,N/A,framework/designer-generated
VaultDownloadRules.vb,VaultDownloadRules,SetRulesFileLanguage,Sub,,VaultDownloadRules.vb:528,none,,Deferred,legacy migrate / rules-file version management / LazWorks date-diff helper.
VaultDownloadRules.vb,VaultDownloadRules,DeleteOldVersions,Sub,,VaultDownloadRules.vb:545,none,,Deferred,legacy migrate / rules-file version management / LazWorks date-diff helper.
VaultDownloadRules.vb,VaultDownloadRules,LogRevisionNumber,Sub,,VaultDownloadRules.vb:561,none,,Deferred,legacy migrate / rules-file version management / LazWorks date-diff helper.
VaultDownloadRules.vb,VaultDownloadRules,CreateInstaller,Function,,VaultDownloadRules.vb:592,strong,vaultkeeper/core/mod_data.py | vaultkeeper/game/installer_build.py | vaultkeeper/game/wizard.py,AUTO-PORTED,
VaultDownloadRules.vb,VaultDownloadRules,IsUnsupported,Function,,VaultDownloadRules.vb:602,strong,vaultkeeper/vault/download_rules.py,AUTO-PORTED,
VaultDownloadRules.vb,VaultDownloadRules,IsValidVaultUrl,Function,,VaultDownloadRules.vb:612,none,,Ported,"domain layer ported Phase 1-5 (ModData mutators, play-data, vault scraper/rules parsing, GameMapper resolution)."
VaultDownloadRules.vb,VaultDownloadRules,ModHasWizardRule,Function,,VaultDownloadRules.vb:633,none,,Ported,"domain layer ported Phase 1-5 (ModData mutators, play-data, vault scraper/rules parsing, GameMapper resolution)."
VaultDownloadRules.vb,VaultDownloadRules,IsExcluded,Function,,VaultDownloadRules.vb:672,comment,vaultkeeper/core/mapper.py | vaultkeeper/game/installer_build.py,AUTO-PORTED,matched in comment/docstring
VaultDownloadRules.vb,VaultDownloadRules,IsDescriptionExcluded,Function,,VaultDownloadRules.vb:693,none,,Ported,"domain layer ported Phase 1-5 (ModData mutators, play-data, vault scraper/rules parsing, GameMapper resolution)."
VaultDownloadRules.vb,VaultDownloadRules,IsPrefixFilename,Function,,VaultDownloadRules.vb:722,strong,vaultkeeper/vault/download_rules.py,AUTO-PORTED,
VaultDownloadRules.vb,VaultDownloadRules,FormattedUrl,Function,,VaultDownloadRules.vb:733,strong,vaultkeeper/vault/download_rules.py,AUTO-PORTED,
VaultDownloadRules.vb,VaultDownloadRules,GetFinalUrl,Function,,VaultDownloadRules.vb:744,strong,vaultkeeper/vault/download_rules.py | vaultkeeper/vault/scraper.py,AUTO-PORTED,
VaultDownloadRules.vb,VaultDownloadRules,ProjectExists,Function,,VaultDownloadRules.vb:759,none,,Ported,"domain layer ported Phase 1-5 (ModData mutators, play-data, vault scraper/rules parsing, GameMapper resolution)."
VaultDownloadRules.vb,VaultDownloadRules,GetProjectInfo,Function,,VaultDownloadRules.vb:769,none,,Ported,"domain layer ported Phase 1-5 (ModData mutators, play-data, vault scraper/rules parsing, GameMapper resolution)."
VaultDownloadRules.vb,VaultDownloadRules,GetWizardInfo,Function,,VaultDownloadRules.vb:786,none,,Ported,"domain layer ported Phase 1-5 (ModData mutators, play-data, vault scraper/rules parsing, GameMapper resolution)."
VaultDownloadRules.vb,VaultDownloadRules,GetSeriesMods,Function,,VaultDownloadRules.vb:807,none,,Ported,"domain layer ported Phase 1-5 (ModData mutators, play-data, vault scraper/rules parsing, GameMapper resolution)."
VaultDownloadRules.vb,VaultDownloadRules,ReadFile,Sub,,VaultDownloadRules.vb:842,strong,vaultkeeper/core/formats/bic_reader.py | vaultkeeper/core/formats/gff_reader.py | vaultkeeper/core/formats/tga_reader.py,AUTO-PORTED,
VaultDownloadRules.vb,VaultDownloadRules,GetKeywordParameter,Function,,VaultDownloadRules.vb:1239,strong,vaultkeeper/vault/download_rules.py,AUTO-PORTED,
VaultDownloadRules.vb,VaultDownloadRules,GetEqualsParameter,Function,,VaultDownloadRules.vb:1250,strong,vaultkeeper/vault/download_rules.py,AUTO-PORTED,
VaultDownloadRules.vb,VaultDownloadRules,AddConditional,Sub,,VaultDownloadRules.vb:1264,none,,Ported,"domain layer ported Phase 1-5 (ModData mutators, play-data, vault scraper/rules parsing, GameMapper resolution)."
VaultDownloadRules.vb,VaultDownloadRules,AddExternalFile,Sub,,VaultDownloadRules.vb:1297,none,,Ported,"domain layer ported Phase 1-5 (ModData mutators, play-data, vault scraper/rules parsing, GameMapper resolution)."
VaultScraper.vb,VaultScraper,StatusText,Property,,VaultScraper.vb:75,strong,vaultkeeper/vault/scraper_info.py,AUTO-PORTED,
VaultScraper.vb,VaultScraper,ProjectTitle,Property,,VaultScraper.vb:94,strong,vaultkeeper/ui/controller.py | vaultkeeper/ui/dialogs/download_project.py | vaultkeeper/vault/download_rules.py,AUTO-PORTED,
VaultScraper.vb,VaultScraper,ProjectUrl,Property,,VaultScraper.vb:99,none,,Ported,"domain layer ported Phase 1-5 (ModData mutators, play-data, vault scraper/rules parsing, GameMapper resolution)."
VaultScraper.vb,VaultScraper,ModFolder,Property,,VaultScraper.vb:105,strong,vaultkeeper/core/constants.py | vaultkeeper/core/mapper.py | vaultkeeper/core/mod_data.py,AUTO-PORTED,
VaultScraper.vb,VaultScraper,Group,Property,,VaultScraper.vb:122,strong,vaultkeeper/config/settings.py | vaultkeeper/core/constants.py | vaultkeeper/core/file_key.py,Ported,DocOrganiser/ModPlayViewer/WizardBuilder core report/view/save logic (subagent+orchestrator).
VaultScraper.vb,VaultScraper,Files,Property,,VaultScraper.vb:127,strong,vaultkeeper/app_paths.py | vaultkeeper/config/settings.py | vaultkeeper/core/archive.py,AUTO-PORTED,
VaultScraper.vb,VaultScraper,RequiredProjects,Property,,VaultScraper.vb:132,none,,Ported,"domain layer ported Phase 1-5 (ModData mutators, play-data, vault scraper/rules parsing, GameMapper resolution)."
VaultScraper.vb,VaultScraper,RequiredFiles,Property,,VaultScraper.vb:137,none,,Ported,"domain layer ported Phase 1-5 (ModData mutators, play-data, vault scraper/rules parsing, GameMapper resolution)."
VaultScraper.vb,VaultScraper,ExInfo,Property,,VaultScraper.vb:142,none,,Partial,"present but bounded (title/temp-name helpers, rule accessors)."
VaultScraper.vb,VaultScraper,Errors,Property,,VaultScraper.vb:148,strong,vaultkeeper/core/formats/gff_reader.py | vaultkeeper/core/install_manager.py | vaultkeeper/game/game_backup.py,AUTO-PORTED,
VaultScraper.vb,VaultScraper,IsVaultAddress,Function,,VaultScraper.vb:161,none,,Ported,"domain layer ported Phase 1-5 (ModData mutators, play-data, vault scraper/rules parsing, GameMapper resolution)."
VaultScraper.vb,VaultScraper,New,Sub,,VaultScraper.vb:196,strong,vaultkeeper/core/hak_patch.py | vaultkeeper/core/mapper.py | vaultkeeper/core/name_edit.py,N/A,framework/designer-generated
VaultScraper.vb,VaultScraper,AdjustTempFilenames,Sub,,VaultScraper.vb:330,none,,Partial,"present but bounded (title/temp-name helpers, rule accessors)."
VaultScraper.vb,VaultScraper,RetrieveFileUrls,Sub,,VaultScraper.vb:374,none,,Ported,"domain layer ported Phase 1-5 (ModData mutators, play-data, vault scraper/rules parsing, GameMapper resolution)."
VaultScraper.vb,VaultScraper,SetDirectUrl,Sub,,VaultScraper.vb:424,strong,vaultkeeper/vault/scraper.py,AUTO-PORTED,
VaultScraper.vb,VaultScraper,UrlProgress,Sub,,VaultScraper.vb:450,none,,Divergence,UI status/progress + WinForms background-worker plumbing (CRC compute engine itself is ported in core).
VaultScraper.vb,VaultScraper,AddRequired,Sub,,VaultScraper.vb:469,none,,Ported,"domain layer ported Phase 1-5 (ModData mutators, play-data, vault scraper/rules parsing, GameMapper resolution)."
VaultScraper.vb,VaultScraper,GetWebPage,Function,,VaultScraper.vb:554,none,,Ported,"domain layer ported Phase 1-5 (ModData mutators, play-data, vault scraper/rules parsing, GameMapper resolution)."
VaultScraper.vb,VaultScraper,GetProjectTitle,Function,,VaultScraper.vb:590,none,,Ported,"domain layer ported Phase 1-5 (ModData mutators, play-data, vault scraper/rules parsing, GameMapper resolution)."
VaultScraper.vb,VaultScraper,GetUnknownTitle,Function,,VaultScraper.vb:620,none,,Partial,"present but bounded (title/temp-name helpers, rule accessors)."
VaultScraper.vb,VaultScraper,ExtractAttachments,Function,,VaultScraper.vb:640,strong,vaultkeeper/vault/scraper.py,AUTO-PORTED,
VaultScraper.vb,VaultScraper,ExtractScraperInfo,Function,,VaultScraper.vb:662,none,,Ported,"domain layer ported Phase 1-5 (ModData mutators, play-data, vault scraper/rules parsing, GameMapper resolution)."
VaultScraper.vb,VaultScraper,ExtractRequired,Function,,VaultScraper.vb:711,none,,Ported,"domain layer ported Phase 1-5 (ModData mutators, play-data, vault scraper/rules parsing, GameMapper resolution)."
VaultScraper.vb,VaultScraper,GetTable,Function,,VaultScraper.vb:739,none,,Ported,"domain layer ported Phase 1-5 (ModData mutators, play-data, vault scraper/rules parsing, GameMapper resolution)."
VaultScraper.vb,VaultScraper,ExtractLink,Function,,VaultScraper.vb:755,none,,Ported,"domain layer ported Phase 1-5 (ModData mutators, play-data, vault scraper/rules parsing, GameMapper resolution)."
VaultScraper.vb,VaultScraper,GetLinkDescription,Function,,VaultScraper.vb:781,none,,Ported,"domain layer ported Phase 1-5 (ModData mutators, play-data, vault scraper/rules parsing, GameMapper resolution)."
VaultScraper.vb,VaultScraper,Dispose,Sub,,VaultScraper.vb:793,none,,N/A,framework/designer-generated
VaultScraper.vb,VaultScraper,Dispose,Sub,,VaultScraper.vb:817,none,,N/A,framework/designer-generated
VaultScraperInfo.vb,VaultScraperInfo,ProjectTitle,Property,,VaultScraperInfo.vb:25,strong,vaultkeeper/ui/controller.py | vaultkeeper/ui/dialogs/download_project.py | vaultkeeper/vault/download_rules.py,AUTO-PORTED,
VaultScraperInfo.vb,VaultScraperInfo,Description,Property,,VaultScraperInfo.vb:30,strong,vaultkeeper/game/character_filter.py | vaultkeeper/game/character_reference.py | vaultkeeper/game/game_mapper.py,Divergence,"VB per-preference ListView-editor framework (Preferences/Config/Profiles/Locations pages, Import/Export/Reset/Undo). Bounded port = tabbed dialog + FolderMapping + status-bar profile menu. Subagent verdict: 0 MISSING user prefs (see FINDING_3_SETTINGS.md for the pref-level gap = 10 add-a-setting items)."
VaultScraperInfo.vb,VaultScraperInfo,CounterUrl,Property,,VaultScraperInfo.vb:35,strong,vaultkeeper/ui/controller.py | vaultkeeper/vault/downloader.py | vaultkeeper/vault/scraper.py,AUTO-PORTED,
VaultScraperInfo.vb,VaultScraperInfo,DirectUrl,Property,,VaultScraperInfo.vb:40,strong,vaultkeeper/ui/controller.py | vaultkeeper/vault/downloader.py | vaultkeeper/vault/scraper.py,AUTO-PORTED,
VaultScraperInfo.vb,VaultScraperInfo,Filename,Property,,VaultScraperInfo.vb:45,strong,vaultkeeper/core/constants.py | vaultkeeper/core/file_key.py | vaultkeeper/core/formats/erf_reader.py,AUTO-PORTED,
VaultScraperInfo.vb,VaultScraperInfo,LocalFilename,Property,,VaultScraperInfo.vb:55,strong,vaultkeeper/ui/controller.py | vaultkeeper/vault/downloader.py | vaultkeeper/vault/scraper_info.py,AUTO-PORTED,
VaultScraperInfo.vb,VaultScraperInfo,ByteSize,Property,,VaultScraperInfo.vb:61,strong,vaultkeeper/core/file_data.py | vaultkeeper/core/hak_patch.py | vaultkeeper/core/install_manager.py,AUTO-PORTED,
VaultScraperInfo.vb,VaultScraperInfo,Excluded,Property,,VaultScraperInfo.vb:68,strong,vaultkeeper/config/settings.py | vaultkeeper/core/mapper.py | vaultkeeper/core/profile_data.py,AUTO-PORTED,
VaultScraperInfo.vb,VaultScraperInfo,Status,Property,,VaultScraperInfo.vb:86,strong,vaultkeeper/config/settings.py | vaultkeeper/core/install_manager.py | vaultkeeper/core/log.py,Divergence,"VB per-preference ListView-editor framework (Preferences/Config/Profiles/Locations pages, Import/Export/Reset/Undo). Bounded port = tabbed dialog + FolderMapping + status-bar profile menu. Subagent verdict: 0 MISSING user prefs (see FINDING_3_SETTINGS.md for the pref-level gap = 10 add-a-setting items)."
VaultScraperInfo.vb,VaultScraperInfo,StatusText,Property,,VaultScraperInfo.vb:91,strong,vaultkeeper/vault/scraper_info.py,AUTO-PORTED,
VaultScraperInfo.vb,VaultScraperInfo,ModFolder,Property,,VaultScraperInfo.vb:102,strong,vaultkeeper/core/constants.py | vaultkeeper/core/mapper.py | vaultkeeper/core/mod_data.py,AUTO-PORTED,
VaultScraperInfo.vb,VaultScraperInfo,Group,Property,,VaultScraperInfo.vb:120,strong,vaultkeeper/config/settings.py | vaultkeeper/core/constants.py | vaultkeeper/core/file_key.py,Ported,DocOrganiser/ModPlayViewer/WizardBuilder core report/view/save logic (subagent+orchestrator).
VaultScraperInfo.vb,VaultScraperInfo,CreateInstaller,Property,,VaultScraperInfo.vb:125,strong,vaultkeeper/core/mod_data.py | vaultkeeper/game/installer_build.py | vaultkeeper/game/wizard.py,AUTO-PORTED,
VaultScraperInfo.vb,VaultScraperInfo,New,Sub,,VaultScraperInfo.vb:134,strong,vaultkeeper/core/hak_patch.py | vaultkeeper/core/mapper.py | vaultkeeper/core/name_edit.py,N/A,framework/designer-generated
VaultScraperInfo.vb,VaultScraperInfo,New,Sub,,VaultScraperInfo.vb:148,strong,vaultkeeper/core/hak_patch.py | vaultkeeper/core/mapper.py | vaultkeeper/core/name_edit.py,N/A,framework/designer-generated
VaultScraperInfo.vb,VaultScraperInfo,New,Sub,,VaultScraperInfo.vb:179,strong,vaultkeeper/core/hak_patch.py | vaultkeeper/core/mapper.py | vaultkeeper/core/name_edit.py,N/A,framework/designer-generated
VaultScraperInfo.vb,VaultScraperInfo,SetDirectUrl,Sub,,VaultScraperInfo.vb:191,strong,vaultkeeper/vault/scraper.py,AUTO-PORTED,
VaultScraperInfo.vb,VaultScraperInfo,SetNewDirectUrl,Sub,,VaultScraperInfo.vb:211,none,,GAP?,
VaultScraperInfo.vb,VaultScraperInfo,SetFilename,Sub,,VaultScraperInfo.vb:248,none,,GAP?,
WizardBuilder.vb,WizardBuilder,ShowDialog,Function,,WizardBuilder.vb:88,strong,vaultkeeper/ui/dialogs/about.py | vaultkeeper/ui/dialogs/classes_skills_feats.py | vaultkeeper/ui/main_window.py,Ported,DocOrganiser/ModPlayViewer/WizardBuilder core report/view/save logic (subagent+orchestrator).
WizardBuilder.vb,WizardBuilder,WizardBuilder_Load,Sub,MyBase.Load,WizardBuilder.vb:128,none,,Divergence,"WinForms lifecycle/event/virtual-list/bg-worker + bounded-viewer extras (owner-confirm: ModPlayViewer end-level filter/recent, DocOrganiser rtf/properties)."
WizardBuilder.vb,WizardBuilder,WizardBuilder_Shown,Sub,Me.Shown,WizardBuilder.vb:246,none,,Divergence,"WinForms lifecycle/event/virtual-list/bg-worker + bounded-viewer extras (owner-confirm: ModPlayViewer end-level filter/recent, DocOrganiser rtf/properties)."
WizardBuilder.vb,WizardBuilder,LvFiles_ColumnHeaderHeightChanged,Sub,LvFiles.ColumnHeaderHeightChanged,WizardBuilder.vb:267,none,,Divergence,"WinForms lifecycle/event/virtual-list/bg-worker + bounded-viewer extras (owner-confirm: ModPlayViewer end-level filter/recent, DocOrganiser rtf/properties)."
WizardBuilder.vb,WizardBuilder,WizardBuilder_Resize,Sub,Me.Resize,WizardBuilder.vb:289,none,,Divergence,"WinForms lifecycle/event/virtual-list/bg-worker + bounded-viewer extras (owner-confirm: ModPlayViewer end-level filter/recent, DocOrganiser rtf/properties)."
WizardBuilder.vb,WizardBuilder,BnView_MenuItemChecked,Sub,BnView.MenuItemChecked,WizardBuilder.vb:304,none,,Divergence,"WinForms lifecycle/event/virtual-list/bg-worker + bounded-viewer extras (owner-confirm: ModPlayViewer end-level filter/recent, DocOrganiser rtf/properties)."
WizardBuilder.vb,WizardBuilder,LvOneAndMany_KeyDown,Sub,"LvSelectOne.KeyDown, LvSelectMany.KeyDown",WizardBuilder.vb:334,none,,Divergence,"WinForms lifecycle/event/virtual-list/bg-worker + bounded-viewer extras (owner-confirm: ModPlayViewer end-level filter/recent, DocOrganiser rtf/properties)."
WizardBuilder.vb,WizardBuilder,Lv_SelectedIndexChanged,Sub,"LvSelectOne.SelectedIndexChanged, LvSelectMany.SelectedIndexChanged",WizardBuilder.vb:347,none,,Divergence,"WinForms lifecycle/event/virtual-list/bg-worker + bounded-viewer extras (owner-confirm: ModPlayViewer end-level filter/recent, DocOrganiser rtf/properties)."
WizardBuilder.vb,WizardBuilder,Lv_GotFocus,Sub,"LvSelectOne.GotFocus, LvSelectMany.GotFocus, LvExcludes.GotFocus",WizardBuilder.vb:357,none,,Divergence,"WinForms lifecycle/event/virtual-list/bg-worker + bounded-viewer extras (owner-confirm: ModPlayViewer end-level filter/recent, DocOrganiser rtf/properties)."
WizardBuilder.vb,WizardBuilder,DisplayName,Sub,,WizardBuilder.vb:375,strong,vaultkeeper/game/character.py | vaultkeeper/game/editions.py | vaultkeeper/game/workshop.py,Partial,"WizardBuilder transfer/display + GameManager archive/restore/activate/deactivate/delete actions (core ported, VB wiring divergent)."
WizardBuilder.vb,WizardBuilder,LbDisplayName_Click,Sub,LbDisplayName.Click,WizardBuilder.vb:397,none,,Divergence,"WinForms lifecycle/event/virtual-list/bg-worker + bounded-viewer extras (owner-confirm: ModPlayViewer end-level filter/recent, DocOrganiser rtf/properties)."
WizardBuilder.vb,WizardBuilder,TxDisplayName_MouseEnter,Sub,TxDisplayName.MouseEnter,WizardBuilder.vb:414,none,,Divergence,"WinForms lifecycle/event/virtual-list/bg-worker + bounded-viewer extras (owner-confirm: ModPlayViewer end-level filter/recent, DocOrganiser rtf/properties)."
WizardBuilder.vb,WizardBuilder,TxDisplayName_MouseLeave,Sub,TxDisplayName.MouseLeave,WizardBuilder.vb:426,none,,Divergence,"WinForms lifecycle/event/virtual-list/bg-worker + bounded-viewer extras (owner-confirm: ModPlayViewer end-level filter/recent, DocOrganiser rtf/properties)."
WizardBuilder.vb,WizardBuilder,TxDisplayName_GotFocus,Sub,TxDisplayName.GotFocus,WizardBuilder.vb:438,none,,Divergence,"WinForms lifecycle/event/virtual-list/bg-worker + bounded-viewer extras (owner-confirm: ModPlayViewer end-level filter/recent, DocOrganiser rtf/properties)."
WizardBuilder.vb,WizardBuilder,TxDisplayName_LostFocus,Sub,TxDisplayName.LostFocus,WizardBuilder.vb:453,none,,Divergence,"WinForms lifecycle/event/virtual-list/bg-worker + bounded-viewer extras (owner-confirm: ModPlayViewer end-level filter/recent, DocOrganiser rtf/properties)."
WizardBuilder.vb,WizardBuilder,IncreaseDisplayNameWidth,Sub,,WizardBuilder.vb:487,none,,Divergence,"WinForms lifecycle/event/virtual-list/bg-worker + bounded-viewer extras (owner-confirm: ModPlayViewer end-level filter/recent, DocOrganiser rtf/properties)."
WizardBuilder.vb,WizardBuilder,RestoreDisplayNameWidth,Sub,,WizardBuilder.vb:507,none,,Divergence,"WinForms lifecycle/event/virtual-list/bg-worker + bounded-viewer extras (owner-confirm: ModPlayViewer end-level filter/recent, DocOrganiser rtf/properties)."
WizardBuilder.vb,WizardBuilder,TxDisplayName_KeyUp,Sub,TxDisplayName.KeyDown,WizardBuilder.vb:530,none,,Divergence,"WinForms lifecycle/event/virtual-list/bg-worker + bounded-viewer extras (owner-confirm: ModPlayViewer end-level filter/recent, DocOrganiser rtf/properties)."
WizardBuilder.vb,WizardBuilder,TxDisplayName_KeyPress,Sub,TxDisplayName.KeyPress,WizardBuilder.vb:541,none,,Divergence,"WinForms lifecycle/event/virtual-list/bg-worker + bounded-viewer extras (owner-confirm: ModPlayViewer end-level filter/recent, DocOrganiser rtf/properties)."
WizardBuilder.vb,WizardBuilder,BhWizardBuilder_Click,Sub,BhWizardBuilder.Click,WizardBuilder.vb:572,none,,Divergence,"WinForms lifecycle/event/virtual-list/bg-worker + bounded-viewer extras (owner-confirm: ModPlayViewer end-level filter/recent, DocOrganiser rtf/properties)."
WizardBuilder.vb,WizardBuilder,BtAddRemove_Click,Sub,"BtAddOne.Click, BtRemoveOne.Click, BtAddMany.Click, BtRemoveMany.Click,",WizardBuilder.vb:589,none,,Partial,"WizardBuilder transfer/display + GameManager archive/restore/activate/deactivate/delete actions (core ported, VB wiring divergent)."
WizardBuilder.vb,WizardBuilder,BtAddAll_Click,Sub,"BtAddAllOne.Click, BtAddAllMany.Click, BtAddAllExclude.Click",WizardBuilder.vb:613,none,,Partial,"WizardBuilder transfer/display + GameManager archive/restore/activate/deactivate/delete actions (core ported, VB wiring divergent)."
WizardBuilder.vb,WizardBuilder,BtSave_Click,Sub,BtSave.Click,WizardBuilder.vb:632,strong,vaultkeeper/ui/controller.py,Ported,DocOrganiser/ModPlayViewer/WizardBuilder core report/view/save logic (subagent+orchestrator).
WizardBuilder.vb,WizardBuilder,BtCancel_Click,Sub,BtCancel.Click,WizardBuilder.vb:697,none,,Divergence,WinForms event/progress/UI plumbing refactored into controller/vault + bounded viewer (search/copy-paste/nav). Owner-confirm candidates: StartScreen export/copy-paste/search.
WizardBuilder.vb,WizardBuilder,BtDelete_Click,Sub,BtDelete.Click,WizardBuilder.vb:707,none,,Partial,"WizardBuilder transfer/display + GameManager archive/restore/activate/deactivate/delete actions (core ported, VB wiring divergent)."
WizardBuilder.vb,WizardBuilder,PopulateFiles,Sub,,WizardBuilder.vb:726,strong,vaultkeeper/ui/controller.py | vaultkeeper/ui/dialogs/download_project.py,Ported,DocOrganiser/ModPlayViewer/WizardBuilder core report/view/save logic (subagent+orchestrator).
WizardBuilder.vb,WizardBuilder,FileThresholdCancel,Function,,WizardBuilder.vb:800,none,,Deferred,ModFindAndRename (dead MsFindAndRename) + DocOrganiser Properties/Reset + wizard file-threshold.
WizardBuilder.vb,WizardBuilder,RefreshFiles,Sub,,WizardBuilder.vb:823,strong,vaultkeeper/ui/controller.py,Ported,DocOrganiser/ModPlayViewer/WizardBuilder core report/view/save logic (subagent+orchestrator).
WizardBuilder.vb,WizardBuilder,AddLvItem,Sub,,WizardBuilder.vb:858,none,,Partial,"WizardBuilder transfer/display + GameManager archive/restore/activate/deactivate/delete actions (core ported, VB wiring divergent)."
WizardBuilder.vb,WizardBuilder,AddMany,Sub,,WizardBuilder.vb:878,none,,Partial,"WizardBuilder transfer/display + GameManager archive/restore/activate/deactivate/delete actions (core ported, VB wiring divergent)."
WizardBuilder.vb,WizardBuilder,MoveItems,Sub,,WizardBuilder.vb:904,strong,vaultkeeper/ui/dialogs/wizard_builder.py,Ported,DocOrganiser/ModPlayViewer/WizardBuilder core report/view/save logic (subagent+orchestrator).
WizardBuilder.vb,WizardBuilder,DisplayNameExists,Function,,WizardBuilder.vb:1047,none,,Partial,"WizardBuilder transfer/display + GameManager archive/restore/activate/deactivate/delete actions (core ported, VB wiring divergent)."
WizardBuilder.vb,WizardBuilder,SetButtonStates,Sub,,WizardBuilder.vb:1061,none,,Divergence,"WinForms lifecycle/event/virtual-list/bg-worker + bounded-viewer extras (owner-confirm: ModPlayViewer end-level filter/recent, DocOrganiser rtf/properties)."
WizardBuilder.vb,WizardBuilder,ProcessCmdKey,Function,,WizardBuilder.vb:1085,none,,Divergence,"bounded read-only viewer port: VB filters/navigation/editors/bg-workers/Windows-shell handlers intentionally not ported (PARITY.md recurring pattern). SOME are owner-confirm candidates: ModExplorer filter subsystem, PortraitManager prev/next navigation."
WizardInfo.vb,WizardInfo,ModName,Property,,WizardInfo.vb:55,strong,vaultkeeper/core/change_data.py | vaultkeeper/core/file_key.py | vaultkeeper/core/install_manager.py,Ported,DocOrganiser/ModPlayViewer/WizardBuilder core report/view/save logic (subagent+orchestrator).
WizardInfo.vb,WizardInfo,Title,Property,,WizardInfo.vb:61,strong,vaultkeeper/core/formats/bic_reader.py | vaultkeeper/game/character.py | vaultkeeper/game/documentation.py,AUTO-PORTED,
WizardInfo.vb,WizardInfo,ExtractArchives,Property,,WizardInfo.vb:80,strong,vaultkeeper/game/wizard.py | vaultkeeper/ui/controller.py | vaultkeeper/ui/dialogs/wizard_builder.py,AUTO-PORTED,
WizardInfo.vb,WizardInfo,SelectOneText,Property,,WizardInfo.vb:86,strong,vaultkeeper/game/wizard.py | vaultkeeper/ui/controller.py | vaultkeeper/ui/dialogs/wizard_builder.py,AUTO-PORTED,
WizardInfo.vb,WizardInfo,SelectOne,Property,,WizardInfo.vb:104,strong,vaultkeeper/game/installer_build.py | vaultkeeper/game/wizard.py | vaultkeeper/ui/controller.py,AUTO-PORTED,
WizardInfo.vb,WizardInfo,SelectManyText,Property,,WizardInfo.vb:110,strong,vaultkeeper/game/wizard.py | vaultkeeper/ui/controller.py | vaultkeeper/ui/dialogs/wizard_builder.py,AUTO-PORTED,
WizardInfo.vb,WizardInfo,SelectMany,Property,,WizardInfo.vb:130,strong,vaultkeeper/game/installer_build.py | vaultkeeper/game/wizard.py | vaultkeeper/ui/controller.py,AUTO-PORTED,
WizardInfo.vb,WizardInfo,InstallerExcludes,Property,,WizardInfo.vb:135,strong,vaultkeeper/game/wizard.py | vaultkeeper/ui/controller.py,AUTO-PORTED,
WizardInfo.vb,WizardInfo,RunWizard,Property,,WizardInfo.vb:140,strong,vaultkeeper/game/installer_build.py | vaultkeeper/game/wizard.py | vaultkeeper/ui/controller.py,AUTO-PORTED,
WizardInfo.vb,WizardInfo,SuppressWizardCreation,Property,,WizardInfo.vb:149,strong,vaultkeeper/game/wizard.py | vaultkeeper/ui/controller.py,AUTO-PORTED,
WizardInfo.vb,WizardInfo,ArchiveList,Property,,WizardInfo.vb:154,strong,vaultkeeper/game/wizard.py,AUTO-PORTED,
WizardInfo.vb,WizardInfo,ExtractedArchives,Property,,WizardInfo.vb:159,strong,vaultkeeper/game/wizard.py | vaultkeeper/ui/controller.py,AUTO-PORTED,
WizardInfo.vb,WizardInfo,New,Sub,,WizardInfo.vb:166,strong,vaultkeeper/core/hak_patch.py | vaultkeeper/core/mapper.py | vaultkeeper/core/name_edit.py,N/A,framework/designer-generated
WizardInfo.vb,WizardInfo,Load,Function,,WizardInfo.vb:182,strong,vaultkeeper/config/settings.py | vaultkeeper/core/formats/tga_reader.py | vaultkeeper/core/hak_patch.py,AUTO-PORTED,
WizardInfo.vb,WizardInfo,AddSelectOne,Sub,,WizardInfo.vb:279,strong,vaultkeeper/game/wizard.py,AUTO-PORTED,
WizardInfo.vb,WizardInfo,GetItemInfo,Function,,WizardInfo.vb:292,strong,vaultkeeper/game/wizard.py,AUTO-PORTED,
WizardInfo.vb,WizardInfo,AddSelectMany,Sub,,WizardInfo.vb:312,strong,vaultkeeper/game/wizard.py,AUTO-PORTED,
WizardInfo.vb,WizardInfo,Save,Function,,WizardInfo.vb:327,strong,vaultkeeper/config/settings.py | vaultkeeper/core/change_data.py | vaultkeeper/core/install_manager.py,AUTO-PORTED,
WizardInfo.vb,WizardInfo,Delete,Sub,,WizardInfo.vb:352,strong,vaultkeeper/config/settings.py | vaultkeeper/core/file_ops.py | vaultkeeper/core/fs.py,AUTO-PORTED,
WizardInfo.vb,WizardInfo,IsExtractedFile,Function,,WizardInfo.vb:368,strong,vaultkeeper/game/wizard.py | vaultkeeper/ui/controller.py,AUTO-PORTED,
WizardInfo.vb,WizardInfo,Validate,Function,,WizardInfo.vb:394,strong,vaultkeeper/core/mod_data.py | vaultkeeper/core/name_edit.py | vaultkeeper/game/character_filter.py,AUTO-PORTED,
WizardInfo.vb,WizardInfo,ScanFiles,Sub,,WizardInfo.vb:449,strong,vaultkeeper/game/wizard.py | vaultkeeper/ui/controller.py,AUTO-PORTED,
WizardInfo.vb,WizardInfo,ProcessArchive,Sub,,WizardInfo.vb:527,strong,vaultkeeper/game/wizard.py | vaultkeeper/ui/controller.py,AUTO-PORTED,
WizardInfo.vb,WizardInfo,ProcessArchiveFolder,Sub,,WizardInfo.vb:571,strong,vaultkeeper/game/wizard.py,AUTO-PORTED,
WizardInfo.vb,WizardInfo,ProcessSubFolder,Sub,,WizardInfo.vb:588,strong,vaultkeeper/game/wizard.py,AUTO-PORTED,
WizardInfo.vb,WizardInfo,ConvertToText,Function,,WizardInfo.vb:607,strong,vaultkeeper/game/wizard.py,AUTO-PORTED,
WorkshopNameEditor.vb,WorkshopNameEditor,ModFolderName,Property,,WorkshopNameEditor.vb:34,comment,vaultkeeper/game/workshop.py,AUTO-PORTED,matched in comment/docstring
WorkshopNameEditor.vb,WorkshopNameEditor,ShowDialog,Function,,WorkshopNameEditor.vb:51,strong,vaultkeeper/ui/dialogs/about.py | vaultkeeper/ui/dialogs/classes_skills_feats.py | vaultkeeper/ui/main_window.py,Ported,DocOrganiser/ModPlayViewer/WizardBuilder core report/view/save logic (subagent+orchestrator).
WorkshopNameEditor.vb,WorkshopNameEditor,WorkshopIdName_Load,Sub,MyBase.Load,WorkshopNameEditor.vb:60,none,,GAP?,
WorkshopNameEditor.vb,WorkshopNameEditor,WorkshopIdName_Shown,Sub,Me.Shown,WorkshopNameEditor.vb:103,none,,GAP?,
WorkshopNameEditor.vb,WorkshopNameEditor,OnClosing,Sub,,WorkshopNameEditor.vb:115,none,,N/A,framework/designer-generated
WorkshopNameEditor.vb,WorkshopNameEditor,FvWorkshop_ItemClicked,Sub,FvWorkshop.ItemClicked,WorkshopNameEditor.vb:129,none,,GAP?,
WorkshopNameEditor.vb,WorkshopNameEditor,TxModName_KeyPress,Sub,TxModName.KeyPress,WorkshopNameEditor.vb:139,none,,GAP?,
WorkshopNameEditor.vb,WorkshopNameEditor,TxModName_TextChanged,Sub,TxModName.TextChanged,WorkshopNameEditor.vb:149,none,,Divergence,WinForms event/progress/UI plumbing refactored into controller/vault + bounded viewer (search/copy-paste/nav). Owner-confirm candidates: StartScreen export/copy-paste/search.
WorkshopNameEditor.vb,WorkshopNameEditor,BtApply_Click,Sub,BtApply.Click,WorkshopNameEditor.vb:163,strong,vaultkeeper/ui/dialogs/character_filter.py,Deferred,ModFindAndRename (dead MsFindAndRename) + DocOrganiser Properties/Reset + wizard file-threshold.
WorkshopNameEditor.vb,WorkshopNameEditor,ErrorMessage,Sub,,WorkshopNameEditor.vb:206,strong,vaultkeeper/core/formats/bic_reader.py | vaultkeeper/game/character.py,AUTO-PORTED,
WorkshopNameEditor.vb,WorkshopNameEditor,ProcessCmdKey,Function,,WorkshopNameEditor.vb:218,none,,Divergence,"bounded read-only viewer port: VB filters/navigation/editors/bg-workers/Windows-shell handlers intentionally not ported (PARITY.md recurring pattern). SOME are owner-confirm candidates: ModExplorer filter subsystem, PortraitManager prev/next navigation."
WorkshopViewer.vb,WorkshopViewer,WorkshopViewer_Load,Sub,MyBase.Load,WorkshopViewer.vb:30,none,,Divergence,WinForms lifecycle/event/virtual-list/background-worker/mouse-hover plumbing.
WorkshopViewer.vb,WorkshopViewer,PopulateWorkshop,Sub,,WorkshopViewer.vb:98,strong,vaultkeeper/ui/controller.py,Divergence,WinForms lifecycle/event/virtual-list/background-worker/mouse-hover plumbing.
WorkshopViewer.vb,WorkshopViewer,WorkshopViewer_Shown,Sub,Me.Shown,WorkshopViewer.vb:152,none,,Divergence,WinForms lifecycle/event/virtual-list/background-worker/mouse-hover plumbing.
WorkshopViewer.vb,WorkshopViewer,BhWorkshop_Click,Sub,BhWorkshop.Click,WorkshopViewer.vb:163,none,,Divergence,WinForms lifecycle/event/virtual-list/background-worker/mouse-hover plumbing.
WorkshopViewer.vb,WorkshopViewer,BtRefresh_Click,Sub,BtRefresh.Click,WorkshopViewer.vb:174,none,,Divergence,WinForms lifecycle/virtual-list/shell-integration/key plumbing.
WorkshopViewer.vb,WorkshopViewer,LvWorkshop_SelectedIndexChanged,Sub,LvWorkshop.SelectedIndexChanged,WorkshopViewer.vb:190,none,,Ported,"port view/domain layer (details/contents/status/paste/recent/profile views, hak-patch, play-data viewer, find-files, conflicts, workshop, publish)."
WorkshopViewer.vb,WorkshopViewer,LvWorkshop_ItemClicked,Sub,LvWorkshop.ItemClicked,WorkshopViewer.vb:205,none,,Divergence,WinForms lifecycle/event/virtual-list/background-worker/mouse-hover plumbing.
WorkshopViewer.vb,WorkshopViewer,CmCopyMapIdRule_Click,Sub,CmCopyMapIdRule.Click,WorkshopViewer.vb:221,none,,Deferred,BackupManager + NetworkManager shared-store/sync + SlideShow + find-rename + original-restorers + prefix editor + legacy migrate.
WorkshopViewer.vb,WorkshopViewer,ProcessCmdKey,Function,,WorkshopViewer.vb:232,none,,Divergence,"bounded read-only viewer port: VB filters/navigation/editors/bg-workers/Windows-shell handlers intentionally not ported (PARITY.md recurring pattern). SOME are owner-confirm candidates: ModExplorer filter subsystem, PortraitManager prev/next navigation."
